lat,lon,mean_ALD_hist,mean_ALD_future_medium,mean_ALD_future_high
62.682,-147.53268,0.592249298,0.783812989,0.983812989
62.68213,-144.53275,1.00489162,1.51520209,1.71520209
62.68214,-148.16132,0.441783242,0.585475241,0.785475241
62.68298,-146.42998,0.680284247,0.887844369,1.087844369
62.68371,-146.98134,0.672288084,0.919570458,1.119570458
62.68505,-145.00702,0.827135459,1.172170863,1.372170863
62.68549,-145.95569,0.787016506,1.12824782,1.32824782
62.68616,-145.48135,0.756666847,1.070238985,1.270238985
62.68639,-148.23874,0.410921379,0.551473724,0.751473724
62.68663,-147.61002,0.572686444,0.775175512,0.975175512
63.37933,-148.37772,0.559664213,0.756760609,0.956760609
63.38023,-147.73199,0.55504765,0.749211174,0.949211174
63.3804,-146.03287,0,0.295649286,0.495649286
63.38046,-145.05846,0.276692277,0.529710701,0.729710701
63.38136,-145.54565,0.256138273,0.477051037,0.677051037
63.38279,-147.16562,0.564801739,0.758586649,0.958586649
63.38284,-146.59921,0,0.189738146,0.389738146
63.38344,-148.45728,0.552143523,0.765984478,0.965984478
63.38417,-144.6501,0.601135158,0.797051751,0.997051751
63.38475,-147.81145,0.556494395,0.760112561,0.960112561
63.84473,-146.44431,0.741457339,0.946484846,1.146484846
63.84534,-147.02109,0.800751038,1.054716318,1.254716318
63.8466,-144.95572,1.251090756,1.83633921,2.03633921
63.84724,-145.94815,1.214943713,1.706755938,1.906755938
63.84731,-148.33646,0.439275417,0.613635209,0.813635209
63.84787,-145.45193,1.264152114,1.910889618,2.110889618
63.848,-147.67874,0.347054596,0.50529352,0.70529352
63.84998,-144.53981,1.008377109,1.46614539,1.66614539
63.85005,-146.52498,0.723675353,0.946777113,1.146777113
63.85031,-147.10188,0.822901119,1.082851349,1.282851349
63.04727,-144.5446,0.558642624,0.767980549,0.967980549
63.04774,-146.46852,0.594778087,0.805882476,1.005882476
63.04829,-147.02763,0.527417871,0.70895069,0.90895069
63.05015,-145.02554,0.42813056,0.617068879,0.817068879
63.0504,-145.98758,0.607486533,0.844910469,1.044910469
63.05042,-148.30269,0.433204717,0.615168237,0.815168237
63.05096,-147.66513,0.521877065,0.732169942,0.932169942
63.05119,-145.50656,0.562353777,0.760988289,0.960988289
63.05304,-146.54672,0.539237688,0.718559578,0.918559578
63.05324,-147.10596,0.445140466,0.613233263,0.813233263
63.58633,-144.89529,0.914911397,1.246484537,1.446484537
63.5875,-145.87759,1.484186663,2.457224517,2.657224517
63.58785,-145.38641,0.647130919,0.870263582,1.070263582
63.58908,-148.24164,0.630275339,0.884171643,1.084171643
63.5893,-147.59059,0.01667159,0.348147277,0.548147277
63.59063,-146.44855,0,0.242230316,0.442230316
63.59122,-147.01958,0,0.018193832,0.218193832
63.59261,-144.97479,0.716943008,0.92825365,1.12825365
63.59316,-145.95734,1.149695565,1.835814505,2.035814505
63.59329,-148.32184,0.512545616,0.707490549,0.907490549
63.49921,-147.29216,0.096337164,0.36271755,0.56271755
63.49931,-145.66476,0,0.292870421,0.492870421
63.49981,-146.72316,0,0.257899749,0.457899749
63.50052,-147.94092,0.303803632,0.50094696,0.70094696
63.50251,-148.66963,0.338134636,0.521844941,0.721844941
63.50296,-144.76506,0.687657702,0.958853603,1.158853603
63.5034,-146.23372,0.15544259,0.395693968,0.595693968
63.504,-147.37192,0.188356433,0.443137666,0.643137666
63.5049,-148.0208,0.347223233,0.539789193,0.739789193
63.50496,-146.80281,0.103565864,0.376242597,0.576242597
63.56721,-144.657,0.552044975,0.731493831,0.931493831
63.56733,-147.84102,0.359772681,0.574873095,0.774873095
63.56887,-146.12938,0.504149065,0.680112436,0.880112436
63.56963,-145.14777,0.217621684,0.383457881,0.583457881
63.56991,-148.57164,0.518729692,0.700836971,0.900836971
63.57019,-145.63858,0.367390931,0.558740504,0.758740504
63.57037,-147.27051,0,0.160195371,0.360195371
63.57088,-146.69992,0,0,0.2
63.57178,-147.92108,0.50923029,0.731699462,0.931699462
63.57363,-144.73639,0.642621193,0.842633025,1.042633025
63.82388,-148.58876,0.517802756,0.715848392,0.915848392
63.82421,-145.62619,1.038464046,1.43025535,1.63025535
63.82447,-147.27454,0.621746436,0.822866954,1.022866954
63.82498,-146.69821,0.41893371,0.587349681,0.787349681
63.82582,-147.93167,0.602030034,0.810181151,1.010181151
63.82756,-144.71494,1.360395162,2.061166378,2.261166378
63.82787,-148.66977,0.614611437,0.865315548,1.065315548
63.82846,-146.20247,0.792819269,1.04778509,1.24778509
63.82928,-147.35532,0.752378435,1.029304184,1.229304184
63.82977,-145.21075,1.417556774,2.005749707,2.205749707
63.92649,-146.58179,0.838011329,1.102221052,1.302221052
63.92704,-148.48001,0.603159334,0.832599834,1.032599834
63.92721,-144.59058,1.021507085,1.450673882,1.650673882
63.92842,-147.82022,0.857648154,1.272996056,1.472996056
63.92953,-146.08405,0.99233623,1.383010819,1.583010819
63.92989,-145.08835,1.24183721,1.807517888,2.007517888
63.93066,-145.5862,1.31428342,1.988280633,2.188280633
63.93109,-148.56134,0.733491932,1.056586462,1.256586462
63.93135,-147.24153,0.717973687,0.921615103,1.121615103
63.93174,-146.66277,0.876131782,1.188907113,1.388907113
63.08651,-147.65503,0.515843756,0.703265633,0.903265633
63.08652,-145.4935,0.542254751,0.745182688,0.945182688
63.08851,-146.5351,0.537390072,0.73247074,0.93247074
63.08873,-147.09508,0.306515623,0.471857172,0.671857172
63.08904,-144.60811,0.472840731,0.656219708,0.856219708
63.09018,-148.3721,0.403154062,0.582478053,0.782478053
63.09106,-147.73358,0.479905131,0.664049858,0.864049858
63.09139,-146.05338,0.535909247,0.724325335,0.924325335
63.09163,-145.08983,0.387328885,0.584167107,0.784167107
63.09242,-145.57161,0.511910482,0.717203291,0.917203291
63.06701,-146.22202,0.492260296,0.68582465,0.88582465
63.06778,-147.34109,0.523850678,0.748610205,0.948610205
63.06856,-145.25935,0.518770043,0.715545847,0.915545847
63.06863,-146.78156,0.527872781,0.73027131,0.93027131
63.0687,-145.74069,0.510119527,0.706279455,0.906279455
63.06887,-147.97908,0.406871514,0.586779285,0.786779285
63.0707,-148.69569,0.388091929,0.57230577,0.77230577
63.07246,-146.30023,0.47020255,0.663927163,0.863927163
63.07254,-147.41954,0.594156728,0.84388515,1.04388515
63.07291,-144.85593,0.507904316,0.676846285,0.876846285
63.7008,-147.63963,0.267355174,0.4923285,0.6923285
63.70205,-144.51895,1.658384787,2.437340479,2.637340479
63.70253,-146.49257,0.640965515,0.837010426,1.037010426
63.70295,-147.06613,0.474616017,0.677480843,0.877480843
63.70451,-148.3741,0.701685001,0.9488421,1.1488421
63.705,-145.0123,1.054492976,1.50799911,1.70799911
63.70523,-145.99921,1.327624907,1.919117088,2.119117088
63.70538,-147.72009,0.350043019,0.564766244,0.764766244
63.70607,-145.50574,0.688936721,0.941445869,1.141445869
63.70783,-146.57281,0.69057136,0.905573596,1.105573596
63.55343,-148.25111,0.448449439,0.644425712,0.844425712
63.55368,-147.60098,0,0.157391179,0.357391179
63.5551,-146.46054,0,0,0.2
63.55566,-147.03076,0,0.24212574,0.44212574
63.55724,-144.98883,0.565997085,0.72497899,0.92497899
63.55762,-148.33121,0.392205304,0.574857854,0.774857854
63.5577,-145.97,0.912773536,1.433804476,1.633804476
63.55828,-147.68097,0,0.266214989,0.466214989
63.55841,-145.47942,0.341605414,0.538557895,0.738557895
63.56041,-146.5403,0,0,0.2
63.07323,-148.05765,0.426471186,0.607648231,0.807648231
63.07373,-146.85989,0.553824051,0.760618099,0.960618099
63.07444,-145.81882,0.524125201,0.734333709,0.934333709
63.07459,-145.33737,0.488490025,0.672262647,0.872262647
63.07462,-148.77435,0.321929015,0.503026206,0.703026206
63.07724,-147.49802,0.687768518,0.990691401,1.190691401
63.07754,-148.13622,0.444054471,0.630834677,0.830834677
63.07786,-146.37848,0.498902068,0.69585657,0.89585657
63.07878,-146.93826,0.552883482,0.74943653,0.94943653
63.0792,-144.93387,0.49247421,0.661976451,0.861976451
64.00162,-145.55934,1.238708941,1.848314303,2.048314303
64.00258,-148.54294,0.817225947,1.253111497,1.453111497
64.00266,-147.21938,0.667949507,0.903733271,1.103733271
64.00291,-146.63896,0.664964026,0.858633501,1.058633501
64.0043,-147.88115,0.634598055,0.826382051,1.026382051
64.00449,-144.64165,1.359657979,2.037305924,2.237305924
64.00616,-146.13969,0.937776208,1.261151707,1.461151707
64.00659,-148.62451,0.844872113,1.260513846,1.460513846
64.00696,-145.14096,1.298981375,1.934152364,2.134152364
64.0075,-145.64032,1.245312396,1.868513867,2.068513867
63.94602,-146.32677,0.864072953,1.112306149,1.312306149
63.94649,-144.83221,1.225383355,1.799920274,1.999920274
63.94716,-146.90588,0.820046357,1.041992575,1.241992575
63.94809,-145.8286,1.237256272,1.812786907,2.012786907
63.94824,-145.3304,1.264087952,1.861096122,2.061096122
63.95027,-148.22658,0.586085695,0.808721617,1.008721617
63.95037,-147.56619,0.474880362,0.641761409,0.841761409
63.95143,-146.40775,0.837385796,1.068896872,1.268896872
63.9522,-146.98697,0.814026845,1.034537997,1.234537997
63.95281,-144.91286,1.189014698,1.715066667,1.915066667
63.78287,-145.55916,0.80405443,1.125002382,1.325002382
63.78397,-147.20485,0.31395499,0.456354534,0.656354534
63.78413,-148.51698,0.548298711,0.751884108,0.951884108
63.7842,-146.62946,0.474321728,0.643670727,0.843670727
63.78571,-147.86092,0.410735295,0.574747054,0.774747054
63.78576,-144.64938,1.250989949,1.832908731,2.032908731
63.78742,-146.13449,0.835330593,1.084548674,1.284548674
63.78816,-148.59784,0.554370093,0.772074664,0.972074664
63.78819,-145.14439,1.25934177,1.735040432,1.935040432
63.78875,-145.63945,0.991386574,1.396810178,1.596810178
63.70787,-147.14648,0.476897885,0.681791508,0.881791508
63.70856,-144.59872,1.798797487,2.579385903,2.779385903
63.70864,-148.45468,0.675711274,0.891771915,1.091771915
63.70991,-147.80057,0.459294771,0.651709407,0.851709407
63.71083,-146.07933,0.889169491,1.207237168,1.407237168
63.71121,-145.09222,0.982478488,1.334120013,1.534120013
63.71198,-145.58578,0.806315211,1.11887937,1.31887937
63.71271,-148.53531,0.597580786,0.777440099,0.977440099
63.71276,-147.22687,0.279668971,0.463041496,0.663041496
63.71307,-146.65308,0.645286268,0.846864616,1.046864616
63.39247,-147.3244,0.490172839,0.66392266,0.86392266
63.39275,-145.21631,0,0.175234644,0.375234644
63.39305,-145.70375,0.684094867,0.950882064,1.150882064
63.39323,-146.75777,0.070937059,0.367641717,0.567641717
63.39363,-147.97046,0.492951179,0.682302008,0.882302008
63.39548,-148.69614,0.59942231,0.792948255,0.992948255
63.39697,-144.80779,0.169410608,0.379535206,0.579535206
63.39697,-146.27036,0,0.116094772,0.316094772
63.39725,-147.40384,0.461571985,0.644432333,0.844432333
63.39799,-148.05002,0.458170971,0.652691772,0.852691772
63.69389,-145.83902,1.035252179,1.556830578,1.756830578
63.69412,-145.34579,0.475300655,0.615651037,0.815651037
63.69612,-148.213,0.482487691,0.669347419,0.869347419
63.69617,-147.55922,0.133246959,0.380676142,0.580676142
63.69719,-146.41237,0.677471199,0.8869823,1.0869823
63.69796,-146.98581,0.342859749,0.533963948,0.733963948
63.69874,-144.93243,0.958190597,1.413017925,1.613017925
63.69958,-145.9191,1.44412481,2.115016914,2.315016914
63.70012,-145.42575,0.504481645,0.668754553,0.868754553
63.70035,-148.29355,0.615817738,0.834506072,1.034506072
63.2987,-145.41437,0,0.200496444,0.400496444
63.29967,-148.23752,0.532756951,0.69545123,0.89545123
63.2999,-147.59378,0.559363069,0.741014455,0.941014455
63.30063,-144.5217,0.340009292,0.506948851,0.706948851
63.3013,-146.46457,0.410998634,0.60295752,0.80295752
63.30185,-147.02919,0.44704538,0.633085944,0.833085944
63.30358,-145.00737,0,0.177363703,0.377363703
63.30387,-148.3168,0.490995754,0.643660684,0.843660684
63.3039,-145.97888,0.373520688,0.537312907,0.737312907
63.3045,-147.67297,0.579303996,0.781623374,0.981623374
63.73509,-145.90628,1.256641622,1.871724507,2.071724507
63.73555,-145.41225,0.469335868,0.629879276,0.829879276
63.73604,-148.28406,0.549156527,0.746082662,0.946082662
63.73645,-147.62924,0.456574021,0.65771297,0.85771297
63.73807,-146.48056,0.739523025,0.934057113,1.134057113
63.73853,-147.0549,0.598075228,0.803053259,1.003053259
63.74021,-148.36473,0.533089141,0.713727916,0.913727916
63.74039,-144.99823,1.216171746,1.792074618,1.992074618
63.74074,-145.98648,1.344551204,1.957874751,2.157874751
63.74103,-147.70979,0.566675346,0.804540239,1.004540239
63.53337,-146.1418,0.251630186,0.457649253,0.657649253
63.53423,-148.58066,0.377893692,0.545403147,0.745403147
63.53425,-145.16153,0.072352169,0.284386492,0.484386492
63.53476,-145.65167,0.185473504,0.425059027,0.625059027
63.53479,-147.28134,0.02632944,0.330178964,0.530178964
63.53534,-146.71156,0,0.108955055,0.308955055
63.53615,-147.93102,0.292307596,0.514240172,0.714240172
63.53822,-148.66075,0.367691864,0.52922278,0.72922278
63.5383,-144.75075,0.716656282,0.970099538,1.170099538
63.53887,-146.22144,0.084801613,0.344648102,0.544648102
63.318,-147.91072,0.569397652,0.758512334,0.958512334
63.31998,-144.75742,0.492711598,0.765456512,0.965456512
63.32019,-148.63428,0.413580929,0.570790535,0.770790535
63.32056,-146.21564,0.383011079,0.552050497,0.752050497
63.32135,-147.34575,0.598080139,0.823638342,1.023638342
63.32203,-145.24347,0,0.026678482,0.226678482
63.32221,-145.72957,0.67671299,0.950077446,1.150077446
63.32221,-146.78069,0.304499474,0.520076039,0.720076039
63.32241,-147.99002,0.571746925,0.76880212,0.96880212
63.32413,-148.7137,0.515071209,0.685896583,0.885896583
63.87885,-148.24585,0.34006416,0.50293825,0.70293825
63.87905,-147.58731,0.348578255,0.503691936,0.703691936
63.88028,-146.43214,0.773436499,0.99962951,1.19962951
63.88095,-147.00975,0.816453628,1.068994544,1.268994544
63.882,-144.94147,1.209540978,1.734742123,1.934742123
63.88277,-145.9353,1.194522457,1.664074556,1.864074556
63.88305,-148.32697,0.436310281,0.610888572,0.810888572
63.88333,-145.43839,1.391833531,2.069587004,2.269587004
63.88366,-147.66833,0.360479088,0.508848526,0.708848526
63.88533,-144.52496,1.033027784,1.512745994,1.712745994
62.73321,-145.62253,0.703737408,0.976585317,1.176585317
62.73392,-147.20251,0.684213744,0.930923066,1.130923066
62.73418,-146.65009,0.659275923,0.883210278,1.083210278
62.73436,-148.46228,0.535075915,0.731805194,0.931805194
62.73572,-147.8324,0.533361373,0.732463038,0.932463038
62.73663,-144.74905,0.828816634,1.14584208,1.34584208
62.7375,-146.1749,0.689852731,0.967008802,1.167008802
62.73841,-148.53992,0.600160832,0.833443163,1.033443163
62.73873,-145.2243,0.782294347,1.111784297,1.311784297
62.73875,-147.27994,0.535865012,0.710632072,0.910632072
63.77624,-145.97374,1.270449874,1.869056843,2.069056843
63.77668,-147.69948,0.398913796,0.556581739,0.756581739
63.77695,-145.47891,0.58516252,0.786242999,0.986242999
63.77894,-146.54895,0.652554681,0.835860827,1.035860827
63.77907,-147.12424,0.454369915,0.607149293,0.807149293
63.77928,-144.56935,1.521659178,2.281894634,2.481894634
63.78004,-148.43614,0.50197341,0.692718527,0.892718527
63.78122,-147.78018,0.409040913,0.554133321,0.754133321
63.78185,-146.05411,1.089778698,1.498193804,1.698193804
63.78201,-145.06422,1.184140003,1.684916031,1.884916031
63.0016,-146.32413,0.59965433,0.812370617,1.012370617
63.00209,-148.07672,0.470795785,0.639290504,0.839290504
63.00237,-144.88373,0.559111306,0.748599447,0.948599447
63.00278,-146.88223,0.533042448,0.745076608,0.945076608
63.00336,-148.79149,0.378247436,0.581148747,0.781148747
63.00367,-145.84402,0.614233904,0.843033641,1.043033641
63.00395,-145.36386,0.55087502,0.749766532,0.949766532
63.00619,-147.51862,0.629801296,0.855416959,1.055416959
63.00638,-148.15509,0.47550406,0.660595244,0.860595244
63.00698,-146.40216,0.598761538,0.814120518,1.014120518
63.02747,-147.27332,0.683641958,0.987568375,1.187568375
63.02755,-145.67545,0.483778601,0.689704086,0.889704086
63.02803,-146.71466,0.480254573,0.6528241,0.8528241
63.02892,-147.91032,0.546778043,0.736578919,0.936578919
63.03114,-148.62582,0.401398338,0.597634853,0.797634853
63.0313,-144.79207,0.567437431,0.756245221,0.956245221
63.03158,-146.23409,0.527961866,0.716614062,0.916614062
63.03228,-147.35162,0.695229019,1.004106321,1.204106321
63.03316,-146.79285,0.505708633,0.703161529,0.903161529
63.03324,-145.27272,0.547690825,0.747808575,0.947808575
62.77287,-146.1629,0.623065548,0.851374743,1.051374743
62.77396,-148.53111,0.67350162,0.93671949,1.13671949
62.774,-145.21103,0.735912568,1.043654858,1.243654858
62.77423,-147.26944,0.548998284,0.735417268,0.935417268
62.77434,-145.68697,0.648669357,0.883074805,1.083074805
62.77477,-146.71616,0.59498677,0.820186193,1.020186193
62.77568,-147.90027,0.741159098,1.070390697,1.270390697
62.77797,-148.60887,0.74374985,1.074128491,1.274128491
62.77822,-144.81213,0.729123997,1.011810478,1.211810478
62.77835,-146.24023,0.531928626,0.736903362,0.936903362
63.166,-144.65759,0.299353111,0.507134422,0.707134422
63.16672,-147.79228,0.40616482,0.599387182,0.799387182
63.16777,-146.10715,0.33759855,0.516673164,0.716673164
63.16843,-145.14075,0.434683697,0.626592548,0.826592548
63.16904,-145.62396,0.522725944,0.707470019,0.907470019
63.16956,-147.23061,0.355477372,0.549865361,0.749865361
63.16958,-148.5116,0.290306827,0.448778774,0.648778774
63.1699,-146.66885,0.46316805,0.644484577,0.844484577
63.1712,-147.87109,0.479981645,0.682837337,0.882837337
63.17242,-144.73575,0.234262288,0.459119887,0.659119887
63.20538,-146.65733,0.440609325,0.621145663,0.821145663
63.20678,-147.86124,0.512492082,0.712031745,0.912031745
63.2077,-144.72156,0,0.207404205,0.407404205
63.20874,-146.17346,0.290389212,0.456493178,0.656493178
63.20926,-148.58167,0.349734181,0.500453709,0.700453709
63.20988,-145.20551,0.284098384,0.502128654,0.702128654
63.20992,-147.29868,0.391253153,0.588763121,0.788763121
63.21023,-145.68948,0.538443706,0.742994965,0.942994965
63.21056,-146.73605,0.40341711,0.599149502,0.799149502
63.2112,-147.94019,0.428818197,0.621171833,0.821171833
63.76912,-146.96313,0.6482808,0.82807436,1.02807436
63.7695,-144.90401,1.352264051,2.027807128,2.227807128
63.77058,-145.89342,1.000842296,1.450590119,1.650590119
63.77099,-145.3987,0.488067957,0.660886137,0.860886137
63.77172,-148.27454,0.419394714,0.598589221,0.798589221
63.77209,-147.6188,0.336437701,0.50511876,0.70511876
63.77364,-146.46851,0.725506436,0.927780075,1.127780075
63.77412,-147.04367,0.575475647,0.747876113,0.947876113
63.77578,-144.9841,1.20468242,1.759648907,1.959648907
63.77591,-148.35532,0.422898211,0.597527486,0.797527486
63.83005,-145.70663,1.035921955,1.428493268,1.628493268
63.83014,-146.77888,0.662802201,0.856493296,1.056493296
63.83022,-148.01256,0.540751239,0.705927206,0.905927206
63.83181,-148.75079,0.727267059,1.05639324,1.25639324
63.83393,-146.28305,0.76556258,1.011395976,1.211395976
63.83395,-144.79515,1.30582815,1.938860357,2.138860357
63.83403,-147.43613,0.609522056,0.793038264,0.993038264
63.83458,-148.09349,0.414366315,0.589302425,0.789302425
63.83527,-146.85959,0.650053209,0.834558111,1.034558111
63.83582,-145.78709,1.06277722,1.518154408,1.718154408
62.69471,-148.39368,0.405212994,0.561177514,0.761177514
62.69503,-144.68616,0.875260407,1.22965747,1.42965747
62.69574,-147.76474,0.513284455,0.680931591,0.880931591
62.69664,-146.10977,0.717167727,1.000280483,1.200280483
62.69737,-145.16068,0.811864326,1.171899194,1.371899194
62.6979,-145.63524,0.739258203,1.049753768,1.249753768
62.69847,-147.2131,0.655518766,0.861789845,1.061789845
62.69876,-146.66142,0.627574384,0.831921068,1.031921068
62.6988,-148.47116,0.419131974,0.583275417,0.783275417
62.70022,-147.84213,0.478047358,0.648846955,0.848846955
63.40485,-145.37433,0,0.010362848,0.210362848
63.40658,-148.20918,0.604141406,0.813908695,1.013908695
63.40664,-147.56277,0.533072618,0.745641774,0.945641774
63.40776,-146.42886,0,0,0.2
63.40844,-146.99583,0.385232224,0.553444631,0.753444631
63.40957,-144.96562,0.506608072,0.751560494,0.951560494
63.41023,-145.94116,0.265949622,0.507979301,0.707979301
63.4108,-148.28882,0.582365787,0.766855396,0.966855396
63.41083,-145.45338,0,0.170897105,0.370897105
63.41126,-147.6423,0.450861053,0.627888584,0.827888584
62.79796,-145.51973,0.691452021,0.946558789,1.146558789
62.79977,-146.54987,0.609790732,0.832545288,1.032545288
62.79997,-147.10367,0.648363283,0.891829624,1.091829624
62.80067,-144.6441,0.730540735,0.986041322,1.186041322
62.80136,-148.36664,0.681692994,0.950048722,1.150048722
62.80226,-147.73514,0.532615936,0.720035041,0.920035041
62.8027,-146.07346,0.638405817,0.892643961,1.092643961
62.80318,-145.12051,0.732915233,1.018890801,1.218890801
62.80383,-145.59698,0.683128861,0.929804436,1.129804436
62.80486,-147.18127,0.669752543,0.912269911,1.112269911
62.81122,-147.89059,0.745298299,1.104342837,1.304342837
62.81345,-144.79828,0.715898381,0.983832318,1.183832318
62.81355,-148.60016,0.824497859,1.242651024,1.442651024
62.81372,-146.22829,0.525079029,0.734390786,0.934390786
62.81451,-147.33655,0.482900753,0.659544659,0.859544659
62.81533,-146.78241,0.527647307,0.73433101,0.93433101
62.81536,-145.27493,0.667942522,0.906643906,1.106643906
62.81544,-145.75162,0.630015483,0.848408361,1.048408361
62.81564,-147.96835,0.761150831,1.151087278,1.351087278
62.81752,-148.67804,0.885758662,1.376333075,1.576333075
63.59383,-145.46606,0.523537638,0.694792918,0.894792918
63.5939,-147.67068,0.23657632,0.492135626,0.692135626
63.59595,-146.52841,0,0.193189154,0.393189154
63.59605,-144.56303,0.787128141,1.104012761,1.304012761
63.59618,-147.09958,0,0.009805126,0.209805126
63.59744,-148.40207,0.518973347,0.708980403,0.908980403
63.59846,-147.75079,0.415100233,0.650723234,0.850723234
63.59879,-146.03711,0.653479796,0.878690654,1.078690654
63.59884,-145.05435,0.529699662,0.674150111,0.874150111
63.59975,-145.54572,0.481528203,0.666475904,0.866475904
63.56061,-147.11066,0,0.176630222,0.376630222
63.56073,-144.57764,0.635658198,0.850954664,1.050954664
63.56176,-148.41133,0.423436252,0.583771373,0.783771373
63.56284,-147.76099,0.190769192,0.432337406,0.632337406
63.56331,-146.04968,0.590437333,0.789561799,0.989561799
63.56347,-145.06827,0.340019458,0.475647995,0.675647995
63.56432,-145.55898,0.349055846,0.550592749,0.750592749
63.56551,-147.19058,0,0.220377818,0.420377818
63.56566,-146.6201,0,0,0.2
63.56586,-148.49149,0.474451665,0.65327239,0.85327239
63.68753,-148.052,0.443990644,0.609315989,0.809315989
63.68784,-146.82526,0.19143445,0.353123975,0.553123975
63.68806,-145.26587,0.733267228,0.949356751,1.149356751
63.68814,-145.75899,0.841169436,1.166816151,1.366816151
63.68888,-148.78609,0.850758724,1.19994436,1.39994436
63.6915,-147.47882,0,0.257612169,0.457612169
63.6918,-146.33218,0.621920323,0.809689849,1.009689849
63.69185,-148.13249,0.459671353,0.636476137,0.836476137
63.69244,-144.8526,0.956348962,1.434019236,1.634019236
63.69292,-146.90552,0.197577782,0.370744504,0.570744504
63.66736,-147.0773,0.126277735,0.391586724,0.591586724
63.66881,-148.38345,0.695786143,0.971182702,1.171182702
63.66962,-145.02637,0.855016447,1.149301816,1.349301816
63.66975,-146.01187,1.138511841,1.653513618,1.853513618
63.66975,-147.73035,0.05612165,0.291627366,0.491627366
63.67061,-145.5191,0.690794588,0.959451118,1.159451118
63.67229,-146.58469,0.286480897,0.430489106,0.630489106
63.67229,-147.15755,0.161734115,0.418434578,0.618434578
63.67292,-148.46393,0.694043106,0.945577754,1.145577754
63.67323,-144.61336,1.547464727,2.229770667,2.429770667
62.85078,-146.77119,0.63046315,0.891115588,1.091115588
62.8508,-145.73901,0.640232067,0.867847394,1.067847394
62.85117,-147.95874,0.511316152,0.713396384,0.913396384
62.85313,-148.6694,0.735078096,1.069646747,1.269646747
62.85455,-146.29388,0.568066115,0.811520142,1.011520142
62.85474,-147.40387,0.49212692,0.676643152,0.876643152
62.85501,-144.8616,0.719486671,0.993092659,1.193092659
62.85552,-148.03665,0.606544485,0.88740405,1.08740405
62.85587,-146.84888,0.64277421,0.888469338,1.088469338
62.85653,-145.81648,0.59959958,0.827828843,1.027828843
63.2724,-148.4053,0.445081473,0.60698982,0.80698982
63.27345,-147.76227,0.593649527,0.800720439,1.000720439
63.27407,-146.07016,0.46804923,0.651607551,0.851607551
63.27442,-145.09976,0,0.075595827,0.275595827
63.27516,-145.58496,0.346204827,0.557611903,0.757611903
63.27617,-147.19826,0.348252206,0.524992045,0.724992045
63.27636,-146.63419,0.242708242,0.468911792,0.668911792
63.27649,-148.48456,0.40271633,0.571999184,0.771999184
63.27794,-147.8414,0.5883407,0.781557041,0.981557041
63.27829,-144.6931,0,0.304534269,0.504534269
62.83807,-146.06128,0.539255862,0.762673061,0.962673061
62.83844,-145.10706,0.711993951,0.978793483,1.178793483
62.83918,-145.58418,0.652424045,0.910601378,1.110601378
62.84032,-147.17059,0.641103507,0.848200893,1.048200893
62.84042,-146.61592,0.548323283,0.767395299,0.967395299
62.84106,-148.43549,0.795481624,1.179161786,1.379161786
62.84229,-147.80304,0.549857346,0.739940445,0.939940445
62.84231,-144.70715,0.733005806,1.040283393,1.240283393
62.84361,-146.13879,0.558883396,0.798321629,0.998321629
62.84457,-145.18436,0.683742886,0.916285509,1.116285509
63.90532,-147.41461,0.515255303,0.674127844,0.874127844
63.90599,-148.07382,0.298987217,0.455193209,0.655193209
63.90644,-146.83643,0.799579178,1.031824391,1.231824391
63.90672,-145.26352,1.321105382,1.924656829,2.124656829
63.90683,-145.76091,1.175270259,1.705206117,1.905206117
63.90722,-148.81427,0.805892772,1.117398851,1.317398851
63.91003,-147.49567,0.492527794,0.654412668,0.854412668
63.91029,-148.155,0.375721729,0.536265168,0.736265168
63.91047,-146.3391,0.850047971,1.113551869,1.313551869
63.91109,-144.84666,1.183770578,1.702836646,1.902836646
62.95591,-148.56502,0.50646901,0.702329159,0.902329159
62.95647,-147.29451,0.633057329,0.863426467,1.063426467
62.95653,-145.22168,0.549913082,0.740544355,0.940544355
62.95682,-145.70096,0.531754768,0.742853006,0.942853006
62.95712,-146.73737,0.518863105,0.709418908,0.909418908
62.95778,-147.92978,0.503625777,0.707476215,0.907476215
62.9599,-148.64333,0.402872806,0.587360606,0.787360606
62.96076,-146.2581,0.572022149,0.772954231,0.972954231
62.96079,-144.82001,0.615257259,0.825628332,1.025628332
62.96126,-147.37262,0.617393274,0.840251112,1.040251112
63.91879,-145.42477,1.332593237,1.998915363,2.198915363
63.91932,-147.65788,0.476665131,0.658299674,0.858299674
63.92121,-146.50085,0.7987838,1.027144592,1.227144592
63.92154,-147.07941,0.84152822,1.106553108,1.306553108
63.92292,-148.39873,0.518595252,0.727529555,0.927529555
63.92367,-145.00775,1.141491396,1.622897754,1.822897754
63.9239,-147.73904,0.646593395,0.902451059,1.102451059
63.92393,-146.0032,1.058756587,1.480838991,1.680838991
63.92475,-145.50548,1.316177973,1.995756369,2.195756369
63.92647,-147.16046,0.747426987,0.959573998,1.159573998
62.77903,-147.34698,0.473878748,0.651129645,0.851129645
62.77991,-146.79359,0.511117924,0.691858077,0.891858077
62.78006,-145.28815,0.725936063,1.017579985,1.217579985
62.78008,-147.97794,0.737787813,1.039136514,1.239136514
62.78011,-145.76421,0.632572276,0.875680901,1.075680901
62.78194,-148.68665,0.860425264,1.316172421,1.516172421
62.78378,-146.31758,0.532594298,0.740077613,0.940077613
62.78378,-147.42456,0.515620473,0.699567245,0.899567245
62.78444,-148.05563,0.703507855,1.004324601,1.204324601
62.78453,-144.88918,0.753879266,1.054114375,1.254114375
63.72145,-144.75839,1.604441901,2.322611982,2.522611982
63.72188,-146.23972,0.68208644,0.87842725,1.07842725
63.72238,-147.38773,0.038677933,0.326944844,0.526944844
63.72319,-148.04218,0.466446115,0.654631983,0.854631983
63.7234,-146.81371,0.598480854,0.799743602,0.999743602
63.72348,-145.25217,0.622901366,0.803226411,1.003226411
63.72363,-145.74594,0.859601665,1.184116933,1.384116933
63.72462,-148.77731,0.718675604,0.985508264,1.185508264
63.72712,-147.4682,0.266337982,0.470542387,0.670542387
63.72732,-146.31996,0.657499918,0.853251848,1.053251848
63.8112,-144.96992,1.246586354,1.840060329,2.040060329
63.81161,-148.3459,0.39888133,0.578945102,0.778945102
63.81174,-145.96097,1.220668737,1.741468828,1.941468828
63.81232,-147.68912,0.273625451,0.425540501,0.625540501
63.8124,-145.46544,0.839888953,1.231296575,1.431296575
63.8145,-146.53699,0.64758994,0.834596682,1.034596682
63.81462,-144.5546,1.095162148,1.610207442,1.810207442
63.8147,-147.11307,0.632885557,0.832840566,1.032840566
63.81575,-148.42682,0.446833884,0.626087781,0.826087781
63.81688,-147.76993,0.341896974,0.492400612,0.692400612
62.76581,-148.37567,0.633291323,0.88693265,1.08693265
62.76674,-147.74503,0.624510494,0.883486679,1.083486679
62.76735,-146.0856,0.7008269,0.994895547,1.194895547
62.76788,-145.13394,0.760499095,1.074634413,1.274634413
62.76852,-145.60977,0.701340179,0.959893129,1.159893129
62.7694,-147.19191,0.697476373,0.948830944,1.148830944
62.76959,-146.63873,0.663105278,0.909738719,1.109738719
62.76991,-148.45337,0.639419517,0.887781572,1.087781572
62.77123,-147.82263,0.665692934,0.941269532,1.141269532
62.77187,-144.73512,0.736268074,1.00705345,1.20705345
63.38597,-146.112,0,0.260221319,0.460221319
63.38663,-145.13736,0.159102624,0.405887643,0.605887643
63.38723,-145.62468,0.512961735,0.713694019,0.913694019
63.3875,-148.53688,0.584748928,0.799360873,0.999360873
63.38766,-147.245,0.533553754,0.699341115,0.899341115
63.38806,-146.67847,0,0.278799712,0.478799712
63.38921,-147.89093,0.532900483,0.723937932,0.923937932
63.39059,-144.72891,0.27024376,0.474535076,0.674535076
63.39149,-146.19116,0,0.197799596,0.397799596
63.39151,-148.6165,0.632896377,0.869119836,1.069119836
62.84501,-145.66158,0.657130842,0.891590245,1.091590245
62.84513,-148.51343,0.769873793,1.115399799,1.315399799
62.84518,-147.24832,0.597133969,0.793138805,0.993138805
62.84563,-146.69354,0.611190067,0.878857515,1.078857515
62.84674,-147.88087,0.50603235,0.687729377,0.887729377
62.84869,-144.78436,0.734352225,1.045253172,1.245253172
62.8491,-146.21632,0.574355907,0.820963054,1.020963054
62.84915,-148.5914,0.770795899,1.101351818,1.301351818
62.84999,-147.32608,0.515178656,0.695097291,0.895097291
62.85065,-145.26167,0.637516658,0.853794404,1.053794404
63.74841,-148.52615,0.582140495,0.790891103,0.990891103
63.74862,-146.64128,0.626421791,0.825878838,1.025878838
63.75005,-147.871,0.616844846,0.834937748,1.034937748
63.75038,-144.66399,1.536756027,2.252891916,2.452891916
63.7519,-146.14702,0.838583267,1.105122648,1.305122648
63.75245,-148.6069,0.557238466,0.762610535,0.962610535
63.75278,-145.15829,1.01751259,1.388164911,1.588164911
63.75322,-147.29639,0.11578511,0.314295821,0.514295821
63.75329,-145.65266,0.900334567,1.250159398,1.450159398
63.75382,-146.72169,0.636182959,0.854078659,1.054078659
63.17915,-147.38809,0.42973304,0.625455945,0.825455945
63.18,-148.02881,0.32356442,0.494168914,0.694168914
63.18019,-146.82614,0.306879283,0.485691225,0.685691225
63.18062,-145.29735,0.348306685,0.524837438,0.724837438
63.18062,-145.78078,0.516920455,0.731479912,0.931479912
63.18151,-148.7485,0.365530273,0.529133977,0.729133977
63.18388,-147.46687,0.60870472,0.842874621,1.042874621
63.18418,-146.34274,0.372579376,0.561070856,0.761070856
63.18433,-148.10773,0.401228455,0.584054757,0.784054757
63.18509,-144.89218,0.341069811,0.540334906,0.740334906
63.18527,-146.90482,0.344240313,0.532590333,0.732590333
63.18634,-145.85925,0.502596716,0.705366192,0.905366192
63.18664,-145.3757,0.353450094,0.533733407,0.733733407
63.18856,-147.54568,0.653524222,0.929270335,1.129270335
63.1886,-148.18665,0.509113612,0.694270575,0.894270575
63.18955,-146.42134,0.461159749,0.655328722,0.855328722
63.1903,-146.98352,0.421140578,0.609255629,0.809255629
63.19136,-144.97046,0.359745809,0.558528861,0.758528861
63.19201,-145.93774,0.459068513,0.644437894,0.844437894
63.19261,-145.4541,0.446365631,0.639445997,0.839445997
63.60643,-146.68826,0,0,0.2
63.60742,-147.91113,0.511295738,0.717295602,0.917295602
63.60896,-144.72198,0.59882871,0.809049386,1.009049386
63.6096,-148.6429,0.664809243,0.915297949,1.115297949
63.60987,-146.19676,0.459184337,0.608076013,0.808076013
63.61077,-147.33972,0,0,0.2
63.61115,-145.21356,0.518148972,0.690950872,0.890950872
63.61145,-145.70517,0.586747015,0.782256236,0.982256236
63.6116,-146.76825,0,0,0.2
63.61183,-147.99133,0.572236734,0.76943607,0.96943607
62.71404,-144.91656,0.819570359,1.133177666,1.333177666
62.71412,-146.89314,0.698554648,0.974557483,1.174557483
62.7147,-148.78142,0.666716264,0.930398367,1.130398367
62.71516,-145.86632,0.773133651,1.127209745,1.327209745
62.7155,-145.39145,0.736740792,1.049019773,1.249019773
62.71731,-144.51855,0.839191728,1.227329277,1.427329277
62.71748,-147.52254,0.616726381,0.816405411,1.016405411
62.71767,-148.15201,0.365256952,0.509027768,0.709027768
62.71838,-146.41833,0.728959896,1.03741268,1.23741268
62.71914,-146.97046,0.701224632,0.992750598,1.192750598
63.58001,-144.81583,0.939993728,1.291985751,1.491985751
63.58053,-148.0813,0.676200944,0.96810018,1.16810018
63.58114,-146.85968,0,0.01970549,0.21970549
63.58175,-148.8123,0.820503006,1.210638002,1.410638002
63.58178,-145.79788,0.716279836,0.996540344,1.196540344
63.58183,-145.30682,0.552292324,0.745995557,0.945995557
63.58463,-147.51053,0,0.171225897,0.371225897
63.58484,-148.16144,0.710816621,1.04506358,1.24506358
63.58527,-146.3687,0,0.168909968,0.368909968
63.58621,-146.93961,0,0.070430731,0.270430731
63.87085,-146.84802,0.739603003,0.945029308,1.145029308
63.87129,-145.27734,1.407426912,2.073477817,2.273477817
63.87133,-145.77402,1.11766155,1.595114926,1.795114926
63.87439,-147.50635,0.416665039,0.550829359,0.750829359
63.87459,-148.16473,0.283787762,0.439089694,0.639089694
63.8749,-146.35139,0.801872158,1.045933001,1.245933001
63.8757,-144.86105,1.214574024,1.770022001,1.970022001
63.87593,-146.92886,0.772444922,0.994540726,1.194540726
63.87708,-145.85464,1.191734121,1.688452112,1.888452112
63.87733,-145.35783,1.399662859,2.069672174,2.269672174
63.99498,-145.97754,1.082670506,1.560781677,1.760781677
63.99529,-147.71829,1.022157804,1.569576194,1.769576194
63.9957,-145.47839,1.238631153,1.832280696,2.032280696
63.99765,-146.55777,0.795874305,1.022647634,1.222647634
63.99776,-147.13806,0.559913385,0.752741538,0.952741538
63.99799,-144.56091,1.239422559,1.823671946,2.023671946
63.9985,-148.46138,0.703110777,1.031169327,1.231169327
63.99982,-147.79971,0.854211548,1.228840588,1.428840588
64.00059,-146.05859,1.025501638,1.429187886,1.629187886
64.00077,-145.06009,1.322024207,1.960439774,2.160439774
62.88452,-146.20432,0.587735425,0.821581834,1.021581834
62.88474,-148.58264,0.639099193,0.855954238,1.055954238
62.88547,-147.31558,0.541837329,0.722060401,0.922060401
62.88594,-145.24838,0.634761679,0.846222767,1.046222767
62.88614,-145.72636,0.62444356,0.854333903,1.054333903
62.88621,-146.75995,0.657127559,1.052656509,1.252656509
62.8867,-147.94913,0.475611917,0.669146049,0.869146049
62.88871,-148.66074,0.538493991,0.741944055,0.941944055
62.88996,-146.28198,0.552658432,0.761261706,0.961261706
62.89023,-147.39348,0.51323955,0.687528798,0.887528798
63.15298,-148.19608,0.485378854,0.682424733,0.882424733
63.153,-147.55598,0.617357018,0.826687843,1.026687843
63.15411,-146.43318,0.502874678,0.704654178,0.904654178
63.15479,-146.9946,0.476035108,0.664743846,0.864743846
63.15606,-144.98428,0.424375481,0.613564705,0.813564705
63.15659,-145.95026,0.437711651,0.619064758,0.819064758
63.1572,-148.2749,0.493629041,0.671556173,0.871556173
63.15725,-145.46725,0.504323056,0.709305489,0.909305489
63.15763,-147.63474,0.466724493,0.659450779,0.859450779
63.15942,-146.51172,0.554674362,0.757723197,0.957723197
62.92824,-148.73027,0.336503932,0.521794263,0.721794263
62.93045,-147.46107,0.50092805,0.674757542,0.874757542
62.93078,-146.34787,0.576778411,0.78798493,0.98798493
62.93095,-148.0957,0.642025262,0.889912599,1.089912599
62.93181,-144.91139,0.616343321,0.820977986,1.020977986
62.93186,-146.90448,0.640880809,0.882507087,1.082507087
62.93213,-148.8085,0.346494791,0.543611307,0.743611307
62.93294,-145.86906,0.643419743,0.867862102,1.067862102
62.93328,-145.39021,0.577756234,0.768816984,0.968816984
62.93513,-147.53912,0.442610917,0.603292317,0.803292317
63.09896,-146.69182,0.456682334,0.636452681,0.836452681
63.10003,-147.89078,0.467575322,0.658142335,0.858142335
63.10186,-144.76398,0.366282754,0.548600032,0.748600032
63.10236,-148.60823,0.379707904,0.573264704,0.773264704
63.10243,-146.20993,0.434915517,0.623801547,0.823801547
63.1033,-147.33054,0.414420964,0.605379413,0.805379413
63.10387,-145.24594,0.499637958,0.684328772,0.884328772
63.10407,-145.72795,0.45677489,0.646828031,0.846828031
63.10412,-146.77023,0.479946429,0.668799013,0.868799013
63.10444,-147.96939,0.475992024,0.667180169,0.867180169
63.23306,-146.00385,0.4553774,0.629418191,0.829418191
63.23333,-147.6933,0.603921905,0.811552794,1.011552794
63.2339,-145.51942,0.410136687,0.60814369,0.80814369
63.23565,-146.56699,0.444205044,0.623087796,0.823087796
63.23573,-147.13016,0.322452313,0.494597056,0.694597056
63.23655,-144.62898,0,0.008156733,0.208156733
63.23677,-148.41446,0.444921409,0.624471009,0.824471009
63.23786,-147.77229,0.572898973,0.778583447,0.978583447
63.23864,-146.08252,0.425217349,0.60349663,0.80349663
63.23909,-145.11346,0,0.279870558,0.479870558
63.50498,-145.25459,0,0.204264986,0.404264986
63.50511,-145.74417,0.397434557,0.601835177,0.801835177
63.50644,-148.74963,0.510794823,0.714077159,0.914077159
63.50874,-147.45169,0.25151574,0.511101475,0.711101475
63.50884,-146.31328,0.008660185,0.308114297,0.508114297
63.50924,-148.10069,0.356828441,0.547180453,0.747180453
63.50932,-144.84427,0.886715216,1.271819259,1.471819259
63.51005,-146.88249,0.24731197,0.480227934,0.680227934
63.51086,-145.82362,0.934168997,1.560866721,1.760866721
63.51104,-145.33394,0.1593337,0.381570725,0.581570725
62.91614,-147.2271,0.604414179,0.809914713,1.009914713
62.91629,-148.49567,0.627580164,0.852814658,1.052814658
62.9165,-146.67081,0.585932837,0.797885959,0.997885959
62.91781,-147.86139,0.482023061,0.671710395,0.871710395
62.91916,-144.75647,0.660093123,0.91134959,1.11134959
62.9199,-146.19229,0.57027715,0.7822132,0.9822132
62.92032,-148.57384,0.550239971,0.747298505,0.947298505
62.92096,-147.30507,0.578764175,0.773272201,0.973272201
62.92123,-145.23505,0.61118158,0.82464733,1.02464733
62.92148,-145.71368,0.562728348,0.766961782,0.966961782
63.83585,-145.29111,1.295370363,1.933292064,2.133292064
63.83874,-147.51697,0.407138992,0.550120226,0.750120226
63.83887,-148.17444,0.353768841,0.534456235,0.734456235
63.83935,-146.36365,0.729229543,0.936336755,1.136336755
63.84031,-144.87541,1.229535655,1.775016831,1.975016831
63.84033,-146.94032,0.647077675,0.842142138,1.042142138
63.84156,-145.8676,1.165207227,1.664529596,1.864529596
63.84188,-145.37149,1.18035063,1.828173118,2.028173118
63.84312,-148.25543,0.378809378,0.560671922,0.760671922
63.8434,-147.59784,0.30761076,0.459091151,0.659091151
62.73901,-145.69962,0.666468378,0.921595348,1.121595348
62.73935,-146.72742,0.622313537,0.849079113,1.049079113
62.74016,-147.90994,0.572821035,0.789437934,0.989437934
62.74241,-148.61757,0.630684003,0.855148241,1.055148241
62.74297,-144.82596,0.82234014,1.148108791,1.348108791
62.74297,-146.25212,0.68796839,0.961694256,1.161694256
62.74353,-147.35739,0.500862357,0.668515848,0.868515848
62.74449,-146.80475,0.630993565,0.863415642,1.063415642
62.74455,-147.98749,0.601863685,0.805422633,1.005422633
62.74478,-145.30133,0.758661958,1.090311817,1.290311817
62.96774,-148.80002,0.350555086,0.545698565,0.745698565
62.96831,-145.85655,0.624488395,0.845173829,1.045173829
62.96861,-145.37706,0.556345019,0.747571743,0.947571743
62.97066,-147.52888,0.49510484,0.666313498,0.866313498
62.97079,-148.16449,0.541746356,0.725766007,0.925766007
62.97155,-146.41394,0.583840788,0.784381616,0.984381616
62.97235,-146.97144,0.631388419,0.876389423,1.076389423
62.97336,-144.97519,0.551095553,0.748794302,0.948794302
62.97397,-145.93439,0.582037193,0.788384427,0.988384427
62.97457,-145.4548,0.564153368,0.762475262,0.962475262
62.94886,-147.77344,0.441575907,0.624119241,0.824119241
62.94977,-146.10239,0.602724579,0.807544419,1.007544419
62.95042,-145.14406,0.540761001,0.729684598,0.929684598
62.95101,-145.62323,0.577700619,0.77509211,0.97509211
62.95165,-147.21645,0.629040117,0.849147241,1.049147241
62.95187,-148.48674,0.535043351,0.748350382,0.948350382
62.95195,-146.65939,0.545083104,0.729610448,0.929610448
62.95335,-147.85159,0.42799065,0.614714297,0.814714297
62.95443,-144.74246,0.63840929,0.883131642,1.083131642
62.9553,-146.18024,0.567789338,0.765689194,0.965689194
63.63421,-145.04037,0.745088693,0.981103002,1.181103002
63.63426,-146.02451,0.846322316,1.196349463,1.396349463
63.63517,-145.53244,0.576675761,0.781055631,0.981055631
63.6367,-147.16858,0,0,0.2
63.63675,-146.59653,0,0.173183326,0.373183326
63.63723,-148.47313,0.567232705,0.774483865,0.974483865
63.63789,-144.62793,0.920510853,1.376107022,1.576107022
63.6386,-147.82086,0.237989702,0.447251661,0.647251661
63.63984,-146.10443,0.639260432,0.840144626,1.040144626
63.64041,-145.12007,0.63515157,0.820053168,1.020053168
62.99551,-148.63458,0.382740417,0.564853876,0.764853876
62.99605,-144.80606,0.612307359,0.822898182,1.022898182
62.99617,-146.24611,0.574572046,0.781153268,0.981153268
62.99677,-147.36212,0.692109159,0.99383859,1.19383859
62.9977,-146.80411,0.467981982,0.650426166,0.850426166
62.99775,-147.99838,0.543971435,0.726653662,0.926653662
62.99792,-145.28606,0.587208816,0.793959168,0.993959168
62.99795,-145.7661,0.638922102,0.902765837,1.102765837
62.99945,-148.71301,0.305741924,0.487681872,0.687681872
63.0015,-147.44037,0.691267815,0.970467415,1.170467415
63.35185,-148.54588,0.435595273,0.595630987,0.795630987
63.3521,-147.2558,0.580457731,0.778439216,0.978439216
63.35255,-146.69006,0.194645903,0.44055633,0.64055633
63.35361,-147.90085,0.554212429,0.74355372,0.94355372
63.35529,-144.74319,0.47199544,0.693765139,0.893765139
63.35586,-148.6254,0.53569108,0.728772307,0.928772307
63.35601,-146.20341,0.092337963,0.370639446,0.570639446
63.35691,-147.33508,0.546195378,0.737382329,0.937382329
63.35738,-145.22992,0,0.190145704,0.390145704
63.35764,-145.71667,0.712994894,1.039621451,1.239621451
62.94185,-147.06039,0.606484355,0.808536231,1.008536231
62.94365,-148.33025,0.533159475,0.72582864,0.92582864
62.94421,-146.02458,0.599709987,0.805243526,1.005243526
62.94427,-145.06647,0.565093973,0.761769787,0.961769787
62.94434,-147.69531,0.42233642,0.609824155,0.809824155
62.94515,-145.54553,0.650259831,0.885593322,1.085593322
62.94673,-146.58147,0.553400885,0.741408178,0.941408178
62.94677,-147.13841,0.600319824,0.813839692,1.013839692
62.94778,-148.40848,0.529103147,0.734169934,0.934169934
62.94803,-144.66495,0.610605026,0.839351015,1.039351015
62.92167,-146.74866,0.609906549,0.830868179,1.030868179
62.92223,-147.93945,0.523981188,0.725101124,0.925101124
62.92431,-148.65204,0.436737403,0.619612426,0.819612426
62.92537,-146.27007,0.577873739,0.78107623,0.98107623
62.92551,-144.83391,0.634457653,0.851528206,1.051528206
62.92573,-147.38306,0.552060075,0.737389566,0.937389566
62.92662,-148.01756,0.605703396,0.863463,1.063463
62.92679,-146.82655,0.626246373,0.848682771,1.048682771
62.92723,-145.79135,0.635127741,0.890946549,1.090946549
62.92728,-145.31262,0.604104374,0.804171909,1.004171909
62.81915,-146.30576,0.552181756,0.782405058,0.982405058
62.81926,-147.41422,0.483811778,0.660924884,0.860924884
62.81977,-144.87541,0.735273852,1.029690937,1.229690937
62.81999,-148.04614,0.768508528,1.180254677,1.380254677
62.82043,-146.85999,0.508134928,0.707100766,0.907100766
62.82117,-145.82898,0.610755178,0.846734184,1.046734184
62.82139,-145.35219,0.658368389,0.900232836,1.100232836
62.82143,-148.75595,0.750587526,1.112153986,1.312153986
62.82395,-147.49194,0.50070733,0.678127305,0.878127305
62.8243,-148.12396,0.857424904,1.327558419,1.527558419
63.03927,-145.35062,0.530418965,0.718120927,0.918120927
63.04171,-147.50833,0.682150572,0.974201647,1.174201647
63.04196,-148.14566,0.424085908,0.612767875,0.812767875
63.04241,-146.39035,0.555938507,0.766663573,0.966663573
63.0433,-146.94934,0.551482773,0.744890292,0.944890292
63.04391,-144.94768,0.505350814,0.677974568,0.877974568
63.04475,-145.90948,0.605402749,0.849629144,1.049629144
63.04525,-145.42857,0.550100621,0.743273534,0.943273534
63.04622,-148.22417,0.4486753,0.632291784,0.832291784
63.04636,-147.58672,0.598709494,0.820952212,1.020952212
62.98746,-148.47778,0.384387567,0.580026794,0.780026794
62.98891,-147.84177,0.441706233,0.630042945,0.830042945
62.98968,-144.72839,0.641886807,0.887033439,1.087033439
62.99069,-146.16814,0.572560341,0.771889918,0.971889918
62.9915,-148.55618,0.477243709,0.680686337,0.880686337
62.99185,-145.20828,0.518085081,0.710395248,0.910395248
62.99197,-147.28394,0.679884097,0.976967359,1.176967359
62.99218,-145.68823,0.540441398,0.759122102,0.959122102
62.99257,-146.72601,0.478013345,0.647926879,0.847926879
62.99335,-147.92006,0.548721397,0.759306053,0.959306053
63.76274,-147.45753,0.481394736,0.651272787,0.851272787
63.76287,-146.30768,0.634927626,0.818183986,1.018183986
63.76317,-144.82396,1.474552009,2.202211785,2.402211785
63.76321,-148.11304,0.409319543,0.594272585,0.794272585
63.76407,-146.88261,0.837173808,1.106679005,1.306679005
63.76486,-145.81313,0.88024903,1.210938756,1.410938756
63.76497,-145.31853,0.58418587,0.760985505,0.960985505
63.76744,-147.53815,0.386165179,0.551846657,0.751846657
63.76748,-148.19379,0.399479249,0.585772258,0.785772258
63.76828,-146.38808,0.653681901,0.842323087,1.042323087
63.85846,-146.10934,0.897276253,1.218730542,1.418730542
63.85904,-145.11646,1.367948554,2.054316615,2.254316615
63.85961,-148.57965,0.658961831,0.936101781,1.136101781
63.85971,-145.6129,1.097260174,1.554845126,1.754845126
63.86008,-147.26358,0.768714259,1.014015003,1.214015003
63.86055,-146.68643,0.581641108,0.766231255,0.966231255
63.86152,-147.92162,0.777660796,1.093788877,1.293788877
63.86293,-144.70035,1.375885686,2.105989597,2.305989597
63.86361,-148.66077,0.780078298,1.154777276,1.354777276
63.86399,-146.18999,0.855285814,1.132899714,1.332899714
63.11312,-148.12674,0.413074264,0.596030118,0.796030118
63.11329,-146.36661,0.441121755,0.633518647,0.833518647
63.11429,-146.92714,0.504254328,0.692682408,0.892682408
63.11451,-144.92001,0.422914576,0.59696823,0.79696823
63.11553,-145.88443,0.476241079,0.67392324,0.87392324
63.11592,-145.40221,0.439763738,0.631983571,0.831983571
63.11739,-148.20544,0.420689952,0.607034885,0.807034885
63.11744,-147.56625,0.611096069,0.811517746,1.011517746
63.11779,-144.51584,0.346704619,0.538742073,0.738742073
63.11865,-146.44499,0.542895383,0.758610422,0.958610422
63.00782,-146.9604,0.593746888,0.810534817,1.010534817
63.00864,-144.96146,0.512454389,0.689763699,0.889763699
63.00935,-145.92197,0.541935278,0.746815445,0.946815445
63.00992,-145.44171,0.566610582,0.771012313,0.971012313
63.01064,-148.23349,0.516414804,0.717181465,0.917181465
63.01083,-147.59691,0.496414239,0.67707786,0.87707786
63.01204,-144.55893,0.679589863,0.96372368,1.16372368
63.01232,-146.48024,0.585885381,0.784976576,0.984976576
63.0128,-147.03859,0.615099014,0.823519864,1.023519864
63.01483,-148.3119,0.492830018,0.670627852,0.870627852
63.97301,-147.97267,0.609912811,0.815803637,1.015803637
63.97481,-148.71509,0.756484686,1.061128309,1.261128309
63.97553,-144.73705,1.518513542,2.294538734,2.494538734
63.97612,-146.23334,0.901771231,1.185922005,1.385922005
63.97663,-147.39296,0.560395964,0.731061859,0.931061859
63.97738,-148.05405,0.617679886,0.847711869,1.047711869
63.97762,-145.23578,1.272320148,1.866557737,2.066557737
63.97767,-146.81314,0.736972777,0.973492244,1.173492244
63.97782,-145.73459,1.297844209,1.945207747,2.145207747
63.97872,-148.7966,0.728809638,0.98868864,1.18868864
63.17328,-146.18564,0.307436767,0.489736367,0.689736367
63.1736,-148.59055,0.262488279,0.418115767,0.618115767
63.17438,-147.30933,0.380346251,0.570000451,0.770000451
63.17455,-145.21902,0.418125886,0.609998116,0.809998116
63.17485,-145.70235,0.534088103,0.743745921,0.943745921
63.17507,-146.74747,0.395228405,0.576059031,0.776059031
63.17562,-147.94995,0.417311823,0.608764592,0.808764592
63.17759,-148.66951,0.277155952,0.449857585,0.649857585
63.17875,-146.26419,0.303380115,0.495087477,0.695087477
63.17878,-144.81393,0.270623875,0.475006314,0.675006314
63.1193,-147.00565,0.454180355,0.635530041,0.835530041
63.12077,-144.99808,0.464500581,0.638585148,0.838585148
63.12118,-145.96274,0.490345957,0.69352271,0.89352271
63.1216,-148.28419,0.40220017,0.587040923,0.787040923
63.12187,-145.48039,0.51376849,0.715797991,0.915797991
63.12205,-147.6449,0.445202549,0.621908967,0.821908967
63.12395,-146.52342,0.538943187,0.741795559,0.941795559
63.12426,-147.08417,0.344193607,0.525724171,0.725724171
63.12428,-144.59381,0.426519031,0.614138306,0.814138306
63.12577,-148.36296,0.370711958,0.542514339,0.742514339
63.41909,-148.44815,0.561010233,0.75461345,0.95461345
63.41947,-144.63568,0.39677788,0.558598003,0.758598003
63.42035,-147.80141,0.572569123,0.770536378,0.970536378
63.42143,-146.09961,0.21219679,0.462996264,0.662996264
63.42198,-145.12363,0.134130847,0.36753544,0.56753544
63.42264,-145.61162,0.375893257,0.57320343,0.77320343
63.42316,-148.52785,0.583062316,0.7899941,0.9899941
63.42321,-147.23418,0.501777504,0.663325713,0.863325713
63.42359,-146.66687,0,0.04810677,0.24810677
63.42482,-147.88101,0.476785509,0.667610282,0.867610282
63.88561,-146.51294,0.783724695,1.026371881,1.226371881
63.88592,-147.09065,0.841641586,1.109184326,1.309184326
63.8872,-148.40811,0.508752238,0.700205746,0.900205746
63.88823,-147.74936,0.578605823,0.778616127,0.978616127
63.88825,-145.02193,1.280517992,1.865102404,2.065102404
63.88841,-146.01598,1.068207921,1.481518897,1.681518897
63.88928,-145.51895,1.300325539,1.960412099,2.160412099
63.89085,-147.1716,0.826883583,1.062985771,1.262985771
63.8909,-146.59377,0.800341762,1.073074075,1.273074075
63.89131,-148.48929,0.58593046,0.809288924,1.009288924
63.45215,-145.51927,0,0.24137564,0.44137564
63.45387,-146.57574,0,0.030594501,0.230594501
63.45392,-147.14374,0.476140985,0.646610092,0.846610092
63.45475,-148.43898,0.45603864,0.641339212,0.841339212
63.4548,-144.62125,0.280547148,0.459519235,0.659519235
63.45596,-147.79135,0.555655874,0.77628288,0.97628288
63.45689,-146.08716,0.453894196,0.684533179,0.884533179
63.45734,-145.10983,0.262310296,0.467736197,0.667736197
63.45805,-145.59851,0.073351833,0.330565676,0.530565676
63.4588,-147.22333,0.376013459,0.544528104,0.744528104
63.12662,-147.72354,0.375871551,0.549878604,0.749878604
63.12679,-146.04105,0.388897408,0.570995107,0.770995107
63.12697,-145.07617,0.43431912,0.622271845,0.822271845
63.12778,-145.55862,0.519772382,0.720419735,0.920419735
63.12917,-147.16273,0.328538031,0.512505305,0.712505305
63.12922,-146.60187,0.480407014,0.639802963,0.839802963
63.12989,-148.44174,0.331732572,0.501650571,0.701650571
63.13074,-144.67181,0.46164661,0.645968383,0.845968383
63.13113,-147.80225,0.369326117,0.55539256,0.75539256
63.13234,-146.11942,0.335258009,0.519143599,0.719143599
63.25967,-147.52499,0.618189343,0.841304956,1.041304956
63.25981,-148.16772,0.528582667,0.699423034,0.899423034
63.26048,-146.39755,0.438200779,0.635605356,0.835605356
63.26134,-146.96129,0.254005897,0.443524343,0.643524343
63.26198,-144.94269,0,0.305736571,0.505736571
63.26283,-145.91263,0.484214103,0.660484708,0.860484708
63.26333,-145.42764,0.039086256,0.347780633,0.547780633
63.26406,-148.24689,0.494158095,0.652237057,0.852237057
63.2643,-147.60406,0.582752564,0.793077731,0.993077731
63.26535,-144.53619,0.360355819,0.591055613,0.791055613
63.21325,-148.66074,0.361585939,0.520859515,0.720859515
63.21407,-144.79987,0.078363555,0.337108464,0.537108464
63.21422,-146.25211,0.23959222,0.422234782,0.622234782
63.21469,-147.37755,0.435998374,0.633128908,0.833128908
63.21559,-148.01917,0.420629522,0.594739149,0.794739149
63.21569,-146.81482,0.319988097,0.509602539,0.709602539
63.21596,-145.28394,0.200809927,0.420062567,0.620062567
63.21601,-145.76804,0.539257755,0.752365013,0.952365013
63.21718,-148.73984,0.416818342,0.577664756,0.777664756
63.21942,-147.45644,0.608960181,0.852364079,1.052364079
63.46486,-147.95079,0.378352435,0.568267066,0.768267066
63.46683,-148.6785,0.475110812,0.660349465,0.860349465
63.46764,-144.77934,0.538627016,0.723354296,0.923354296
63.46791,-146.24597,0.333423247,0.548004446,0.748004446
63.46841,-147.38258,0.211539776,0.411943865,0.611943865
63.46925,-148.03056,0.472692723,0.676491353,0.876491353
63.46943,-146.81427,0.03594982,0.314034631,0.514034631
63.46957,-145.2682,0,0.25531042,0.45531042
63.46968,-145.75711,0.540871115,0.756142628,0.956142628
63.47076,-148.75839,0.536656608,0.745645924,0.945645924
63.5456,-146.87109,0.127228583,0.397847074,0.597847074
63.54633,-145.81076,0.810136045,1.248480082,1.448480082
63.54643,-145.3204,0.309233405,0.507571956,0.707571956
63.54903,-147.52103,0,0.116009716,0.316009716
63.54918,-148.17105,0.516109532,0.715269777,0.915269777
63.54974,-146.3808,0,0,0.2
63.55064,-146.95093,0.09520618,0.370565925,0.570565925
63.55098,-144.90942,0.892924355,1.225850187,1.425850187
63.55204,-145.89038,1.485928909,2.558525735,2.758525735
63.55244,-145.3999,0.347959664,0.53143132,0.73143132
63.79457,-146.79053,0.76116568,1.000008098,1.200008098
63.79608,-148.75966,0.679591144,0.958306819,1.158306819
63.79837,-147.44684,0.62041069,0.833807786,1.033807786
63.7984,-146.29538,0.670212476,0.866394443,1.066394443
63.79858,-144.80957,1.363027914,2.014428359,2.214428359
63.79889,-148.10327,0.513277967,0.694587777,0.894587777
63.79967,-146.87112,0.64325095,0.827901108,1.027901108
63.80034,-145.80014,0.942582659,1.331522991,1.531522991
63.8004,-145.30484,0.867352056,1.263496678,1.463496678
63.80307,-147.52759,0.427535386,0.585320837,0.785320837
63.47955,-146.97345,0.342224269,0.514741557,0.714741557
63.48028,-144.93761,0.532650117,0.709093679,0.909093679
63.48111,-145.91583,0.822124659,1.270861604,1.470861604
63.48162,-145.42671,0,0.164400598,0.364400598
63.48209,-148.27002,0.41568688,0.596476461,0.796476461
63.48247,-147.6217,0.288783255,0.488571419,0.688571419
63.48361,-144.52765,0.236175353,0.416938222,0.616938222
63.48409,-146.48442,0,0.295544855,0.495544855
63.48454,-147.05307,0.451808824,0.625682159,0.825682159
63.48628,-148.34988,0.35262373,0.53498263,0.73498263
62.96217,-148.00798,0.609850153,0.849542525,1.049542525
62.96225,-146.81534,0.495775523,0.673205652,0.873205652
62.96259,-145.29935,0.591655324,0.80384021,1.00384021
62.96259,-145.77875,0.620151199,0.870153599,1.070153599
62.96384,-148.72165,0.328381416,0.513796178,0.713796178
62.96599,-147.45074,0.57904071,0.793895796,0.993895796
62.96618,-146.33601,0.58323507,0.7888749,0.9888749
62.96651,-148.08621,0.614608719,0.823738628,1.023738628
62.9671,-144.89758,0.593224102,0.785046651,0.985046651
62.96731,-146.89337,0.570584165,0.786342955,0.986342955
63.22668,-144.95659,0.100390589,0.402627126,0.602627126
63.22742,-145.9252,0.467984803,0.638362459,0.838362459
63.22797,-145.44089,0.317525117,0.50383098,0.70383098
63.22844,-148.25626,0.470601759,0.634736519,0.834736519
63.22874,-147.61432,0.618892601,0.849980914,1.049980914
63.23007,-144.55066,0.021752649,0.359493807,0.559493807
63.23036,-146.4882,0.488472423,0.671697184,0.871697184
63.23079,-147.05127,0.267238803,0.450170092,0.650170092
63.23263,-148.33534,0.455730654,0.625091598,0.825091598
63.2329,-145.035,0,0.290777893,0.490777893
63.15954,-144.57947,0.292324795,0.502895674,0.702895674
63.15977,-147.07324,0.413218224,0.602421078,0.802421078
63.16138,-148.35379,0.391691628,0.56743004,0.76743004
63.1622,-146.02869,0.350300332,0.533751678,0.733751678
63.1622,-147.7135,0.393578753,0.580588151,0.780588151
63.16227,-145.0625,0.430109549,0.623620097,0.823620097
63.16317,-145.54559,0.53151576,0.72906568,0.92906568
63.16468,-146.59027,0.495095924,0.665214237,0.865214237
63.16468,-147.15192,0.334258145,0.517578161,0.717578161
63.1655,-148.43268,0.31761827,0.488669629,0.688669629
63.89936,-148.65173,0.902977462,1.368404275,1.568404275
63.89954,-146.17746,0.903611852,1.219082173,1.419082173
63.90054,-147.33357,0.592225686,0.754224811,0.954224811
63.90062,-145.18295,1.311682284,1.923021213,2.123021213
63.90103,-145.68022,1.207698887,1.760231067,1.960231067
63.90131,-146.75551,0.78674025,1.033292004,1.233292004
63.90162,-147.99268,0.408285025,0.553675733,0.753675733
63.90332,-148.733,0.924772207,1.383919997,1.583919997
63.90473,-144.76617,1.248952039,1.897250354,2.097250354
63.90503,-146.25827,0.891057193,1.182070063,1.382070063
62.68829,-146.5071,0.665352191,0.856446598,1.056446598
62.6886,-144.60944,0.911428847,1.337464601,1.537464601
62.68867,-147.05856,0.671950189,0.901435396,1.101435396
62.69057,-148.31619,0.38749676,0.538657946,0.738657946
62.69109,-146.03271,0.74894883,1.059694218,1.259694218
62.6912,-147.68735,0.556107957,0.760560207,0.960560207
62.69123,-145.08382,0.819052465,1.175894188,1.375894188
62.69205,-145.55827,0.749063529,1.058120343,1.258120343
62.69355,-146.58424,0.647496126,0.835444369,1.035444369
62.69359,-147.13583,0.669719558,0.888943162,1.088943162
62.89025,-144.84778,0.676442933,0.921616321,1.121616321
62.89108,-148.02713,0.571477875,0.821487334,1.021487334
62.89131,-146.83774,0.676585687,0.938849801,1.138849801
62.89188,-145.80392,0.633368068,0.873012035,1.073012035
62.89198,-145.32584,0.610362905,0.812926169,1.012926169
62.89264,-148.73885,0.43385349,0.631890327,0.831890327
62.89495,-147.47139,0.522725337,0.694580558,0.894580558
62.89537,-146.3597,0.553567176,0.758281894,0.958281894
62.8954,-148.10515,0.643708057,0.902926803,1.102926803
62.89638,-146.91556,0.672190279,0.924674773,1.124674773
62.98216,-146.56992,0.537504529,0.71110738,0.91110738
62.98226,-147.12762,0.650269541,0.901163186,1.101163186
62.98328,-144.65079,0.630913188,0.868827939,1.068827939
62.98337,-148.39943,0.417358135,0.59749409,0.79749409
62.98443,-147.76352,0.385398713,0.568059618,0.768059618
62.98516,-146.09018,0.611595635,0.831894372,1.031894372
62.98574,-145.13055,0.466253135,0.642639961,0.842639961
62.98635,-145.61038,0.524082619,0.709262062,0.909262062
62.98715,-147.20576,0.681861411,0.972958216,1.172958216
62.98738,-146.64795,0.521122505,0.693301982,0.893301982
62.75296,-147.51236,0.577802239,0.767549323,0.967549323
62.7532,-148.14268,0.401895812,0.569563377,0.769563377
62.75377,-146.40668,0.74639298,1.093118545,1.293118545
62.75459,-146.95953,0.602619407,0.832612955,1.032612955
62.75552,-144.97987,0.768081925,1.066147065,1.266147065
62.75616,-145.93111,0.66203729,0.913566704,1.113566704
62.75674,-145.45547,0.715828678,1.002225457,1.202225457
62.75745,-148.22032,0.407239368,0.584551562,0.784551562
62.7576,-147.58989,0.531240629,0.713043483,0.913043483
62.75902,-144.58124,0.755981168,1.040200294,1.240200294
63.01486,-145.03922,0.446643135,0.63654562,0.83654562
63.01498,-145.99994,0.54581756,0.773178301,0.973178301
63.01542,-147.67523,0.392630319,0.575480002,0.775480002
63.01584,-145.51958,0.567436766,0.764775775,0.964775775
63.0176,-146.55835,0.53874732,0.71400024,0.91400024
63.01775,-147.11681,0.639990052,0.874420258,1.074420258
63.01851,-144.6366,0.645809275,0.886800835,1.086800835
63.01898,-148.39035,0.361033657,0.530082094,0.730082094
63.01997,-147.75356,0.447087186,0.641712172,0.841712172
63.02056,-146.07796,0.592863657,0.817035133,1.017035133
63.98138,-147.47424,0.432175259,0.593575723,0.793575723
63.98158,-146.31439,0.864408326,1.109840142,1.309840142
63.98171,-148.13547,0.698691645,1.000083706,1.200083706
63.98192,-144.81775,1.38303953,2.086599219,2.286599219
63.98277,-146.89432,0.815737715,1.073511691,1.273511691
63.98359,-145.81552,1.241816736,1.84765008,2.04765008
63.98369,-145.31662,1.225510394,1.798856535,1.998856535
63.98599,-148.2169,0.803829769,1.223246326,1.423246326
63.98606,-147.55557,0.52705884,0.721012394,0.921012394
63.98699,-146.39548,0.842535347,1.075025065,1.275025065
63.34511,-145.07227,0,0.326340451,0.526340451
63.34597,-145.55881,0.301286465,0.544932483,0.744932483
63.34724,-147.17654,0.59541381,0.808041815,1.008041815
63.34734,-146.6109,0.116215339,0.406338588,0.606338588
63.34779,-148.4664,0.394347756,0.559126272,0.759126272
63.34887,-144.66447,0.756404391,1.103879766,1.303879766
63.34915,-147.82147,0.553747156,0.743428569,0.943428569
63.3505,-146.12436,0.238047496,0.470915831,0.670915831
63.35128,-145.15106,0,0.306338449,0.506338449
63.35183,-145.63771,0.584355171,0.82595147,1.02595147
62.79204,-145.4425,0.706577219,1.003562557,1.203562557
62.79299,-148.21107,0.628061242,0.90304558,1.10304558
62.79311,-147.57979,0.484679176,0.656091254,0.856091254
62.79422,-144.56708,0.72899016,1.001862962,1.201862962
62.79449,-146.4724,0.696953415,1.019688615,1.219688615
62.79502,-147.02612,0.599208507,0.82397487,1.02397487
62.797,-145.04337,0.749939627,1.058683238,1.258683238
62.79713,-145.99609,0.624061088,0.868067205,1.068067205
62.7972,-148.28885,0.654841906,0.936884054,1.136884054
62.79771,-147.65744,0.47427728,0.643173428,0.843173428
63.08014,-145.89697,0.595932284,0.828625084,1.028625084
63.08059,-145.41541,0.473530228,0.65610132,0.85610132
63.0818,-148.21483,0.383688371,0.549587593,0.749587593
63.08189,-147.57651,0.633648079,0.853269385,1.053269385
63.08255,-144.53024,0.399054902,0.585510028,0.785510028
63.08321,-146.45679,0.575973732,0.805411654,1.005411654
63.08378,-147.01666,0.469031613,0.641269391,0.841269391
63.08544,-145.01183,0.443016178,0.629652402,0.829652402
63.08579,-145.97516,0.601497746,0.834064017,1.034064017
63.08601,-148.29346,0.369059743,0.548850107,0.748850107
63.51959,-146.4725,0,0.003395609,0.203395609
63.52009,-147.04193,0.326812159,0.525094458,0.725094458
63.52189,-145.00284,0.526583329,0.689451889,0.889451889
63.52197,-148.34056,0.311000848,0.49778843,0.69778843
63.52222,-145.98264,0.746862075,1.067866149,1.267866149
63.52267,-147.69122,0.109587614,0.381577011,0.581577011
63.52299,-145.49274,0,0.235472298,0.435472298
63.52489,-146.55215,0,0,0.2
63.52504,-147.12172,0.190428579,0.413657092,0.613657092
63.52542,-144.59221,0.391805991,0.546446308,0.746446308
63.96022,-145.49196,1.295244099,1.976100948,2.176100948
63.96207,-146.56979,0.831465692,1.094005488,1.294005488
63.96212,-147.14926,0.613624841,0.800908088,1.000908088
63.96262,-144.57576,1.013465882,1.405957728,1.605957728
63.96277,-148.4707,0.711908814,1.041849462,1.241849462
63.96411,-147.81,0.918557208,1.391618842,1.591618842
63.96505,-146.07133,1.03229606,1.448902168,1.648902168
63.96531,-145.07425,1.291791771,1.889787629,2.089787629
63.96614,-145.57278,1.314319178,2.014634524,2.214634524
63.96683,-148.55215,0.789858196,1.196017169,1.396017169
62.72648,-145.07037,0.787709071,1.116724956,1.316724956
62.72669,-147.67741,0.626948266,0.852854236,1.052854236
62.72736,-145.54546,0.721369595,0.988602295,1.188602295
62.72897,-146.57281,0.682329479,0.911243022,1.111243022
62.72904,-147.12514,0.694830042,0.961279606,1.161279606
62.73024,-144.67218,0.818665996,1.137590346,1.337590346
62.73026,-148.38467,0.512854467,0.708051546,0.908051546
62.73124,-147.7549,0.586560655,0.797004317,0.997004317
62.73199,-146.09772,0.708310396,1.000727676,1.200727676
62.73263,-145.14732,0.788531382,1.114272203,1.314272203
63.5739,-148.65184,0.518182553,0.691790775,0.891790775
63.57439,-146.20912,0.284876338,0.482204181,0.682204181
63.57517,-147.35049,0,0.010933475,0.210933475
63.57575,-145.22726,0.281493785,0.443481036,0.643481036
63.576,-145.7182,0.439494836,0.612181611,0.812181611
63.57603,-146.7798,0,0,0.2
63.57618,-148.00117,0.613992615,0.857846245,1.057846245
63.57786,-148.73206,0.641055475,0.879960047,1.079960047
63.57985,-146.28889,0,0.228825594,0.428825594
63.57993,-147.43048,0,0.000966236,0.200966236
62.97503,-148.24277,0.503747908,0.692175785,0.892175785
62.9753,-147.60706,0.419780035,0.592084967,0.792084967
62.97681,-144.57321,0.630720823,0.873264305,1.073264305
62.97688,-146.49191,0.569805432,0.749454224,0.949454224
62.97733,-147.0495,0.624897715,0.854298704,1.054298704
62.97923,-148.32108,0.513462362,0.700073179,0.900073179
62.97956,-145.05286,0.4991003,0.681858838,0.881858838
62.97959,-146.01227,0.597068758,0.825043135,1.025043135
62.97989,-147.68527,0.40286411,0.583152204,0.783152204
62.98048,-145.53256,0.609423988,0.824441644,1.024441644
63.85146,-148.41748,0.483506007,0.671465007,0.871465007
63.85257,-147.75967,0.520699534,0.701954633,0.901954633
63.85284,-145.03607,1.372106772,2.055602867,2.255602867
63.85287,-146.02872,1.058759409,1.484464858,1.684464858
63.85382,-145.53239,1.199292634,1.731710665,1.931710665
63.85523,-147.18271,0.764083669,0.990095929,1.190095929
63.85533,-146.60568,0.599704902,0.79301155,0.99301155
63.85556,-148.49855,0.546700603,0.752368393,0.952368393
63.85648,-144.62006,1.15872664,1.756753392,1.956753392
63.85707,-147.84064,0.818560264,1.179550256,1.379550256
63.33142,-146.37366,0.176715284,0.422822697,0.622822697
63.33237,-146.93893,0.367781853,0.550461768,0.750461768
63.33265,-144.91476,0,0.295424776,0.495424776
63.33368,-145.88737,0.294843584,0.510285704,0.710285704
63.3341,-145.40106,0,0.088649047,0.288649047
63.33532,-148.22809,0.582094621,0.759833583,0.959833583
63.33548,-147.58348,0.552068841,0.744314604,0.944314604
63.33678,-146.4527,0.089955959,0.368966742,0.568966742
63.33738,-147.0181,0.466175544,0.64898462,0.84898462
63.3389,-144.9935,0,0.271340881,0.471340881
63.37225,-146.4408,0,0.006787567,0.206787567
63.3729,-147.00699,0.498700597,0.684394991,0.884394991
63.37423,-144.97958,0.256149571,0.488603695,0.688603695
63.37479,-145.95377,0.074708664,0.364160652,0.564160652
63.37517,-148.29817,0.596165209,0.789247208,0.989247208
63.37544,-145.46667,0,0.207326098,0.407326098
63.37566,-147.65256,0.553821756,0.748518461,0.948518461
63.37757,-146.51999,0,0.078411631,0.278411631
63.3777,-144.57132,0.773304484,1.076551666,1.276551666
63.37788,-147.08629,0.540800024,0.729835315,0.929835315
63.66055,-147.5697,0,0.253239015,0.453239015
63.66167,-146.42445,0.605762619,0.797627037,0.997627037
63.66238,-146.9971,0,0.278827673,0.478827673
63.66338,-144.94659,0.922944221,1.270177345,1.470177345
63.66411,-145.93187,1.540496108,2.260810342,2.460810342
63.66464,-148.30299,0.678796952,0.928426472,1.128426472
63.66467,-145.43924,0.552362334,0.728987674,0.928987674
63.66517,-147.65001,0.014029163,0.286277179,0.486277179
63.66673,-144.53369,1.323018544,1.947571708,2.147571708
63.667,-146.50455,0.38886065,0.523844773,0.723844773
63.6469,-145.69211,0.786504331,1.104220338,1.304220338
63.64715,-146.75665,0,0.097611167,0.297611167
63.64748,-147.98145,0.40865898,0.580006479,0.780006479
63.64926,-148.71439,0.825338208,1.158996649,1.358996649
63.65073,-144.78719,0.77850523,1.098413942,1.298413942
63.65085,-146.26437,0.464376646,0.621351031,0.821351031
63.65116,-147.40916,0,0.082175499,0.282175499
63.65185,-148.0618,0.457064707,0.620788217,0.820788217
63.65228,-146.83676,0,0.006617113,0.206617113
63.65263,-145.27957,0.980741966,1.424604216,1.624604216
63.13922,-145.2325,0.460375926,0.650258486,0.850258486
63.13945,-145.71518,0.504523964,0.714277791,0.914277791
63.13959,-146.75888,0.396580387,0.575553397,0.775553397
63.14001,-147.95969,0.460754022,0.65461563,0.85461563
63.14195,-148.67825,0.307201714,0.489232275,0.689232275
63.14332,-146.27625,0.364401966,0.544595531,0.744595531
63.14349,-144.82797,0.295124886,0.479941814,0.679941814
63.14361,-147.39859,0.455399183,0.661325481,0.861325481
63.14439,-148.03845,0.34482919,0.515630647,0.715630647
63.14471,-146.83742,0.36115679,0.535224492,0.735224492
63.81736,-146.04143,1.072589332,1.490363837,1.690363837
63.81743,-145.05017,1.322732377,1.964363222,2.164363222
63.81833,-145.54579,1.051844279,1.530277564,1.730277564
63.81961,-147.19379,0.546469463,0.718719942,0.918719942
63.81976,-146.61758,0.404035701,0.55919514,0.75919514
63.81984,-148.50778,0.462322714,0.64404876,0.84404876
63.82112,-144.63474,1.224500468,1.847727479,2.047727479
63.82137,-147.85078,0.470238796,0.648063308,0.848063308
63.82294,-146.12193,0.857259055,1.135302381,1.335302381
63.82363,-145.13043,1.379549799,1.997439985,2.197439985
63.65268,-145.77199,0.808939719,1.13401786,1.33401786
63.65317,-148.79486,0.818189016,1.098533122,1.298533122
63.65588,-147.48941,0,0.189026427,0.389026427
63.65617,-148.14218,0.535885337,0.725030838,0.925030838
63.65629,-146.34439,0.597076804,0.776079153,0.976079153
63.65708,-144.86688,0.953394523,1.382674488,1.582674488
63.65735,-146.91692,0,0.040709671,0.240709671
63.65842,-145.8519,1.149771495,1.771409302,1.971409302
63.65867,-145.35938,0.640527671,0.829482303,1.029482303
63.66043,-148.22256,0.625509816,0.841856965,1.041856965
62.70142,-144.76294,0.862626655,1.19234985,1.39234985
62.70214,-146.18686,0.724182431,1.01606907,1.21606907
62.70285,-148.54871,0.4815389,0.665261528,0.865261528
62.70329,-147.29042,0.590741549,0.778675279,0.978675279
62.70346,-145.23756,0.804993743,1.160580257,1.360580257
62.7037,-145.71223,0.735793172,1.051086337,1.251086337
62.70393,-146.73865,0.611261816,0.823469598,1.023469598
62.70466,-147.91956,0.512478281,0.68820992,0.88820992
62.70684,-148.62625,0.534554761,0.736441502,0.936441502
62.70761,-146.26399,0.750035036,1.079066827,1.279066827
63.75449,-147.95166,0.632837753,0.865744593,1.065744593
63.75642,-148.68768,0.599968338,0.827344823,1.027344823
63.7568,-144.74396,1.503335374,2.21248033,2.41248033
63.75742,-146.22734,0.749028828,0.970833289,1.170833289
63.758,-147.37695,0.324278443,0.491428698,0.691428698
63.75887,-148.03235,0.54495023,0.742215664,0.942215664
63.7589,-145.2384,0.809119707,1.108787487,1.308787487
63.75897,-146.80214,0.887211053,1.229066437,1.429066437
63.75909,-145.73288,0.927904357,1.278999461,1.478999461
63.76035,-148.76849,0.643105811,0.895395267,1.095395267
63.4259,-144.71461,0.246788537,0.437523971,0.637523971
63.42696,-146.17886,0.152384845,0.429266389,0.629266389
63.42719,-148.60757,0.616708483,0.849931418,1.049931418
63.42804,-147.31369,0.378111865,0.542676629,0.742676629
63.42812,-145.20267,0,0.222944815,0.422944815
63.42847,-145.6908,0.526542101,0.710348348,0.910348348
63.42877,-146.74628,0,0.26178778,0.46178778
63.42924,-147.96063,0.399967156,0.581735013,0.781735013
63.43116,-148.68733,0.577922305,0.782270789,0.982270789
63.43229,-144.79358,0.380333089,0.55883344,0.75883344
63.8649,-147.34445,0.652030087,0.832260611,1.032260611
63.86519,-145.19687,1.401615387,2.060898351,2.260898351
63.86554,-145.69345,1.085410155,1.540307221,1.740307221
63.86573,-146.76721,0.681580831,0.885488962,1.085488962
63.86593,-148.00262,0.421588889,0.580076563,0.780076563
63.86755,-148.74191,0.875747688,1.342331988,1.542331988
63.86934,-144.78069,1.28100219,1.921017454,2.121017454
63.86947,-146.27066,0.84950045,1.127862947,1.327862947
63.86967,-147.42538,0.473889101,0.611992077,0.811992077
63.87029,-148.08368,0.252960713,0.404775148,0.604775148
63.67427,-147.81073,0.182076491,0.406141571,0.606141571
63.67533,-146.09189,0.743613906,0.97933031,1.17933031
63.67582,-145.10617,0.851819714,1.139538224,1.339538224
63.67651,-145.59903,0.829873318,1.180992912,1.380992912
63.67699,-148.54443,0.713076635,0.934826138,1.134826138
63.67717,-147.23782,0.012561571,0.324250836,0.524250836
63.67752,-146.66484,0.366535073,0.522581111,0.722581111
63.67874,-147.89111,0.34734785,0.525915132,0.725915132
63.67968,-144.69305,1.489095217,2.13878162,2.33878162
63.68088,-146.17197,0.597660595,0.777035039,0.977035039
62.89652,-148.81699,0.423925101,0.617296004,0.817296004
62.89655,-144.92517,0.636589403,0.855318099,1.055318099
62.89758,-145.88153,0.620476142,0.839230086,1.039230086
62.89798,-145.40334,0.598180626,0.812342366,1.012342366
62.89962,-147.54933,0.523007728,0.693110164,0.893110164
62.89967,-148.1832,0.642596328,0.841266376,1.041266376
62.89985,-144.52435,0.686237555,0.936988637,1.136988637
62.90073,-146.43742,0.562744469,0.777130841,0.977130841
62.90139,-146.99339,0.653537404,0.882951918,1.082951918
62.90279,-145.00258,0.633243984,0.853838377,1.053838377
63.21965,-146.33076,0.31641393,0.49684325,0.69684325
63.21992,-148.09818,0.515567379,0.699245943,0.899245943
63.22039,-144.8782,0.118904722,0.381673427,0.581673427
63.22078,-146.8936,0.25722539,0.443711412,0.643711412
63.22174,-145.8466,0.506880702,0.691257343,0.891257343
63.22199,-145.3624,0.182892297,0.394531042,0.594531042
63.22411,-147.53537,0.660265349,0.917849153,1.117849153
63.22421,-148.1772,0.521406553,0.692726869,0.892726869
63.22503,-146.40947,0.414374803,0.602673368,0.802673368
63.2258,-146.97241,0.275624608,0.455223822,0.655223822
63.27962,-146.14897,0.45975955,0.649128288,0.849128288
63.28053,-148.56381,0.388650048,0.55133528,0.75133528
63.28057,-145.17836,0,0.073819857,0.273819857
63.28101,-145.66367,0.578915526,0.818812634,1.018812634
63.28101,-147.2773,0.422010095,0.60577506,0.80577506
63.28156,-146.71312,0.306092045,0.53210229,0.73210229
63.28238,-147.92056,0.581433149,0.772288494,0.972288494
63.28453,-148.64313,0.431921493,0.607075096,0.807075096
63.28468,-144.77161,0.218353683,0.478019898,0.678019898
63.28511,-146.22781,0.446999498,0.633711072,0.833711072
63.26583,-146.47641,0.488084196,0.673853195,0.873853195
63.26633,-147.04025,0.401929242,0.582525597,0.782525597
63.26822,-145.02121,0,0.164158568,0.364158568
63.26825,-148.32608,0.478787321,0.635015768,0.835015768
63.26847,-145.99138,0.464864234,0.635751431,0.835751431
63.2689,-147.68314,0.598061876,0.808829866,1.008829866
63.26927,-145.50629,0.158468215,0.411157349,0.611157349
63.27113,-146.55527,0.420279824,0.619020722,0.819020722
63.27127,-147.11923,0.403828493,0.594330579,0.794330579
63.27184,-144.61462,0.048881078,0.348999969,0.548999969
63.64106,-145.61224,0.757116168,1.076088094,1.276088094
63.64129,-148.55353,0.678449152,0.921232516,1.121232516
63.64157,-147.24875,0,0,0.2
63.64197,-146.67657,0,0.136404057,0.336404057
63.64306,-147.90114,0.330190856,0.508024236,0.708024236
63.64433,-144.70755,0.808612404,1.156147934,1.356147934
63.6453,-148.63394,0.784557228,1.086817382,1.286817382
63.64537,-146.18439,0.518002049,0.671947338,0.871947338
63.64639,-147.32893,0,0,0.2
63.64654,-145.1998,0.845079963,1.170452941,1.370452941
62.70774,-144.83974,0.847783123,1.169472269,1.369472269
62.70807,-147.36777,0.576656761,0.769118434,0.969118434
62.70904,-146.81587,0.654299839,0.899090307,1.099090307
62.70904,-147.99701,0.528468991,0.696976508,0.896976508
62.70945,-145.78925,0.763845401,1.120878762,1.320878762
62.70951,-145.31448,0.779802631,1.11212009,1.31212009
62.71079,-148.70383,0.562162108,0.758964641,0.958964641
62.7128,-147.44513,0.630918754,0.840856197,1.040856197
62.71301,-146.34116,0.753105252,1.097165967,1.297165967
62.71338,-148.07449,0.445677561,0.584441374,0.784441374
63.32601,-146.29462,0.272459906,0.483347616,0.683347616
63.32611,-147.42496,0.559269218,0.755317409,0.955317409
63.32634,-144.83606,0.251112499,0.497851614,0.697851614
63.32676,-148.06935,0.598955014,0.797969091,0.997969091
63.32731,-146.8598,0.27512182,0.484697764,0.684697764
63.32797,-145.80846,0.53982832,0.751828297,0.951828297
63.32804,-148.79315,0.503128033,0.678950992,0.878950992
63.32809,-145.32225,0,0.033839059,0.233839059
63.33082,-147.50421,0.540994864,0.727248007,0.927248007
63.33107,-148.14871,0.613937073,0.805715337,1.005715337
62.72028,-144.99345,0.794642265,1.104817251,1.304817251
62.72082,-145.94342,0.74390027,1.066503364,1.266503364
62.72145,-145.46843,0.72106344,1.00636188,1.20636188
62.72192,-148.22954,0.398055456,0.558366391,0.758366391
62.72211,-147.59996,0.597455882,0.805638848,1.005638848
62.7237,-146.49557,0.697342742,0.954552464,1.154552464
62.7238,-144.59535,0.802691236,1.138622369,1.338622369
62.72411,-147.04779,0.682555959,0.949870666,1.149870666
62.72611,-148.3071,0.47503512,0.664810815,0.864810815
62.72643,-146.02054,0.725159722,1.039884131,1.239884131
63.06018,-144.7002,0.466794227,0.646079089,0.846079089
63.06153,-146.14383,0.553488853,0.743746961,0.943746961
63.06247,-145.18138,0.430487601,0.625216961,0.825216961
63.06274,-148.53842,0.345425469,0.533738271,0.733738271
63.06291,-145.66263,0.452264179,0.645014004,0.845014004
63.06298,-147.2627,0.484258023,0.68769454,0.88769454
63.06348,-146.70325,0.487210501,0.67072199,0.87072199
63.06446,-147.90056,0.502291262,0.684949347,0.884949347
63.06657,-144.77805,0.462697123,0.640575055,0.840575055
63.06675,-148.61703,0.426017248,0.624774446,0.824774446
63.19283,-148.26559,0.493592025,0.669354743,0.869354743
63.19318,-147.62454,0.58522956,0.801331782,1.001331782
63.1948,-144.56508,0,0.246477785,0.446477785
63.19487,-146.49997,0.529334843,0.719662276,0.919662276
63.19527,-147.06227,0.344279887,0.528230217,0.728230217
63.19701,-148.34457,0.438727656,0.611376144,0.811376144
63.19759,-145.04877,0.288389054,0.491772118,0.691772118
63.19763,-146.01628,0.43410855,0.616678761,0.816678761
63.19776,-147.7034,0.518860971,0.721674217,0.921674217
63.19854,-145.53253,0.53444946,0.727611355,0.927611355
62.87754,-144.69313,0.702737971,0.979649858,1.179649858
62.87781,-147.79318,0.490072163,0.672902628,0.872902628
62.87901,-146.12668,0.567848572,0.81659602,1.01659602
62.87985,-145.17096,0.655085882,0.8783797,1.0783797
62.88034,-145.64883,0.638015532,0.868069437,1.068069437
62.88066,-147.23773,0.598853336,0.797734982,0.997734982
62.88071,-148.50455,0.691974913,0.955251226,1.155251226
62.88105,-146.68219,0.603012433,0.950231339,1.150231339
62.88228,-147.87115,0.425549401,0.608261084,0.808261084
62.88392,-144.77045,0.703403891,1.001113657,1.201113657
62.80501,-146.62735,0.589651346,0.818007378,1.018007378
62.80547,-148.44446,0.707277243,0.985498883,1.185498883
62.80677,-147.81285,0.639030343,0.891394188,1.091394188
62.80709,-144.72116,0.719378789,0.980741438,1.180741438
62.80824,-146.15085,0.590372872,0.814017276,1.014017276
62.80929,-145.19771,0.705126802,0.969730782,1.169730782
62.80954,-148.52228,0.75206742,1.093340731,1.293340731
62.80966,-145.67429,0.645211097,0.872741554,1.072741554
62.80971,-147.2589,0.578592396,0.767536324,0.967536324
62.8102,-146.70486,0.580637035,0.82003481,1.02003481
62.74478,-145.77673,0.690032206,0.963048193,1.163048193
62.74637,-148.69525,0.699643328,0.99187994,1.19187994
62.74827,-147.43486,0.579296073,0.784285719,0.984285719
62.74839,-146.32938,0.700504556,0.997058301,1.197058301
62.74891,-148.06506,0.503369875,0.678550173,0.878550173
62.74926,-144.90289,0.795975001,1.112727594,1.312727594
62.74957,-146.88213,0.62024636,0.849143144,1.049143144
62.75027,-148.77295,0.842176115,1.269702113,1.469702113
62.7505,-145.85391,0.702033675,0.983792267,1.183792267
62.75078,-145.37839,0.736331301,1.054254459,1.254254459
63.681,-148.62497,0.718745471,0.934659309,1.134659309
63.68196,-145.186,0.960303174,1.350626073,1.550626073
63.682,-147.31812,0,0.159481199,0.359481199
63.68234,-145.67899,0.864066,1.20536427,1.40536427
63.6827,-146.74503,0.307374012,0.47699664,0.67699664
63.68316,-147.97156,0.395113457,0.569992154,0.769992154
63.68497,-148.70551,0.757424189,1.015326683,1.215326683
63.68608,-144.77281,1.20197065,1.806993087,2.006993087
63.68636,-146.25206,0.570093081,0.744619792,0.944619792
63.68677,-147.39845,0,0.11577858,0.31577858
63.61355,-148.72324,0.778585597,1.127166897,1.327166897
63.61535,-144.80151,0.744282443,1.00275183,1.20275183
63.61535,-146.27664,0.321554345,0.465435764,0.665435764
63.61552,-147.41983,0,0.06848751,0.26848751
63.61619,-148.07156,0.602163511,0.802446185,1.002446185
63.61672,-146.84824,0,0,0.2
63.61723,-145.29321,0.875614803,1.272944366,1.472944366
63.61723,-145.78494,0.727397902,1.044549607,1.244549607
63.61746,-148.80359,0.872473718,1.25289776,1.45289776
63.62024,-147.49998,0,0.277922451,0.477922451
62.85668,-145.33902,0.60830243,0.821030842,1.021030842
62.85704,-148.74741,0.61541838,0.862907443,1.062907443
62.85946,-147.48167,0.517726202,0.695002072,0.895002072
62.85985,-148.11456,0.752071551,1.097635149,1.297635149
62.85994,-146.37149,0.570368242,0.80220827,1.00220827
62.86092,-146.92657,0.648716663,0.881651559,1.081651559
62.86129,-144.93889,0.693292168,0.937578468,1.137578468
62.86222,-145.89398,0.575040408,0.793290321,0.993290321
62.86267,-145.41643,0.631380027,0.865816096,1.065816096
62.86412,-147.55951,0.528770926,0.696260737,0.896260737
64.0075,-147.30072,0.73128253,0.973516093,1.173516093
64.00812,-146.72018,0.629718544,0.841168385,1.041168385
64.00873,-147.96262,0.594201435,0.795933625,0.995933625
64.01056,-148.7061,0.847972844,1.24516013,1.44516013
64.01093,-144.72241,1.413407574,2.14060427,2.34060427
64.01167,-146.22083,0.872328377,1.160135365,1.360135365
64.01229,-147.38208,0.638783772,0.867701775,1.067701775
64.01309,-145.22186,1.224627962,1.824533025,2.024533025
64.01311,-148.04413,0.675015237,0.948389292,1.148389292
64.01328,-146.80145,0.7405012,0.995862307,1.195862307
63.49273,-145.09602,0.411287968,0.592207764,0.792207764
63.49346,-145.58536,0,0.155962235,0.355962235
63.49437,-147.21243,0.186556891,0.39835496,0.59835496
63.4945,-148.5097,0.313269303,0.495989517,0.695989517
63.49462,-146.64355,0,0.179939902,0.379939902
63.49608,-147.86107,0.320560444,0.517528972,0.717528972
63.49656,-144.68588,0.409525409,0.567815164,0.767815164
63.4979,-146.15419,0.186317925,0.403993689,0.603993689
63.49852,-148.58966,0.323689285,0.502228706,0.702228706
63.49888,-145.17529,0.100985696,0.32619566,0.52619566
63.95379,-145.90948,1.148077375,1.662178674,1.862178674
63.95425,-145.41116,1.276754669,1.923017137,2.123017137
63.95449,-148.30792,0.606525014,0.849921846,1.049921846
63.955,-147.64743,0.65128483,0.904022467,1.104022467
63.95677,-146.48875,0.824424806,1.061676242,1.261676242
63.95718,-147.06812,0.708750643,0.89892783,1.09892783
63.95865,-148.38931,0.660531584,0.950617258,1.150617258
63.95909,-144.99353,1.188927913,1.731308817,1.931308817
63.95945,-145.99039,1.079210563,1.551338789,1.751338789
63.95958,-147.7287,0.897221147,1.393132756,1.593132756
62.86412,-148.19252,0.741761629,1.014466282,1.214466282
62.86463,-144.53864,0.687110483,0.931970974,1.131970974
62.86529,-146.44911,0.562898479,0.789469141,0.989469141
62.86593,-147.00433,0.641837193,0.864143769,1.064143769
62.86753,-145.0162,0.69059672,0.941116126,1.141116126
62.86787,-145.97153,0.53158348,0.74584911,0.94584911
62.86834,-148.27049,0.738312696,1.024892776,1.224892776
62.8686,-145.49387,0.656441548,0.919818163,1.119818163
62.86872,-147.63739,0.525122112,0.697378703,0.897378703
62.87059,-146.52676,0.524361759,0.735243947,0.935243947
63.74152,-145.49234,0.593250016,0.801993405,1.001993405
63.74337,-146.5609,0.731991051,0.959683959,1.159683959
63.74347,-147.13538,0.427044955,0.5852777,0.7852777
63.7439,-144.58406,1.70503558,2.536895754,2.736895754
63.74434,-148.44543,0.572594235,0.762646875,0.962646875
63.74556,-147.79039,0.589817932,0.80236591,1.00236591
63.74636,-146.06674,1.033003802,1.432319079,1.632319079
63.74661,-145.07825,1.075902595,1.473913272,1.673913272
63.74742,-145.57248,0.758827526,1.045000493,1.245000493
63.74836,-147.21588,0.210223369,0.369818442,0.569818442
63.33932,-145.96634,0.203637954,0.423899168,0.623899168
63.33953,-148.3075,0.530342293,0.700771324,0.900771324
63.34006,-145.47992,0,0.300739183,0.500739183
63.34008,-147.66278,0.563574586,0.753458992,0.953458992
63.34209,-146.53178,0.103643241,0.393556987,0.593556987
63.34234,-147.09731,0.533397618,0.726508797,0.926508797
63.34241,-144.58578,0.693735498,0.936217209,1.136217209
63.34369,-148.38693,0.436029708,0.60516586,0.80516586
63.34464,-147.7421,0.557721914,0.744932964,0.944932964
63.34494,-146.04532,0.214970551,0.442723195,0.642723195
63.36373,-148.78448,0.611005509,0.815947041,1.015947041
63.36639,-147.49377,0.567932952,0.768777759,0.968777759
63.36669,-148.13916,0.610039229,0.820034847,1.020034847
63.36689,-146.36163,0,0.114627444,0.314627444
63.36789,-146.9277,0.438482001,0.625563062,0.825563062
63.36797,-144.90074,0.046776443,0.329963887,0.529963887
63.36912,-145.87469,0.262630565,0.514225022,0.714225022
63.36947,-145.38771,0,0.008874079,0.208874079
63.37096,-148.21866,0.630443547,0.853849742,1.053849742
63.37105,-147.57314,0.56682205,0.76743476,0.96743476
63.35771,-146.76924,0.221667793,0.452512288,0.652512288
63.35802,-147.98026,0.564109067,0.769348846,0.969348846
63.35982,-148.70493,0.637237154,0.854920666,1.054920666
63.36148,-146.2825,0,0.232420811,0.432420811
63.36165,-144.82196,0.071374347,0.347337414,0.547337414
63.36168,-147.41441,0.544239424,0.734329727,0.934329727
63.36238,-148.05969,0.56935173,0.785290404,0.985290404
63.36283,-146.84845,0.304226277,0.510062605,0.710062605
63.3634,-145.79567,0.559606297,0.812616026,1.012616026
63.36346,-145.30879,0,0.061566822,0.261566822
63.60109,-147.1796,0,0,0.2
63.60122,-146.60832,0,0,0.2
63.60154,-148.48232,0.545916292,0.734323544,0.934323544
63.60254,-144.64249,0.668273562,0.916788039,1.116788039
63.60296,-147.83095,0.475039922,0.685860443,0.885860443
63.60436,-146.11691,0.571211853,0.742630547,0.942630547
63.60501,-145.13393,0.422085908,0.567394326,0.767394326
63.6056,-148.56259,0.572954914,0.76995905,0.96995905
63.60562,-145.62543,0.560689687,0.764868141,0.964868141
63.60595,-147.25964,0,0,0.2
62.785,-146.87106,0.458369296,0.635315993,0.835315993
62.78583,-145.84146,0.658789943,0.914992579,1.114992579
62.78585,-148.76447,0.892039951,1.405588075,1.605588075
62.78607,-145.3653,0.716162773,1.021629683,1.221629683
62.78846,-147.50217,0.519985226,0.70344023,0.90344023
62.78874,-148.13333,0.661084695,0.960519785,1.160519785
62.78915,-146.39497,0.672000895,0.981905865,1.181905865
62.79004,-146.94858,0.495805369,0.679927649,0.879927649
62.79079,-144.96625,0.751636537,1.051762939,1.251762939
62.7915,-145.91876,0.630053828,0.87102607,1.07102607
63.44622,-145.44006,0,0.131317448,0.331317448
63.44644,-148.27942,0.488757398,0.666481108,0.866481108
63.44685,-147.632,0.321681912,0.496216181,0.696216181
63.44831,-144.54224,0.260151747,0.424927168,0.624927168
63.44859,-146.49631,0,0.07096194,0.27096194
63.44899,-147.06418,0.414680019,0.596448149,0.796448149
63.45062,-148.35919,0.436881197,0.618288211,0.818288211
63.45116,-145.03073,0.321092705,0.491522191,0.691522191
63.4513,-146.00781,0.462928279,0.686332086,0.886332086
63.45143,-147.71167,0.397187903,0.58127096,0.78127096
63.53959,-147.36121,0,0.275912284,0.475912284
63.54037,-145.24097,0.041336617,0.273547751,0.473547751
63.54049,-146.79132,0,0.296276961,0.496276961
63.54054,-148.011,0.381255274,0.578072086,0.778072086
63.54056,-145.73122,0.383808834,0.581290849,0.781290849
63.54216,-148.74086,0.545932867,0.747487209,0.947487209
63.54433,-146.3011,0,0.023216942,0.223216942
63.54433,-147.4411,0,0.150899159,0.350899159
63.54466,-144.83006,0.998160263,1.394650048,1.594650048
63.54489,-148.09102,0.440199005,0.631610864,0.831610864
63.5261,-148.42056,0.268093421,0.445973961,0.645973961
63.52721,-147.77113,0.143677845,0.393083744,0.593083744
63.52782,-146.06221,0.438455056,0.616677325,0.816677325
63.52809,-145.08217,0.410119255,0.556385321,0.756385321
63.5289,-145.57219,0.02374925,0.316753417,0.516753417
63.52993,-147.20151,0.024925906,0.32773921,0.52773921
63.53013,-146.63184,0,0,0.2
63.53019,-148.50061,0.317823224,0.487493508,0.687493508
63.5317,-147.85106,0.153969692,0.391867084,0.591867084
63.53188,-144.67146,0.440464507,0.584122967,0.784122967
62.90323,-145.95917,0.591393384,0.803767164,1.003767164
62.9039,-148.26128,0.627834165,0.837673691,1.037673691
62.90392,-145.48087,0.641578229,0.886072946,1.086072946
62.90424,-147.6273,0.47518144,0.645816712,0.845816712
62.90604,-146.5152,0.55617177,0.77733014,0.97733014
62.90633,-144.60168,0.678630987,0.932777818,1.132777818
62.90635,-147.07126,0.616018072,0.820935886,1.020935886
62.90807,-148.33939,0.598792747,0.809794599,1.009794599
62.90881,-147.70529,0.447068517,0.61894974,0.81894974
62.90884,-146.03685,0.586884743,0.800351382,1.000351382
63.72753,-148.12277,0.418986833,0.596947839,0.796947839
63.72781,-144.8383,1.281943814,2.005288521,2.205288521
63.7285,-146.89407,0.648165369,0.879979253,1.079979253
63.72939,-145.82608,0.96372756,1.387113632,1.587113632
63.72953,-145.33218,0.459380215,0.60328053,0.80328053
63.73181,-147.54871,0.320976425,0.523895726,0.723895726
63.73181,-148.2034,0.484718746,0.683952885,0.883952885
63.73272,-146.40024,0.694444295,0.893584521,1.093584521
63.73354,-146.97449,0.688743869,0.942902533,1.142902533
63.73412,-144.91824,1.256303472,1.956426545,2.156426545
63.09364,-147.17354,0.27238957,0.442202825,0.642202825
63.09377,-146.61343,0.463813056,0.633533706,0.833533706
63.09428,-148.45081,0.352580182,0.529586757,0.729586757
63.09547,-144.68604,0.423432172,0.615980523,0.815980523
63.09557,-147.81216,0.457044119,0.643294797,0.843294797
63.09694,-146.13164,0.464843265,0.642835209,0.842835209
63.09777,-145.16788,0.41973752,0.613401748,0.813401748
63.09827,-145.64977,0.485095163,0.687145856,0.887145856
63.09834,-148.52951,0.310492531,0.487927818,0.687927818
63.09849,-147.25201,0.349535206,0.53829229,0.73829229
62.83227,-145.02982,0.732469327,1.023979532,1.223979532
62.83249,-145.98383,0.552946508,0.784766262,0.984766262
62.83278,-148.27968,0.793393954,1.171579981,1.371579981
62.83322,-147.64743,0.496201057,0.661363401,0.861363401
62.8333,-145.50681,0.657868655,0.90630346,1.10630346
62.83518,-146.53833,0.553871611,0.765370933,0.965370933
62.83543,-147.0929,0.627565394,0.842546862,1.042546862
62.83589,-144.63,0.714113346,0.987007188,1.187007188
62.83694,-148.35757,0.797274135,1.188611222,1.388611222
62.83778,-147.72522,0.523729163,0.705255119,0.905255119
62.87089,-147.08209,0.618142166,0.82580265,1.02580265
62.87111,-144.61586,0.712747738,0.994502914,1.194502914
62.87251,-148.34848,0.735032144,1.036759668,1.236759668
62.87329,-147.71527,0.523332248,0.704654977,0.904654977
62.87347,-146.04909,0.53020624,0.753530641,0.953530641
62.8737,-145.09357,0.67516925,0.912735091,1.112735091
62.87449,-145.57132,0.660464114,0.908404671,1.108404671
62.87579,-147.1599,0.614860968,0.815860394,1.015860394
62.87585,-146.60446,0.535766134,0.758006611,0.958006611
62.87663,-148.42651,0.726306752,1.029482388,1.229482388
63.2858,-147.35638,0.568440607,0.775162672,0.975162672
63.28666,-145.25699,0,0.009025852,0.209025852
63.28671,-146.79208,0.358571221,0.561489659,0.761489659
63.28678,-147.99976,0.581322464,0.779940369,0.979940369
63.28681,-145.74243,0.633674247,0.872690959,1.072690959
63.28848,-148.72244,0.445398619,0.624833488,0.824833488
63.29055,-146.3067,0.455999208,0.647606422,0.847606422
63.29055,-147.43549,0.598361812,0.807301816,1.007301816
63.29103,-144.85016,0.215736064,0.522174957,0.722174957
63.29113,-148.07898,0.574552202,0.756966763,0.956966763
63.78883,-147.28549,0.334903939,0.491739064,0.691739064
63.78941,-146.70996,0.521666952,0.706165752,0.906165752
63.79015,-147.94168,0.541754345,0.733642134,0.933642134
63.79214,-148.67874,0.624815175,0.880550296,1.080550296
63.79219,-144.72946,1.299383306,1.932951257,2.132951257
63.79293,-146.21492,0.750858973,0.968521035,1.168521035
63.79363,-147.36615,0.577979456,0.77233241,0.97233241
63.79432,-145.22459,1.195660628,1.699526691,1.899526691
63.79454,-148.02246,0.640067404,0.883050576,1.083050576
63.79457,-145.71977,1.003046932,1.395964205,1.595964205
63.41299,-144.55679,0.523728793,0.682988821,0.882988821
63.41309,-146.50818,0,0,0.2
63.41342,-147.07526,0.439865004,0.606165867,0.806165867
63.41498,-148.36847,0.55028659,0.738654252,0.938654252
63.4158,-145.0446,0.347428486,0.544680681,0.744680681
63.41583,-147.72183,0.494404756,0.686980522,0.886980522
63.41585,-146.02036,0.188735381,0.432143724,0.632143724
63.41676,-145.53247,0.178596207,0.397717498,0.597717498
63.41834,-147.15469,0.539805913,0.724515944,0.924515944
63.41837,-146.58749,0,0.00143796,0.20143796
63.14521,-145.79349,0.455539099,0.658505002,0.858505002
63.14529,-145.31073,0.431324225,0.611289191,0.811289191
63.14587,-148.75714,0.327543712,0.495081055,0.695081055
63.14834,-147.47728,0.622014891,0.855870329,1.055870329
63.14871,-148.11725,0.341808017,0.515168089,0.715168089
63.14874,-146.35469,0.398493267,0.596717859,0.796717859
63.14977,-146.91599,0.430151124,0.609015395,0.809015395
63.1498,-144.90611,0.368712141,0.56198381,0.76198381
63.15091,-145.87186,0.448585117,0.652938149,0.852938149
63.15129,-145.38898,0.433129696,0.620301172,0.820301172
63.03331,-147.98874,0.432335308,0.603981539,0.803981539
63.03333,-145.75342,0.609499274,0.847344503,1.047344503
63.03509,-148.70438,0.310644323,0.489428355,0.689428355
63.03701,-146.31219,0.533822758,0.740934056,0.940934056
63.03701,-147.42996,0.692525368,0.999657803,1.199657803
63.03764,-144.86984,0.559099949,0.745388818,0.945388818
63.03765,-148.0672,0.363751913,0.525975331,0.725975331
63.03825,-146.87109,0.546324636,0.754373354,0.954373354
63.03899,-148.78293,0.346488172,0.537797149,0.737797149
63.03906,-145.83142,0.615958966,0.857105419,1.057105419
63.13311,-145.15433,0.434970578,0.62970588,0.82970588
63.13363,-145.63687,0.492640137,0.691348263,0.891348263
63.13396,-148.52057,0.290863713,0.457956511,0.657956511
63.13404,-147.24133,0.356144112,0.553970873,0.753970873
63.13443,-146.68036,0.442550655,0.627603152,0.827603152
63.1356,-147.88095,0.446046446,0.651378176,0.851378176
63.13714,-144.74988,0.329472527,0.519985953,0.719985953
63.13786,-146.1978,0.340494638,0.52876173,0.72876173
63.13799,-148.5994,0.286344325,0.464280436,0.664280436
63.13885,-147.31995,0.372312934,0.563138962,0.763138962
63.96701,-147.23047,0.689128846,0.902993267,1.102993267
63.96732,-146.65088,0.800405586,1.048559352,1.248559352
63.96858,-147.8913,0.749236318,1.023448212,1.223448212
63.9691,-144.65637,1.236436572,1.80921372,2.00921372
63.97061,-146.15231,0.94819129,1.274849684,1.474849684
63.97084,-148.63361,0.76819725,1.111359131,1.311359131
63.97149,-145.155,1.319289854,1.94781662,2.14781662
63.97185,-147.31171,0.738344549,0.97134898,1.17134898
63.97201,-145.65367,1.325091573,2.021534184,2.221534184
63.97252,-146.73199,0.703630576,0.909736966,1.109736966
63.2514,-145.75525,0.5747348,0.792336341,0.992336341
63.25283,-148.73114,0.443383037,0.624518262,0.824518262
63.25498,-147.44598,0.624015222,0.865599831,1.065599831
63.2551,-146.31876,0.391935035,0.587450607,0.787450607
63.25553,-148.08859,0.562789318,0.750098285,0.950098285
63.2557,-144.8642,0,0.345331385,0.545331385
63.2563,-146.88235,0.216728536,0.402272155,0.602272155
63.25672,-148.81039,0.405432633,0.585015087,0.785015087
63.25714,-145.83392,0.528182298,0.720189286,0.920189286
63.25734,-145.34906,0,0.248237274,0.448237274
63.39835,-146.8371,0.370333881,0.562093149,0.762093149
63.39882,-145.29529,0,0.007211958,0.207211958
63.39882,-145.78285,0.706157347,1.04629887,1.24629887
63.3994,-148.77582,0.553164252,0.732329059,0.932329059
63.40197,-147.48328,0.520221661,0.717796867,0.917796867
63.40232,-148.12958,0.522863232,0.725732686,0.925732686
63.4024,-146.34959,0,0.046498387,0.246498387
63.40329,-144.88669,0.385576708,0.604726352,0.804726352
63.40342,-146.91644,0.442283146,0.622182126,0.822182126
63.40455,-145.86198,0.526646333,0.759611971,0.959611971
63.91153,-146.91739,0.812330364,1.036901267,1.236901267
63.91257,-145.84164,1.22631219,1.773704181,1.973704181
63.91278,-145.34413,1.321202277,1.971730344,2.171730344
63.91456,-148.23622,0.394643582,0.553882443,0.753882443
63.91471,-147.57677,0.462414068,0.612315391,0.812315391
63.91586,-146.41995,0.813289331,1.055793005,1.255793005
63.91655,-146.99838,0.846370923,1.08489756,1.28489756
63.9174,-144.92719,1.119662407,1.568944879,1.768944879
63.91828,-145.92239,1.156813705,1.6318318,1.8318318
63.91877,-148.31747,0.438340807,0.607504012,0.807504012
63.24562,-145.67661,0.580763744,0.801533438,1.001533438
63.24607,-146.72461,0.358612773,0.553651036,0.753651036
63.24679,-147.93039,0.512004148,0.696464061,0.896464061
63.24889,-148.65195,0.442899374,0.605788984,0.805788984
63.24937,-144.78577,0,0.25719268,0.45719268
63.24966,-146.23997,0.348555144,0.521001052,0.721001052
63.25023,-147.36697,0.453918607,0.656413834,0.856413834
63.25118,-148.00948,0.534132976,0.724957232,0.924957232
63.25121,-146.80347,0.346053602,0.550436862,0.750436862
63.2513,-145.27048,0,0.286185535,0.486185535
63.45883,-148.5188,0.473866496,0.656665574,0.856665574
63.4591,-146.65521,0,0.057635469,0.257635469
63.46044,-147.87106,0.428825276,0.615489281,0.815489281
63.46124,-144.70027,0.370343755,0.535889074,0.735889074
63.46243,-146.16655,0.362821227,0.59774099,0.79774099
63.46286,-148.59863,0.488147884,0.670048663,0.870048663
63.46348,-145.189,0.094507521,0.357946928,0.557946928
63.46363,-147.30293,0.232241361,0.421981572,0.621981572
63.46389,-145.6778,0.184754393,0.411470713,0.611470713
63.46429,-146.73474,0,0.187892982,0.387892982
63.62798,-144.96072,0.908963017,1.20973386,1.40973386
63.62863,-145.94461,1.392431011,2.170574301,2.370574301
63.62896,-148.31242,0.646935633,0.906009111,1.106009111
63.62924,-145.45267,0.546843912,0.711773511,0.911773511
63.62953,-147.66037,0.235331397,0.478735972,0.678735972
63.6314,-144.54837,0.956776282,1.377259862,1.577259862
63.63147,-146.51651,0.18979964,0.369384276,0.569384276
63.63177,-147.08846,0,0.063790383,0.263790383
63.63312,-148.39276,0.558388471,0.772995613,0.972995613
63.63408,-147.7406,0.238529612,0.46509895,0.66509895
63.89184,-144.60533,1.121413226,1.65484467,1.85484467
63.89274,-147.83044,0.900441934,1.3604207,1.5604207
63.894,-146.09671,0.949291959,1.298356516,1.498356516
63.89446,-145.10242,1.286423237,1.899990878,2.099990878
63.89518,-145.59958,1.244716073,1.847219937,2.047219937
63.89536,-148.57051,0.733328131,1.055401619,1.255401619
63.89572,-147.25256,0.738815265,0.939791571,1.139791571
63.89613,-146.67462,0.800114943,1.057704856,1.257704856
63.89721,-147.91153,0.786074764,1.10049784,1.30049784
63.89831,-144.68573,1.27133454,1.973251506,2.173251506
63.02103,-145.117,0.403083722,0.590397653,0.790397653
63.02172,-145.59749,0.43795899,0.621087925,0.821087925
63.02263,-147.19505,0.656078875,0.934148082,1.134148082
63.02283,-146.63647,0.501435721,0.674279498,0.874279498
63.02308,-148.46881,0.307251903,0.493901157,0.693901157
63.02446,-147.83192,0.567797645,0.790613803,0.990613803
63.02493,-144.71432,0.586974917,0.797962724,0.997962724
63.0261,-146.15601,0.557395598,0.747301245,0.947301245
63.02713,-148.5473,0.435116271,0.636326151,0.836326151
63.02716,-145.19485,0.469253712,0.663380819,0.863380819
63.51344,-147.53152,0.158560673,0.425947302,0.625947302
63.51353,-148.18063,0.385398642,0.580746528,0.780746528
63.51423,-146.39287,0,0.112662159,0.312662159
63.51509,-146.96219,0.326552081,0.513736977,0.713736977
63.51562,-144.92354,0.698352972,0.932175031,1.132175031
63.51656,-145.90312,1.273055334,2.236044244,2.436044244
63.51704,-145.41333,0.064758309,0.322418604,0.522418604
63.51777,-148.26059,0.374271376,0.562165484,0.762165484
63.51807,-147.61136,0.042516292,0.328402948,0.528402948
63.51891,-144.513,0.513374421,0.678416929,0.878416929
63.20015,-146.57864,0.488429719,0.664223174,0.864223174
63.2002,-147.14105,0.3075364,0.4896555,0.6896555
63.20115,-148.42358,0.393134955,0.56372694,0.76372694
63.20127,-144.64331,0,0.14354815,0.34354815
63.20229,-147.78229,0.509589185,0.713197983,0.913197983
63.20321,-146.09485,0.381863894,0.560461268,0.760461268
63.20376,-145.12711,0.272429134,0.481344158,0.681344158
63.2044,-145.61099,0.541983275,0.731047633,0.931047633
63.20508,-147.21985,0.39025248,0.57777608,0.77777608
63.20523,-148.50261,0.361329391,0.523481294,0.723481294
63.29181,-146.87109,0.252777993,0.459224353,0.659224353
63.29237,-148.80179,0.382230253,0.547264642,0.747264642
63.29255,-145.8212,0.564487431,0.767154651,0.967154651
63.2927,-145.33566,0,0.067050761,0.267050761
63.29525,-147.51462,0.560451873,0.756060506,0.956060506
63.29542,-148.15823,0.546415892,0.716419725,0.916419725
63.29596,-146.38562,0.425997498,0.617933881,0.817933881
63.29685,-146.95013,0.328819545,0.517229714,0.717229714
63.29732,-144.92874,0.007702297,0.358903509,0.558903509
63.29825,-145.90002,0.437361858,0.616394364,0.816394364
63.05376,-144.62238,0.581210039,0.796576565,0.996576565
63.05457,-148.38124,0.397221141,0.568776038,0.768776038
63.05551,-147.74359,0.542830237,0.759774745,0.959774745
63.05598,-146.06569,0.582620104,0.802325625,1.002325625
63.05632,-145.10345,0.370433784,0.564830155,0.764830155
63.05708,-145.58456,0.47590166,0.667771047,0.867771047
63.05813,-147.18431,0.415612881,0.588862752,0.788862752
63.05828,-146.62497,0.488099915,0.657210234,0.857210234
63.05868,-148.45981,0.307241148,0.48703027,0.68703027
63.06001,-147.82205,0.546285664,0.748522376,0.948522376
63.71439,-147.88107,0.564940357,0.774068957,0.974068957
63.71503,-144.67854,1.800162685,2.548029983,2.748029983
63.71638,-146.15952,0.74419709,0.965871269,1.165871269
63.71674,-148.61594,0.545840331,0.732153307,0.932153307
63.71737,-145.17216,0.856063824,1.145638077,1.345638077
63.71759,-147.30728,0,0.26493717,0.46493717
63.71783,-145.66585,0.852586148,1.153144274,1.353144274
63.71826,-146.73337,0.573516684,0.747973501,0.947973501
63.71883,-147.96161,0.562656819,0.763976814,0.963976814
63.7207,-148.69662,0.566274252,0.760394054,0.960394054
63.10633,-148.68698,0.39972711,0.587756939,0.787756939
63.10788,-146.28825,0.423221754,0.612667393,0.812667393
63.10806,-147.40909,0.521131412,0.738518654,0.938518654
63.10821,-144.84198,0.364500423,0.537483762,0.737483762
63.10881,-148.04807,0.429696721,0.6064642,0.8064642
63.10923,-146.84866,0.473962371,0.661612519,0.861612519
63.10982,-145.80618,0.417987019,0.608103574,0.808103574
63.10993,-145.32407,0.47550776,0.652019232,0.852019232
63.11024,-148.76578,0.327714429,0.513928645,0.713928645
63.11277,-147.48766,0.652294629,0.911555272,1.111555272
62.90898,-145.08005,0.624314452,0.836673197,1.036673197
62.90982,-145.55844,0.657192648,0.909578086,1.109578086
62.91127,-147.14917,0.608241344,0.813212076,1.013212076
62.91129,-146.59299,0.565069748,0.797225496,0.997225496
62.9122,-148.41751,0.61095845,0.840431618,1.040431618
62.91277,-144.67905,0.636828924,0.868764223,1.068764223
62.91333,-147.78333,0.460371843,0.640944968,0.840944968
62.91439,-146.11456,0.59321775,0.812569208,1.012569208
62.91513,-145.15753,0.603789454,0.810072266,1.010072266
62.91567,-145.63605,0.593223865,0.78968504,0.98968504
63.6205,-148.15182,0.662819189,0.909436081,1.109436081
63.62078,-146.35657,0.439114557,0.612911813,0.812911813
63.62169,-144.8811,1.026200945,1.438854941,1.638854941
63.62179,-146.92828,0,0,0.2
63.62296,-145.86478,1.322352727,2.116381304,2.316381304
63.62326,-145.37292,0.827992573,1.148613904,1.348613904
63.62476,-148.23212,0.720624189,1.025375597,1.225375597
63.62491,-147.58017,0.143290552,0.400118323,0.600118323
63.62614,-146.43652,0.447620689,0.62235946,0.82235946
63.62681,-147.00835,0,0.103421844,0.303421844
63.98782,-146.97554,0.728532524,0.936545986,1.136545986
63.98825,-144.8985,1.331379858,1.950909907,2.150909907
63.98931,-145.89651,1.152181842,1.688574388,1.888574388
63.98972,-145.39749,1.22958409,1.813327897,2.013327897
63.99021,-148.29837,0.810742557,1.244417352,1.444417352
63.9907,-147.63692,0.810993521,1.208821913,1.408821913
63.99235,-146.47661,0.842317065,1.079771364,1.279771364
63.99281,-147.05678,0.585455188,0.750834037,0.950834037
63.99438,-148.37987,0.712553734,1.026766924,1.226766924
63.99454,-144.97928,1.327377425,1.946200457,2.146200457
63.48653,-145.01678,0.403325286,0.558910551,0.758910551
63.48676,-145.99525,0.595875586,0.838309552,1.038309552
63.48706,-147.70145,0.368198262,0.566383307,0.766383307
63.48756,-145.50601,0,0.054607112,0.254607112
63.48937,-146.56396,0,0.198242805,0.398242805
63.48948,-147.13275,0.367094765,0.542817511,0.742817511
63.49011,-144.60675,0.227793638,0.404649598,0.604649598
63.49041,-148.42978,0.306877759,0.494783542,0.694783542
63.49159,-147.78125,0.435867656,0.633037821,0.833037821
63.49235,-146.07471,0.344896488,0.551591634,0.751591634
63.9329,-147.90144,0.753347695,1.048099724,1.248099724
63.93369,-144.67108,1.186321442,1.756805429,1.956805429
63.93507,-146.16492,0.933742121,1.251121869,1.451121869
63.9351,-148.64268,0.818381073,1.185290466,1.385290466
63.93605,-145.16899,1.292530332,1.88684978,2.08684978
63.93618,-147.32266,0.689744714,0.901407035,1.101407035
63.93652,-145.66696,1.294100478,1.931457761,2.131457761
63.93693,-146.74377,0.824758284,1.090949243,1.290949243
63.93731,-147.98268,0.499409276,0.66252249,0.86252249
63.93906,-148.72406,0.796341965,1.120463473,1.320463473
63.43244,-146.25818,0.028906694,0.384250903,0.584250903
63.43281,-147.39322,0.280067381,0.457089209,0.657089209
63.43362,-148.0403,0.452511042,0.651547516,0.851547516
63.4339,-146.8257,0.238814205,0.45479,0.65479
63.4342,-145.28177,0,0.129588248,0.329588248
63.43425,-145.76999,0.69806103,1.016134132,1.216134132
63.43509,-148.76712,0.551628098,0.756546823,0.956546823
63.43754,-147.47278,0.369155421,0.554666943,0.754666943
63.43787,-146.33752,0,0.312517864,0.512517864
63.43795,-148.11998,0.565120983,0.788719782,0.988719782
63.47315,-147.46225,0.323657787,0.54734112,0.74734112
63.47335,-146.32541,0.283843399,0.521324023,0.721324023
63.47358,-148.11035,0.49950485,0.702004479,0.902004479
63.47398,-144.85846,0.708985279,1.010438752,1.210438752
63.47451,-146.89383,0.171351755,0.39376035,0.59376035
63.47542,-145.83646,0.837449671,1.333181597,1.533181597
63.47562,-145.34744,0,0.263652845,0.463652845
63.47784,-147.54196,0.364077027,0.578053319,0.778053319
63.47786,-148.19017,0.46728582,0.655986179,0.855986179
63.47874,-146.40491,0.113220879,0.395656434,0.595656434
63.30465,-145.49312,0,0.31862103,0.51862103
63.3066,-146.54355,0.364559888,0.569753165,0.769753165
63.3068,-147.10828,0.463757062,0.649605985,0.849605985
63.30713,-144.60022,0.377154057,0.571129671,0.771129671
63.30802,-148.39613,0.404744757,0.562653749,0.762653749
63.30906,-147.7522,0.57976001,0.782108915,0.982108915
63.3095,-146.05775,0.417060197,0.602957656,0.802957656
63.30977,-145.08603,0,0.088812238,0.288812238
63.31055,-145.5719,0.229277679,0.473583046,0.673583046
63.3117,-147.18741,0.514365822,0.704443325,0.904443325
63.23979,-145.59799,0.515371636,0.716092686,0.916092686
63.24061,-147.20908,0.339885228,0.516547664,0.716547664
63.24086,-148.49359,0.411705373,0.576029407,0.776029407
63.24088,-146.64578,0.325306183,0.504654589,0.704654589
63.24235,-147.85132,0.541311709,0.738500513,0.938500513
63.24297,-144.70735,0,0.003931343,0.203931343
63.24417,-146.16122,0.35072489,0.520949849,0.720949849
63.24489,-148.57275,0.401287706,0.554158696,0.754158696
63.24522,-145.19196,0.043512808,0.348955929,0.548955929
63.24545,-147.28799,0.328074567,0.503761317,0.703761317
63.43862,-144.87259,0.62417696,0.890681239,1.090681239
63.43898,-146.90515,0.310344161,0.493796228,0.693796228
63.43998,-145.84923,0.713300185,1.074371687,1.274371687
63.44024,-145.3609,0,0.12825909,0.32825909
63.44222,-147.55238,0.435560113,0.645544656,0.845544656
63.44222,-148.19969,0.559543779,0.762440158,0.962440158
63.44325,-146.4169,0,0.169955985,0.369955985
63.44401,-146.98465,0.291285795,0.45395925,0.65395925
63.44491,-144.95163,0.553610579,0.753790011,0.953790011
63.44566,-145.92851,0.555012849,0.788596409,0.988596409
63.31185,-146.62256,0.236800682,0.46836428,0.66836428
63.31212,-148.47549,0.363493817,0.529221353,0.729221353
63.31356,-147.83145,0.574225936,0.770846853,0.970846853
63.31358,-144.6788,0.514500439,0.777175813,0.977175813
63.31505,-146.13669,0.462260757,0.649799126,0.849799126
63.31593,-145.16473,0,0.037416793,0.237416793
63.31618,-148.55487,0.347677135,0.503670538,0.703670538
63.3164,-145.65071,0.53927048,0.773215683,0.973215683
63.31656,-147.26657,0.591683186,0.810662044,1.010662044
63.31705,-146.7016,0.279962957,0.497844574,0.697844574
63.94012,-144.75162,1.251351678,1.908312126,2.108312126
63.94057,-146.24582,0.902792064,1.174210456,1.374210456
63.94096,-147.40379,0.60468967,0.785060428,0.985060428
63.94168,-148.06396,0.469452353,0.65225696,0.85225696
63.94207,-146.8248,0.79403068,1.04417925,1.24417925
63.94217,-145.24968,1.288568165,1.87503641,2.07503641
63.94232,-145.74777,1.235873215,1.82840252,2.02840252
63.94297,-148.80545,0.725721401,0.968830307,1.168830307
63.94569,-147.48497,0.475507566,0.632107523,0.832107523
63.946,-148.14525,0.573228636,0.788639502,0.988639502
63.80318,-148.18413,0.362526609,0.546317558,0.746317558
63.80381,-146.37589,0.665801825,0.861660644,1.061660644
63.80473,-146.95174,0.502388032,0.660057572,0.860057572
63.80491,-144.88972,1.280460242,1.89328256,2.09328256
63.80606,-145.88052,1.044968303,1.523304922,1.723304922
63.80642,-145.38512,0.691179331,0.965753141,1.165753141
63.80742,-148.265,0.356042789,0.536114586,0.736114586
63.80772,-147.60834,0.268815279,0.428273262,0.628273262
63.80918,-146.45642,0.734714823,0.93481621,1.13481621
63.80974,-147.03239,0.61932708,0.813680203,1.013680203
62.93522,-148.17386,0.595918844,0.792181272,0.992181272
62.93614,-146.42569,0.579671746,0.785621652,0.985621652
62.93688,-146.98242,0.639807925,0.88071333,1.08071333
62.93806,-144.98891,0.592326689,0.795321059,0.995321059
62.93861,-145.94681,0.610380866,0.811179238,1.011179238
62.93924,-145.46786,0.600942733,0.804520223,1.004520223
62.93946,-148.25204,0.526171702,0.711989478,0.911989478
62.93976,-147.61719,0.407508168,0.579790372,0.779790372
62.94145,-146.50357,0.575954239,0.771228038,0.971228038
62.94158,-144.58748,0.602332178,0.826340901,1.026340901
62.75909,-146.48399,0.735257887,1.064051254,1.264051254
62.75958,-147.03696,0.63028166,0.867738411,1.067738411
62.76165,-148.29797,0.556119877,0.767366471,0.967366471
62.76172,-145.05688,0.777518497,1.091704624,1.291704624
62.76178,-146.00833,0.672462857,0.950296493,1.150296493
62.76219,-147.66745,0.579969961,0.789577639,0.989577639
62.76265,-145.53261,0.714670425,0.992656518,1.192656518
62.76437,-146.56134,0.691182291,0.963423121,1.163423121
62.76451,-147.11441,0.674426532,0.927937622,1.127937622
62.76546,-144.65816,0.757119259,1.02787666,1.22787666
62.82455,-146.38324,0.643297147,0.930253989,1.130253989
62.82548,-146.93759,0.557077157,0.775465211,0.975465211
62.82604,-144.95259,0.730420408,1.034652836,1.234652836
62.82685,-145.90639,0.591794768,0.82338305,1.02338305
62.82736,-145.42947,0.678417562,0.941492249,1.141492249
62.82856,-148.20181,0.900365924,1.381549618,1.581549618
62.82861,-147.56967,0.493620425,0.668098755,0.868098755
62.82942,-144.55287,0.699720762,0.947995615,1.147995615
62.82988,-146.46077,0.640390942,0.902661392,1.102661392
62.83047,-147.01523,0.617423852,0.828676234,1.028676234
64.01332,-145.72136,1.273761135,1.904126593,2.104126593
64.01448,-148.78772,0.840696642,1.224598202,1.424598202
64.01704,-147.4635,0.62419431,0.862058488,1.062058488
64.01714,-146.302,0.834013804,1.093234188,1.293234188
64.01733,-144.80322,1.31535176,1.927908708,2.127908708
64.01746,-148.12564,0.763259804,1.109328096,1.309328096
64.01838,-146.88275,0.816283525,1.094462398,1.294462398
64.0191,-145.80241,1.172837694,1.716838154,1.916838154
64.01917,-145.3028,1.135379857,1.661641656,1.861641656
64.02174,-147.54492,0.762147412,1.105133971,1.305133971
64.13144,-145.8443,1.187721008,1.770745477,1.970745477
64.13165,-145.34244,0.99924272,1.36453563,1.56453563
64.13317,-148.25986,0.807934467,1.095629901,1.295629901
64.13343,-147.59464,0.801529464,1.109075021,1.309075021
64.1347,-146.42769,0.869906276,1.131818568,1.331818568
64.13537,-147.01117,0.889293014,1.280131387,1.480131387
64.13626,-144.92184,0.985692435,1.511118312,1.711118312
64.13714,-145.92578,1.083061038,1.551986986,1.751986986
64.13737,-148.3418,0.821847265,1.129890557,1.329890557
64.13766,-145.4238,1.045258899,1.459865627,1.659865627
64.05463,-145.78928,1.20829578,1.778228913,1.978228913
64.0574,-147.53426,0.779704899,1.070437975,1.270437975
64.05746,-148.19748,0.79687365,1.129653508,1.329653508
64.05813,-146.37086,0.8295391,1.075820222,1.275820222
64.05906,-146.95258,0.812868829,1.112412669,1.312412669
64.05909,-144.86963,1.256307265,1.842177713,2.042177713
64.06037,-145.87048,1.072989914,1.52748863,1.72748863
64.06069,-145.37006,1.112680411,1.603016028,1.803016028
64.06169,-148.27917,0.839811445,1.215544685,1.415544685
64.06206,-147.61583,0.831695706,1.147460519,1.347460519
64.30338,-145.6962,1.036828227,1.454956589,1.654956589
64.30348,-146.78891,1.009474207,1.48185163,1.68185163
64.3047,-148.7984,1.008259459,1.527586165,1.727586165
64.30717,-144.76733,0.712128612,0.984847149,1.184847149
64.30727,-147.45868,0.841602874,1.170072548,1.370072548
64.3073,-146.2836,1.107431448,1.660052377,1.860052377
64.30769,-148.12857,0.868819783,1.188490767,1.388490767
64.3086,-146.87115,0.999559299,1.470513792,1.670513792
64.30912,-145.27274,0.837356313,1.143133121,1.343133121
64.30917,-145.7782,1.083288927,1.544780955,1.744780955
64.07001,-148.44264,0.826082482,1.24141314,1.44141314
64.07121,-147.77908,0.648383293,0.870832124,1.070832124
64.07165,-145.03168,1.22810985,1.817780202,2.017780202
64.0717,-146.03302,0.998367607,1.395401076,1.595401076
64.07263,-145.53235,1.211705017,1.8068613,2.0068613
64.07394,-147.19708,0.784856739,1.106270316,1.306270316
64.0741,-146.61502,0.822794509,1.102178736,1.302178736
64.0741,-148.52441,0.805381693,1.211491015,1.411491015
64.07526,-144.61203,1.054187708,1.641298843,1.841298843
64.07571,-147.86075,0.643343794,0.874314987,1.074314987
64.19443,-144.73001,0.813515393,1.099904624,1.299904624
64.19502,-146.23944,0.996910975,1.3927624,1.5927624
64.19544,-147.40924,0.888907225,1.254176291,1.454176291
64.19612,-148.07614,0.877048084,1.273183623,1.473183623
64.19653,-146.82434,0.909420843,1.251924037,1.451924037
64.19656,-145.23312,0.981986537,1.349991328,1.549991328
64.19674,-145.7363,1.172877823,1.744967024,1.944967024
64.20017,-147.49126,0.857018994,1.195374525,1.395374525
64.20043,-148.15826,0.903477211,1.309001824,1.509001824
64.20048,-146.32123,1.003579938,1.403312895,1.603312895
64.03613,-146.04582,0.994302478,1.3663695,1.5663695
64.03621,-145.0459,1.253468249,1.854947365,2.054947365
64.03714,-145.54587,1.176720503,1.725882713,1.925882713
64.0383,-147.20825,0.684822491,0.934627207,1.134627207
64.03835,-148.53369,0.781082421,1.168657088,1.368657088
64.0385,-146.62701,0.710724247,0.934134548,1.134134548
64.03988,-144.62686,1.259547484,1.951923423,2.151923423
64.04,-147.87097,0.536174657,0.718551035,0.918551035
64.04171,-146.12703,0.938904535,1.252111107,1.452111107
64.04237,-148.61539,0.784765624,1.139583111,1.339583111
64.11788,-148.67899,0.947148805,1.48779426,1.68779426
64.11838,-146.18307,0.924506752,1.266625891,1.466625891
64.11929,-147.34929,0.82056347,1.144031146,1.344031146
64.11946,-145.17984,1.197933226,1.810124005,2.010124005
64.11988,-145.68146,1.190110227,1.735282558,1.935282558
64.12013,-146.76617,0.884513849,1.21370694,1.41370694
64.12027,-148.01416,0.75250119,1.056371979,1.256371979
64.12183,-148.76096,0.895531488,1.324690133,1.524690133
64.12356,-144.75943,0.755628525,1.031534859,1.231534859
64.12387,-146.26457,0.894313038,1.195164974,1.395164974
64.08961,-146.85948,0.828085908,1.0997738,1.2997738
64.0901,-145.27505,1.125238028,1.662334641,1.862334641
64.09016,-145.77609,1.237585917,1.824316134,2.024316134
64.09309,-147.52356,0.752962752,1.005831938,1.205831938
64.09319,-148.18771,0.770301779,1.045302444,1.245302444
64.09373,-146.35852,0.845873864,1.110001653,1.310001653
64.09451,-144.85513,1.0504777,1.610089832,1.810089832
64.09469,-146.94104,0.83022573,1.141511673,1.341511673
64.09591,-145.85741,1.125236146,1.630296956,1.830296956
64.09617,-145.35626,1.059592276,1.50240341,1.70240341
64.02174,-148.2072,0.881005944,1.333296848,1.533296848
64.02256,-146.38319,0.819116135,1.050291699,1.250291699
64.02343,-146.96407,0.760284148,1.011660071,1.211660071
64.02367,-144.88408,1.261328461,1.840370198,2.040370198
64.02483,-145.88351,1.067967798,1.527503593,1.727503593
64.02522,-145.38379,1.138310794,1.660368683,1.860368683
64.02596,-148.28879,0.863339149,1.300095684,1.500095684
64.02637,-147.62639,0.900629893,1.320590178,1.520590178
64.02792,-146.46443,0.819748318,1.032020419,1.232020419
64.02843,-147.04544,0.635012819,0.859026674,1.059026674
64.20082,-144.81142,0.905200323,1.270230657,1.470230657
64.20162,-146.90623,0.911904498,1.276229082,1.476229082
64.20251,-145.81796,1.276659092,1.929521476,2.129521476
64.20264,-145.31468,0.986781549,1.374848066,1.574848066
64.20469,-148.24042,0.919630391,1.318857603,1.518857603
64.20485,-147.5733,0.847256331,1.174091056,1.374091056
64.20589,-146.40302,0.954558451,1.333594161,1.533594161
64.20667,-146.98816,0.933576975,1.352845056,1.552845056
64.20716,-144.89288,1.013545197,1.424376568,1.624376568
64.20824,-145.89966,1.160315508,1.706815071,1.906815071
64.4859,-147.40376,0.878625315,1.221169384,1.421169384
64.48656,-148.07851,0.916924628,1.344668099,1.544668099
64.48669,-145.20203,0.99268673,1.516380375,1.716380375
64.48695,-146.81197,0.92037758,1.317756172,1.517756172
64.487,-145.71112,0.61573485,0.860172513,1.060172513
64.49065,-147.48672,0.911124149,1.289764594,1.489764594
64.49084,-146.30292,0.860316876,1.158066809,1.358066809
64.49088,-144.77536,1.034870738,1.601737007,1.801737007
64.49088,-148.16161,0.922567158,1.351907211,1.551907211
64.49207,-146.89484,0.925726774,1.304060122,1.504060122
64.31197,-147.54108,0.881358731,1.244906942,1.444906942
64.31197,-148.21109,0.872837821,1.196110503,1.396110503
64.31273,-146.36575,1.143440994,1.696227973,1.896227973
64.31354,-144.84912,0.715465142,1.004110814,1.204110814
64.31367,-146.95343,0.95448332,1.379844838,1.579844838
64.31493,-145.86023,1.072988449,1.539204305,1.739204305
64.31519,-145.35466,0.834916929,1.195759784,1.395759784
64.3162,-148.29361,0.877282084,1.211810575,1.411810575
64.31662,-147.62347,0.888024676,1.260353071,1.460353071
64.31811,-146.44794,1.033440545,1.521910448,1.721910448
64.07729,-146.11433,0.952124089,1.27800386,1.47800386
64.07784,-145.11276,1.159272065,1.693913588,1.893913588
64.07813,-148.60622,0.726612595,1.046244836,1.246244836
64.07851,-145.61356,1.201936447,1.76157263,1.96157263
64.07881,-147.27866,0.792086865,1.08807796,1.28807796
64.07932,-146.69647,0.819381781,1.126998021,1.326998021
64.08015,-147.94244,0.687073523,0.952147753,1.152147753
64.08173,-144.69302,0.93911849,1.28900966,1.48900966
64.08212,-148.68805,0.81317955,1.201040283,1.401040283
64.08282,-146.19568,0.910966732,1.232570961,1.432570961
64.08361,-147.36026,0.732301443,0.994971133,1.194971133
64.084,-145.19388,1.217716643,1.831762828,2.031762828
64.08437,-145.69479,1.209366917,1.772479972,1.972479972
64.0845,-146.77797,0.831992099,1.13489433,1.33489433
64.08456,-148.02417,0.703868043,0.970114226,1.170114226
64.08605,-148.76991,0.9076038,1.368087527,1.568087527
64.08815,-144.77406,0.886850332,1.231548861,1.431548861
64.0883,-146.27708,0.864460415,1.155085415,1.355085415
64.08837,-147.44189,0.718603211,0.977318288,1.177318288
64.0889,-148.10593,0.72346094,0.987373185,1.187373185
64.49997,-147.65277,0.967459958,1.383901191,1.583901191
64.50166,-146.46848,0.883051357,1.216832374,1.416832374
64.50213,-147.06064,0.957752839,1.375665971,1.575665971
64.50352,-148.41107,0.901617525,1.311881002,1.511881002
64.50357,-144.94019,0.936914822,1.366877304,1.566877304
64.50423,-145.95911,0.819925406,1.129623899,1.329623899
64.50455,-147.73584,0.950504165,1.361308158,1.561308158
64.50486,-145.44965,0.731828737,0.968306671,1.168306671
64.5069,-144.51318,0.885648612,1.277172428,1.477172428
64.50697,-146.55132,0.906299582,1.295798021,1.495798021
64.35373,-146.43555,0.953917618,1.443983663,1.643983663
64.35436,-147.0242,0.916670999,1.281005227,1.481005227
64.35533,-144.91638,0.869397182,1.209771745,1.409771745
64.35616,-148.36658,0.886307434,1.258400095,1.458400095
64.35619,-145.9292,1.070450404,1.600297322,1.800297322
64.35674,-145.42279,0.999142137,1.455664003,1.655664003
64.35698,-147.69537,0.913462316,1.280161035,1.480161035
64.35906,-146.51788,0.94823983,1.414828132,1.614828132
64.35933,-147.10666,0.882346498,1.198686486,1.398686486
64.36031,-148.44928,0.910733402,1.30243867,1.50243867
64.0424,-145.12689,1.20241552,1.776433726,1.976433726
64.04302,-145.62695,1.186922331,1.766568843,1.966568843
64.04315,-147.2897,0.7252033,0.980345487,1.180345487
64.04372,-146.70834,0.708682222,0.964225215,1.164225215
64.04444,-147.95255,0.588218559,0.796732689,0.996732689
64.04633,-144.70773,1.191524223,1.758856447,1.958856447
64.04636,-148.69708,0.819498204,1.189964135,1.389964135
64.04723,-146.20828,0.887365516,1.184320381,1.384320381
64.04795,-147.37119,0.700193087,0.951355146,1.151355146
64.04855,-145.2079,1.195881044,1.784321991,1.984321991
64.0635,-146.45222,0.831132975,1.044719746,1.244719746
64.06407,-147.03404,0.779754751,1.110299193,1.310299193
64.06539,-144.95062,1.323852757,1.976673885,2.176673885
64.06588,-148.3609,0.800063504,1.167333747,1.367333747
64.06606,-145.95172,1.02060849,1.448232696,1.648232696
64.06665,-147.69745,0.759064592,1.038979906,1.238979906
64.06669,-145.45117,1.134047231,1.635907361,1.835907361
64.06875,-144.5311,0.86471624,1.324648133,1.524648133
64.06882,-146.5336,0.835893503,1.079731048,1.279731048
64.06904,-147.11554,0.756382224,1.079973191,1.279973191
64.31869,-147.03572,0.891585747,1.230550592,1.430550592
64.31986,-144.93094,0.813415263,1.173501346,1.373501346
64.32039,-148.37619,0.893880693,1.240971599,1.440971599
64.32063,-145.94231,1.02204537,1.476268717,1.676268717
64.3212,-145.43661,1.081444739,1.662946137,1.862946137
64.32122,-147.70593,0.888280617,1.244541532,1.444541532
64.32345,-146.53015,0.976182351,1.434596253,1.634596253
64.32365,-147.11807,0.86746076,1.175940506,1.375940506
64.32452,-148.45877,0.917045779,1.298867991,1.498867991
64.32577,-147.78842,0.869886124,1.202953917,1.402953917
64.22181,-146.64865,1.013811446,1.478034533,1.678034533
64.22305,-147.90175,0.879133595,1.285174204,1.485174204
64.22339,-144.63376,0.775771517,1.025617912,1.225617912
64.22509,-146.14499,1.13077194,1.628408633,1.828408633
64.22525,-148.65164,1.068886687,1.743636501,1.943636501
64.2259,-145.13748,1.112542679,1.646376183,1.846376183
64.22634,-147.31622,0.937779888,1.347694067,1.547694067
64.22647,-145.64124,1.210958856,1.83108919,2.03108919
64.22701,-146.73059,0.99089311,1.429584995,1.629584995
64.22749,-147.98395,0.882635683,1.272869854,1.472869854
64.18733,-147.91197,0.836915091,1.204878884,1.404878884
64.18798,-144.64865,0.776557741,1.02974491,1.22974491
64.18943,-148.66077,0.847231251,1.248181112,1.448181112
64.18951,-146.15771,1.001401542,1.398415017,1.598415017
64.19042,-145.15164,1.062354581,1.537323167,1.737323167
64.19065,-147.32727,0.904061434,1.293833302,1.493833302
64.19091,-145.65469,1.223173919,1.808182595,2.008182595
64.19138,-146.74249,0.944483102,1.328864059,1.528864059
64.19175,-147.99405,0.858055538,1.235254658,1.435254658
64.19338,-148.74298,0.935189477,1.499512197,1.699512197
64.20867,-145.39627,1.037671974,1.477120633,1.677120633
64.20891,-148.32262,0.91675954,1.321368658,1.521368658
64.20948,-147.65536,0.850338058,1.214296104,1.414296104
64.21125,-146.48486,0.967691317,1.371510634,1.571510634
64.21166,-147.07013,0.976446383,1.431412412,1.631412412
64.21307,-148.40483,0.946510094,1.395103956,1.595103956
64.21346,-144.97437,1.11394817,1.656472127,1.856472127
64.2139,-145.9814,1.112174507,1.586435161,1.786435161
64.21405,-147.73746,0.860225093,1.252713417,1.452713417
64.21465,-145.47787,1.080210936,1.586660054,1.786660054
64.17315,-145.41003,1.019401874,1.444847223,1.644847223
64.17377,-147.66592,0.801336972,1.097460258,1.297460258
64.17564,-146.4971,0.912607499,1.236306944,1.436306944
64.17601,-147.08154,0.941542706,1.369183395,1.569183395
64.17728,-148.41432,0.841539046,1.210700096,1.410700096
64.178,-144.98875,0.927120836,1.288058335,1.488058335
64.17834,-145.99435,1.077046459,1.537117387,1.737117387
64.17834,-147.74791,0.751171885,1.066275725,1.266275725
64.17912,-145.49155,1.153066893,1.732324943,1.932324943
64.18094,-146.57886,0.92180997,1.263116035,1.463116035
64.18094,-147.16342,0.947523132,1.383111725,1.583111725
64.18138,-148.49646,0.867784937,1.272858269,1.472858269
64.18149,-144.56732,0.761461881,0.988465196,1.188465196
64.18286,-147.82993,0.784784851,1.128588918,1.328588918
64.18395,-146.07602,1.003195784,1.411679774,1.611679774
64.18424,-145.07018,1.032572007,1.541087088,1.741087088
64.18504,-145.57309,1.249004805,1.863547259,2.063547259
64.18543,-148.5786,0.855289534,1.27003489,1.47003489
64.18582,-147.24533,0.933791871,1.358061229,1.558061229
64.18619,-146.66064,0.935953534,1.321794496,1.521794496
64.24261,-144.87833,0.91161227,1.296835487,1.496835487
64.24381,-145.88657,1.049829106,1.489344271,1.689344271
64.24418,-145.38243,1.022849131,1.477652129,1.677652129
64.24467,-148.31297,0.919453871,1.317677634,1.517677634
64.24519,-147.64478,0.857952778,1.232343793,1.432343793
64.24685,-146.4726,1.007426384,1.428969893,1.628969893
64.24732,-147.05869,0.964731236,1.408874479,1.608874479
64.24883,-148.39531,0.950818043,1.38464431,1.58464431
64.24892,-144.95993,0.937518185,1.367079719,1.567079719
64.24949,-145.96841,1.025185985,1.427373036,1.627373036
64.12405,-147.43105,0.804529085,1.117126392,1.317126392
64.12462,-148.09604,0.745985453,1.035376244,1.235376244
64.12527,-146.84781,0.85350403,1.142459725,1.342459725
64.12558,-145.26112,1.116714519,1.638866531,1.838866531
64.12569,-145.76286,1.183378983,1.734238876,1.934238876
64.12877,-147.51282,0.806243619,1.094169119,1.294169119
64.12892,-148.17792,0.777181404,1.072518999,1.272518999
64.12931,-146.34612,0.879902024,1.16648348,1.36648348
64.12994,-144.84061,0.858161653,1.280266209,1.480266209
64.13035,-146.92947,0.842764096,1.163062108,1.363062108
64.15257,-144.66348,0.770153776,1.004037058,1.204037058
64.15366,-148.66989,0.897464053,1.322512843,1.522512843
64.15395,-146.17041,0.946456998,1.312662432,1.512662432
64.15492,-145.16577,1.065415135,1.597245958,1.797245958
64.15498,-147.3383,0.867839746,1.220432905,1.420432905
64.1554,-145.66809,1.181121996,1.723411923,1.923411923
64.15576,-146.75433,0.918044428,1.265412728,1.465412728
64.15599,-148.00412,0.813252096,1.174743745,1.374743745
64.15759,-148.75198,0.856069724,1.22514824,1.42514824
64.159,-144.74474,0.788143069,1.080227318,1.280227318
64.47984,-146.1375,0.797410723,1.121440818,1.321440818
64.47988,-148.67001,0.964724031,1.452832194,1.652832194
64.48054,-145.11958,0.792331684,1.129538959,1.329538959
64.48112,-147.32083,0.861822831,1.18632283,1.38632283
64.48116,-145.62854,0.636033226,0.842997402,1.042997402
64.4818,-146.72914,0.869866262,1.241996565,1.441996565
64.48219,-147.99544,0.897505921,1.280921282,1.480921282
64.48383,-148.7532,0.956574029,1.433268981,1.633268981
64.48445,-144.69299,0.952648145,1.422553839,1.622553839
64.48537,-146.22018,0.865784193,1.212077374,1.412077374
64.02996,-144.96497,1.338689767,1.983690807,2.183690807
64.03014,-148.37039,0.699178355,0.996324525,1.196324525
64.03051,-145.96465,1.020234329,1.449760872,1.649760872
64.03097,-147.70789,0.896969362,1.303040755,1.503040755
64.0312,-145.46481,1.144943078,1.670587771,1.870587771
64.03324,-146.54572,0.80501734,1.028267739,1.228267739
64.03337,-144.54602,1.055600302,1.634468693,1.834468693
64.03339,-147.12682,0.620627447,0.843413714,1.043413714
64.03427,-148.45203,0.700704051,1.018247395,1.218247395
64.03551,-147.78941,0.676028669,0.895516756,1.095516756
64.88223,-148.73593,1.267128851,2.074743277,2.274743277
64.88305,-146.16144,0.694505147,1.0098117,1.2098117
64.88388,-145.12662,0.727346108,1.062002372,1.262002372
64.88402,-147.3644,0.92780087,1.357515945,1.557515945
64.88447,-145.64404,0.604189571,0.842058078,1.042058078
64.88486,-146.76291,0.879163369,1.226609287,1.426609287
64.88486,-148.0502,0.745790551,1.022777201,1.222777201
64.88779,-144.69296,0.703863118,0.927121763,1.127121763
64.88857,-146.24551,0.858101247,1.31385911,1.51385911
64.88879,-147.44872,1.001389945,1.496735495,1.696735495
64.09743,-148.26953,0.81277999,1.106383927,1.306383927
64.09774,-147.60526,0.777228756,1.057645803,1.257645803
64.09911,-146.43997,0.837457568,1.084109068,1.284109068
64.0997,-147.02261,0.862664158,1.241207843,1.441207843
64.10082,-144.93625,1.273689175,1.969185937,2.169185937
64.10159,-145.93877,1.026409644,1.463919593,1.663919593
64.10162,-148.35136,0.825719976,1.176964503,1.376964503
64.10217,-145.4375,1.084421862,1.530853743,1.730853743
64.10235,-147.68697,0.751480618,1.05106439,1.25106439
64.10413,-144.51611,0.948281333,1.478854315,1.678854315
64.11066,-144.59717,0.883446144,1.266755241,1.466755241
64.11141,-147.85049,0.764145914,1.10967616,1.30967616
64.11284,-146.10159,0.968625234,1.346038572,1.546038572
64.1133,-145.0986,1.048179962,1.528411118,1.728411118
64.11391,-148.59705,0.921090068,1.427137263,1.627137263
64.11403,-145.6001,1.227611755,1.812047,2.012047
64.11446,-147.26758,0.857278706,1.192547535,1.392547535
64.11495,-146.68457,0.873244171,1.212604885,1.412604885
64.11586,-147.93231,0.763801874,1.095976746,1.295976746
64.11713,-144.67828,0.768701806,1.009112902,1.209112902
64.63361,-147.4427,0.947230134,1.322631008,1.522631008
64.63409,-148.12151,0.965189797,1.407923111,1.607923111
64.63486,-146.84735,0.892423298,1.265398336,1.465398336
64.63496,-145.22769,0.938725048,1.373025623,1.573025623
64.63518,-145.73987,0.978683166,1.509284344,1.709284344
64.63833,-147.52618,0.945667034,1.325155088,1.525155088
64.63838,-148.20511,0.976249804,1.461063508,1.661063508
64.63889,-146.33524,0.798430621,1.107736974,1.307736974
64.6392,-144.79843,0.743362091,1.092897637,1.292897637
64.63995,-146.93071,0.857933612,1.195049974,1.395049974
64.26891,-148.80736,1.125729118,1.727972995,1.927972995
64.27157,-147.46957,0.825809015,1.14528828,1.34528828
64.27169,-144.78207,0.775680002,1.069578257,1.269578257
64.27169,-146.29617,1.281014285,1.944051258,2.144051258
64.27193,-148.13849,0.868105,1.174688069,1.374688069
64.27293,-146.88287,0.897077357,1.27786873,1.47786873
64.27363,-145.28676,0.828865223,1.111322181,1.311322181
64.27363,-145.79149,1.026435209,1.43392895,1.63392895
64.27621,-148.22089,0.868007667,1.189776629,1.389776629
64.27626,-147.55185,0.846596523,1.192886995,1.392886995
64.29752,-145.61423,1.030320909,1.444598331,1.644598331
64.29771,-147.29401,0.85697238,1.172333312,1.372333312
64.29831,-146.7067,1.128548278,1.703004928,1.903004928
64.29897,-147.96365,0.859959264,1.18363491,1.38363491
64.30074,-144.68558,0.68731524,0.920852122,1.120852122
64.30079,-148.71582,1.04015851,1.561007301,1.761007301
64.30181,-146.20149,0.938303002,1.308196246,1.508196246
64.30252,-147.37633,0.857634513,1.193139094,1.393139094
64.30302,-145.19086,1.05204056,1.522996608,1.722996608
64.30335,-148.0461,0.863603439,1.181892439,1.381892439
64.10445,-146.52147,0.844007362,1.098402039,1.298402039
64.10468,-147.10425,0.883621293,1.299656722,1.499656722
64.10577,-148.43323,0.860132271,1.264119051,1.464119051
64.10691,-147.76872,0.749890068,1.078803882,1.278803882
64.10709,-145.01741,1.169197817,1.710278269,1.910278269
64.10725,-146.02017,1.01293473,1.435002696,1.635002696
64.10812,-145.51878,1.166247241,1.70053835,1.90053835
64.1096,-147.18588,0.887940875,1.284350349,1.484350349
64.10973,-146.603,0.856529214,1.150123612,1.350123612
64.10986,-148.51511,0.900283453,1.385060147,1.585060147
64.69695,-147.93369,0.948829593,1.353855827,1.553855827
64.6973,-144.60237,0.739960284,1.045866211,1.245866211
64.6989,-148.69809,0.954322645,1.487621258,1.687621258
64.69919,-146.14288,0.7945325,1.125966264,1.325966264
64.69991,-145.11583,0.732746064,1.04475999,1.24475999
64.70036,-147.33679,0.980438621,1.39497102,1.59497102
64.70052,-145.62936,0.859986696,1.230505071,1.430505071
64.70111,-146.73984,0.837002997,1.180061608,1.380061608
64.70137,-148.01746,0.993531246,1.468491424,1.668491424
64.70283,-148.78201,1.022479547,1.648822637,1.848822637
64.67566,-146.91888,0.856022695,1.20517072,1.40517072
64.67656,-145.80952,0.845857353,1.173854222,1.373854222
64.67661,-145.29651,0.832169911,1.162565895,1.362565895
64.67844,-148.27888,1.042862249,1.601529355,1.801529355
64.67879,-147.59885,0.946379401,1.311221908,1.511221908
64.67995,-146.40591,0.761021709,1.049382439,1.249382439
64.68071,-147.00238,0.886038337,1.231542717,1.431542717
64.6811,-144.86652,0.954768781,1.376849051,1.576849051
64.68229,-145.89281,0.780908605,1.054315139,1.254315139
64.68263,-148.36267,1.069266231,1.68670718,1.88670718
64.55663,-146.19456,0.826604944,1.143744403,1.343744403
64.55736,-147.38156,0.953690849,1.334886953,1.534886953
64.55775,-145.17346,0.810035878,1.149946046,1.349946046
64.55815,-148.05829,0.947343184,1.365877486,1.565877486
64.55818,-145.68402,0.648522686,0.915662686,1.115662686
64.55832,-146.78806,0.912856681,1.375084029,1.575084029
64.56183,-144.74554,0.546794601,0.748685773,0.948685773
64.56211,-146.27753,0.806716322,1.096492591,1.296492591
64.56211,-147.46478,0.970901845,1.367234898,1.567234898
64.56249,-148.14162,0.945938204,1.369712049,1.569712049
64.45078,-148.08858,0.906252876,1.328275026,1.528275026
64.45117,-145.21625,1.035674928,1.592252141,1.792252141
64.45128,-146.82388,0.956629386,1.379166291,1.579166291
64.45145,-145.72461,0.687355161,0.947870267,1.147870267
64.45488,-147.49767,0.912792266,1.286911643,1.486911643
64.45509,-148.17155,0.905048318,1.325861993,1.525861993
64.45523,-146.31555,0.904103131,1.261258153,1.461258153
64.45538,-144.79019,0.787989653,1.109056874,1.309056874
64.45638,-146.90662,0.903757671,1.252192456,1.452192456
64.45722,-145.80711,0.753113564,1.076948488,1.276948488
64.15945,-146.25203,0.925520445,1.253540405,1.453540405
64.15975,-147.42017,0.854750229,1.1936698,1.3936698
64.16035,-148.08609,0.814280055,1.16840491,1.36840491
64.1609,-146.83609,0.875594415,1.196178719,1.396178719
64.16105,-145.24716,1.043227159,1.489701142,1.689701142
64.16121,-145.7496,1.154791305,1.650264939,1.850264939
64.16448,-147.50204,0.831126803,1.152169174,1.352169174
64.16466,-148.16812,0.832658638,1.183676246,1.383676246
64.16489,-146.33368,0.929270218,1.267493465,1.467493465
64.16539,-144.82603,0.879945517,1.258478802,1.458478802
64.37403,-145.16248,0.894561508,1.319248978,1.519248978
64.3745,-145.66925,0.928855502,1.345274856,1.545274856
64.37479,-146.76511,0.927520083,1.364588216,1.564588216
64.37489,-148.02592,0.882253112,1.247138891,1.447138891
64.37633,-148.7804,0.957086643,1.433064763,1.633064763
64.37805,-144.73773,0.804390381,1.119644635,1.319644635
64.3785,-146.25835,0.838570805,1.238878891,1.438878891
64.37871,-147.4368,0.906955431,1.291159569,1.491159569
64.37924,-148.10864,0.880070304,1.247936082,1.447936082
64.37992,-146.84756,1.060454808,1.599755355,1.799755355
64.4928,-145.28453,0.81646302,1.136317788,1.336317788
64.4928,-145.79375,0.73935938,1.07209163,1.27209163
64.49515,-148.24474,0.907832129,1.319976821,1.519976821
64.49533,-147.56973,0.940219995,1.344122907,1.544122907
64.49628,-146.38568,0.859260329,1.142183473,1.342183473
64.49712,-146.97772,0.961764021,1.374682678,1.574682678
64.49725,-144.85776,1.096268571,1.697350347,1.897350347
64.49854,-145.8764,0.874997326,1.295804381,1.495804381
64.49886,-145.36707,0.730532087,0.989332857,1.189332857
64.49936,-148.32788,0.895660392,1.297108068,1.497108068
64.29069,-146.03738,0.970842256,1.337148996,1.537148996
64.29163,-145.53229,1.159840037,1.752980732,1.952980732
64.2928,-148.55074,1.022651898,1.501953868,1.701953868
64.29285,-147.2117,0.85807571,1.168842238,1.368842238
64.29309,-146.62451,1.109806658,1.673259824,1.873259824
64.29427,-144.60388,0.662182068,0.879582485,1.079582485
64.29453,-147.88123,0.85517972,1.183339291,1.383339291
64.29627,-146.11942,0.963711883,1.321141254,1.521141254
64.29682,-148.63327,1.054195708,1.553668626,1.753668626
64.29685,-145.10901,1.044458725,1.607379726,1.807379726
64.14561,-148.5058,0.881666702,1.29051946,1.49051946
64.14609,-144.58228,0.816142425,1.104603274,1.304603274
64.14713,-147.84024,0.79197986,1.155323801,1.355323801
64.14839,-146.08884,0.987011635,1.389438105,1.589438105
64.14876,-145.08441,0.944558041,1.333907484,1.533907484
64.14954,-145.58662,1.233955737,1.829722432,2.029722432
64.14967,-148.58783,0.922959052,1.380996727,1.580996727
64.15015,-147.25647,0.888105467,1.260051773,1.460051773
64.15057,-146.67262,0.902120526,1.249287908,1.449287908
64.15159,-147.92215,0.814461948,1.18681469,1.38681469
64.74586,-148.17508,1.071032231,1.644108551,1.844108551
64.74709,-146.89508,0.856491052,1.208067309,1.408067309
64.74775,-145.26797,0.77083247,1.075331315,1.275331315
64.7478,-145.7825,0.714698317,0.97814286,1.17814286
64.75012,-148.25909,0.959991552,1.457064215,1.657064215
64.75034,-147.57704,0.974795215,1.417362129,1.617362129
64.75129,-146.38063,0.766071311,1.063914078,1.263914078
64.75211,-144.83676,0.706141999,0.964091259,1.164091259
64.75215,-146.97885,0.879740602,1.257147038,1.457147038
64.75356,-145.86603,0.671866202,0.92709772,1.12709772
65.01198,-146.46001,0.76235229,1.064233367,1.264233367
65.01246,-147.06467,0.757174968,1.001232901,1.201232901
65.01363,-144.89948,0.611912971,0.865098886,1.065098886
65.01368,-148.4436,0.890443285,1.392022161,1.592022161
65.01452,-145.93987,0.793124061,1.142755675,1.342755675
65.01484,-147.75412,0.805314546,1.15884802,1.35884802
65.01505,-145.41966,0.775165133,1.09120835,1.29120835
65.01733,-146.54459,0.711999415,0.993985876,1.193985876
65.01743,-147.14938,0.755613002,1.006713202,1.206713202
65.01778,-148.52856,0.956271974,1.512467307,1.712467307
64.53519,-148.31815,0.917671709,1.338422949,1.538422949
64.53571,-147.64204,0.974218827,1.414878133,1.614878133
64.53729,-146.45604,0.778588832,1.038666827,1.238666827
64.53783,-147.04907,0.987405215,1.450744255,1.650744255
64.53907,-144.92554,0.889908232,1.343404345,1.543404345
64.53936,-148.40146,0.920545403,1.345197277,1.545197277
64.53983,-145.94592,0.793131625,1.073637097,1.273637097
64.54031,-147.72523,0.963376378,1.381147249,1.581147249
64.54044,-145.43571,0.772050753,1.020390969,1.220390969
64.54263,-146.539,0.848054501,1.176961504,1.376961504
64.21655,-146.56674,0.994923037,1.436899191,1.636899191
64.21661,-147.15213,0.998265352,1.454942786,1.654942786
64.21689,-144.55234,0.72759509,0.9510571,1.1510571
64.21719,-148.48706,1.00643861,1.526924398,1.726924398
64.21858,-147.81958,0.873298788,1.282274547,1.482274547
64.21953,-146.06317,1.06349421,1.504689382,1.704689382
64.2197,-145.05591,1.256141195,1.901723659,2.101723659
64.22059,-145.55954,1.155065577,1.734544491,1.934544491
64.22123,-148.56934,1.039704968,1.652279205,1.852279205
64.2215,-147.23416,0.965897815,1.410539084,1.610539084
64.13804,-147.67647,0.785040703,1.093890483,1.293890483
64.14004,-146.50931,0.868954738,1.135036827,1.335036827
64.14035,-147.0929,0.915956701,1.35622809,1.55622809
64.14152,-148.4238,0.83377565,1.18453932,1.38453932
64.14252,-145.0031,0.966635672,1.374772635,1.574772635
64.1426,-147.75833,0.773710011,1.094382025,1.294382025
64.14278,-146.00728,1.037874172,1.479352886,1.679352886
64.14362,-145.50519,1.170017534,1.724610738,1.924610738
64.14527,-147.17467,0.916997121,1.331976758,1.531976758
64.14533,-146.59094,0.873717844,1.174682311,1.374682311
64.28461,-148.38576,0.905228367,1.27471625,1.47471625
64.28506,-145.95538,1.016341593,1.43556859,1.63556859
64.2855,-147.71648,0.862377116,1.202374166,1.402374166
64.28568,-145.45041,1.065283184,1.658595855,1.858595855
64.28773,-144.52222,0.757041021,1.032973405,1.232973405
64.28782,-146.54239,1.005202931,1.461894908,1.661894908
64.28795,-147.12946,0.866265311,1.180240596,1.380240596
64.28873,-148.46823,0.945125168,1.38204338,1.58204338
64.29004,-147.79883,0.852399523,1.177048096,1.377048096
64.29063,-145.02722,0.820590008,1.190246229,1.390246229
64.32613,-145.01282,0.893379333,1.290764913,1.490764913
64.32627,-146.02443,0.958656791,1.358144009,1.558144009
64.32716,-145.51862,1.055266205,1.518109126,1.718109126
64.32857,-147.20044,0.86002284,1.175042027,1.375042027
64.32859,-148.54138,0.9683498,1.416775685,1.616775685
64.32873,-146.6124,1.007109662,1.47053762,1.67053762
64.32969,-144.58887,0.73027022,1.003997806,1.203997806
64.33026,-147.87091,0.870582968,1.198131087,1.398131087
64.33186,-146.10658,0.899425847,1.246672779,1.446672779
64.33236,-145.09473,1.017884636,1.513017284,1.713017284
64.69063,-147.16953,0.8983838,1.22921958,1.42921958
64.69077,-144.51938,0.696583651,0.992641601,1.192641601
64.69087,-148.53032,0.967922129,1.481870436,1.681870436
64.6925,-147.84991,0.934123941,1.320769643,1.520769643
64.69361,-146.05948,0.746970013,1.039085221,1.239085221
64.69369,-145.03268,0.738856856,1.041836131,1.241836131
64.69462,-145.54608,0.819110231,1.147261841,1.347261841
64.69492,-148.6142,0.922462098,1.408221507,1.608221507
64.69552,-147.25314,0.962408042,1.355889027,1.555889027
64.6959,-146.6563,0.751599617,1.054635369,1.254635369
64.47182,-148.50375,0.94332328,1.403206738,1.603206738
64.47329,-147.82939,0.879999338,1.232644052,1.432644052
64.47427,-146.05484,0.749076968,1.017219638,1.217219638
64.47432,-145.03717,0.707004087,0.938664962,1.138664962
64.47527,-145.54602,0.689295551,0.905125174,1.105125174
64.47588,-148.58688,0.968784403,1.463744886,1.663744886
64.47627,-147.23792,0.84505214,1.145324537,1.345324537
64.47659,-146.64636,0.84705664,1.182158909,1.382158909
64.47777,-147.9124,0.880977134,1.224319962,1.424319962
64.47798,-144.61069,0.851911639,1.215759053,1.415759053
64.16599,-146.91788,0.875867337,1.213307843,1.413307843
64.16697,-145.83115,1.217470504,1.794758154,1.994758154
64.16712,-145.32858,0.976675723,1.321376319,1.521376319
64.16892,-148.25015,0.846635626,1.18578817,1.38578817
64.16914,-147.58397,0.829169818,1.136324679,1.336324679
64.1703,-146.41537,0.907255476,1.223405004,1.423405004
64.17102,-146.99969,0.899497211,1.301730105,1.501730105
64.17172,-144.90738,0.885779413,1.246017229,1.446017229
64.17268,-145.91273,1.18586941,1.746394901,1.946394901
64.17312,-148.33221,0.839293054,1.16773512,1.36773512
64.466,-146.4809,0.875193236,1.216901477,1.416901477
64.46643,-147.0722,0.883986895,1.226345986,1.426345986
64.46772,-148.42067,0.90412024,1.316415157,1.516415157
64.46806,-144.9548,0.836687115,1.167448114,1.367448114
64.46864,-145.97223,0.816652695,1.150988413,1.350988413
64.46877,-147.74641,0.909427533,1.289202867,1.489202867
64.46932,-145.4635,0.69278355,0.900351907,1.100351907
64.47132,-146.5636,0.85153319,1.178972707,1.378972707
64.47137,-147.15504,0.838256536,1.125496729,1.325496729
64.47145,-144.52841,0.793983304,1.104321181,1.304321181
64.521,-146.2074,0.869244695,1.223623471,1.423623471
64.52162,-147.39268,0.955132395,1.345185816,1.545185816
64.52224,-145.18777,0.897711145,1.329008569,1.529008569
64.52237,-148.06841,0.95262322,1.393048462,1.593048462
64.52258,-145.6976,0.645309697,0.921964345,1.121964345
64.52264,-146.80003,0.90845029,1.336017838,1.536017838
64.52635,-144.76047,0.795404371,1.156826258,1.356826258
64.52637,-147.47577,0.971047118,1.378654748,1.578654748
64.52649,-146.29025,0.832767928,1.117085757,1.317085757
64.5267,-148.15163,0.945658994,1.384771456,1.584771456
64.9609,-148.11424,0.744448852,1.01383812,1.21383812
64.9612,-145.18143,0.664335272,0.920595414,1.120595414
64.96152,-146.82291,0.832988254,1.18317332,1.38317332
64.96158,-145.7005,0.84771977,1.238402168,1.438402168
64.9651,-147.51089,0.938559039,1.418206537,1.618206537
64.96521,-148.19897,0.719556357,0.966697608,1.166697608
64.96529,-144.7464,0.465953831,0.650245854,0.850245854
64.96545,-146.30388,0.867155229,1.202346592,1.402346592
64.96663,-146.90738,0.819867225,1.169756432,1.369756432
64.96734,-145.26553,0.64054098,0.885952805,1.085952805
64.41559,-146.83575,1.07404078,1.617717584,1.817717584
64.41566,-145.23044,0.999892053,1.542962951,1.742962951
64.41587,-145.73807,0.822524089,1.151415818,1.351415818
64.41915,-147.50858,0.950838884,1.371406397,1.571406397
64.41931,-148.18149,0.88201767,1.272954589,1.472954589
64.4196,-146.32816,0.955402991,1.475996336,1.675996336
64.41991,-144.80499,0.779964896,1.103161529,1.303161529
64.42068,-146.91837,0.915232292,1.280259872,1.480259872
64.42165,-145.82047,0.778202785,1.082469006,1.282469006
64.42175,-145.3127,0.938626728,1.345087099,1.545087099
64.6272,-148.71657,0.965479352,1.454445215,1.654445215
64.62791,-146.16879,0.800182568,1.090868348,1.290868348
64.62881,-145.14474,0.906813202,1.31438945,1.51438945
64.62884,-147.35925,0.943090091,1.299670846,1.499670846
64.62934,-145.65677,0.998133484,1.611759699,1.811759699
64.62972,-146.76401,0.880082457,1.265653793,1.465653793
64.62974,-148.03793,0.950310359,1.366973376,1.566973376
64.63112,-148.80023,0.953334987,1.41750655,1.61750655
64.63278,-144.71558,0.6604603,0.937912575,1.137912575
64.63342,-146.25198,0.751730057,1.028438669,1.228438669
64.51357,-147.90207,0.922466052,1.310795105,1.510795105
64.51546,-146.12459,0.778539136,1.090469757,1.290469757
64.51569,-148.6608,0.906426297,1.327842667,1.527842667
64.51608,-145.10519,0.779514088,1.122666462,1.322666462
64.51672,-145.6149,0.65625242,0.891031212,1.091031212
64.51683,-147.30963,0.939374327,1.314438001,1.514438001
64.51746,-146.71709,0.894052456,1.303827583,1.503827583
64.51799,-147.98523,0.941364578,1.359856734,1.559856734
64.51965,-148.74408,0.904864425,1.319597617,1.519597617
64.51991,-144.67801,0.859730742,1.256465255,1.456465255
64.04883,-148.03416,0.669775897,0.915432033,1.115432033
64.04885,-145.7081,1.231139833,1.827433561,2.027433561
64.04888,-146.78972,0.786072334,1.081325955,1.281325955
64.05027,-148.77884,0.876816908,1.302204898,1.502204898
64.0527,-146.28955,0.83963907,1.116762262,1.316762262
64.0527,-147.4527,0.726309385,0.988009399,1.188009399
64.05273,-144.78867,1.148086646,1.64614883,1.84614883
64.05317,-148.1158,0.733730194,1.017584573,1.217584573
64.05399,-146.87112,0.827465496,1.109987553,1.309987553
64.05463,-145.28894,1.127337363,1.64456573,1.84456573
64.38809,-147.60208,0.940852648,1.334522021,1.534522021
64.38935,-146.42314,0.876836631,1.335479071,1.535479071
64.39004,-147.01263,0.931361988,1.299537319,1.499537319
64.3908,-144.90179,0.846061253,1.1423762,1.3423762
64.39179,-145.91606,0.95561434,1.432230873,1.632230873
64.39198,-148.35695,0.888844886,1.281614483,1.481614483
64.39227,-145.40892,0.866034978,1.178542646,1.378542646
64.39271,-147.68475,0.915165913,1.286160154,1.486160154
64.3947,-146.50558,0.906148551,1.313692034,1.513692034
64.39502,-147.0952,0.856842333,1.163290512,1.363290512
64.65503,-148.53983,0.996542958,1.535738852,1.735738852
64.6553,-144.5347,0.70949333,1.013515123,1.213515123
64.65668,-147.86041,0.946704147,1.345616378,1.545616378
64.65797,-146.07257,0.826198682,1.140536673,1.340536673
64.65814,-145.04727,0.889226729,1.277909551,1.477909551
64.65904,-145.55994,0.919332355,1.325899446,1.525899446
64.65906,-148.62357,0.982815856,1.510830466,1.710830466
64.65977,-147.26451,0.979359651,1.388113187,1.588113187
64.6602,-146.66852,0.81078254,1.161285526,1.361285526
64.66114,-147.94405,0.947420528,1.343194775,1.543194775
64.40952,-145.14822,0.78454527,1.112272585,1.312272585
64.40966,-147.34312,0.920935694,1.302730216,1.502730216
64.41005,-145.65573,0.849705202,1.186327675,1.386327675
64.41044,-146.75314,0.967900632,1.462890962,1.662890962
64.41065,-148.01578,0.890551636,1.268634375,1.468634375
64.41217,-148.77136,0.955945142,1.433861992,1.633861992
64.41351,-144.72285,0.729628354,0.991081086,1.191081086
64.41414,-146.24567,0.944817395,1.409609534,1.609609534
64.41443,-147.42583,0.928382142,1.338825664,1.538825664
64.41501,-148.09863,0.894216892,1.280175053,1.480175053
65.02582,-148.69861,0.977510359,1.497930222,1.697930222
65.0262,-145.06793,0.743477907,1.067227866,1.267227866
65.02697,-145.58841,0.799033951,1.119266236,1.319266236
65.02719,-147.31891,0.734584882,1.016913005,1.216913005
65.02784,-146.71387,0.800888162,1.216423229,1.416423229
65.02827,-148.00879,0.8130695,1.114320252,1.314320252
65.02975,-148.78366,1.017024194,1.558719537,1.758719537
65.02991,-144.63171,0.617903248,0.823581016,1.023581016
65.03134,-146.19341,0.785485978,1.071905337,1.271905337
65.032,-147.40372,0.758299925,1.094203958,1.294203958
65.09105,-147.81758,0.824604396,1.138086788,1.338086788
65.09107,-144.95384,0.639564943,0.865276167,1.065276167
65.09156,-145.99756,0.807749498,1.187574878,1.387574878
65.09232,-145.47571,0.666482403,0.904088745,1.104088745
65.09364,-148.59448,0.922494815,1.37020353,1.57020353
65.09392,-147.21094,0.74111709,1.034856714,1.234856714
65.09409,-146.60422,0.910666543,1.475808991,1.675808991
65.09443,-144.51642,0.594857574,0.795410579,0.995410579
65.09554,-147.90271,0.785800575,1.091393497,1.291393497
65.09719,-146.08234,0.760256694,1.07970391,1.27970391
64.56343,-146.87115,0.920134229,1.335627086,1.535627086
64.56389,-145.2562,0.802621047,1.14921829,1.34921829
64.564,-145.76688,0.761073175,1.136270954,1.336270954
64.56676,-148.22498,0.931410012,1.367308194,1.567308194
64.56682,-147.54802,0.970630402,1.384233387,1.584233387
64.56757,-146.36053,0.759174722,0.997466098,1.197466098
64.56822,-144.82819,0.565162102,0.790038954,0.990038954
64.5685,-146.95428,0.885585633,1.231469443,1.431469443
64.56976,-145.84976,0.827960521,1.202103109,1.402103109
64.56996,-145.33896,0.838076081,1.211766907,1.411766907
64.60551,-145.32484,0.869061308,1.252476588,1.452476588
64.60681,-148.29857,0.948988759,1.407777393,1.607777393
64.60723,-147.62051,0.952860678,1.345293255,1.545293255
64.60863,-146.43105,0.736905027,0.963489179,1.163489179
64.60925,-147.02579,0.882395454,1.206437074,1.406437074
64.61006,-144.89612,0.720094067,1.05702909,1.25702909
64.61099,-148.38211,0.987734833,1.508832492,1.708832492
64.61107,-145.91943,0.812981702,1.119563653,1.319563653
64.61154,-145.40778,0.823713967,1.119824109,1.319824109
64.61184,-147.70392,0.950062996,1.341172019,1.541172019
64.54279,-147.13214,0.931219567,1.311264514,1.511264514
64.54347,-148.48477,0.915624236,1.334383978,1.534383978
64.54485,-147.80844,0.939511511,1.337101048,1.537101048
64.54535,-145.00815,0.801894971,1.151897575,1.351897575
64.54548,-146.02875,0.778408785,1.036153798,1.236153798
64.54641,-145.51846,0.705004638,0.915266533,1.115266533
64.54754,-148.56815,0.898987836,1.319605847,1.519605847
64.5477,-147.21524,0.91595871,1.273431627,1.473431627
64.5479,-146.62198,0.886680195,1.262639765,1.462639765
64.54889,-144.58041,0.730078514,0.99679922,1.19679922
64.34473,-145.76486,1.0402214,1.507257191,1.707257191
64.34772,-147.53027,0.919630575,1.327261635,1.527261635
64.34774,-148.20125,0.873208783,1.218676822,1.418676822
64.34834,-146.35326,0.91350666,1.334376267,1.534376267
64.34899,-144.83444,0.82952749,1.186994481,1.386994481
64.34933,-146.94177,1.03051299,1.52755238,1.72755238
64.35049,-145.84702,1.099112916,1.643178949,1.843178949
64.35072,-145.34071,0.968874763,1.466147943,1.666147943
64.35197,-148.28391,0.872729621,1.233243728,1.433243728
64.35237,-147.61279,0.91449635,1.317579943,1.517579943
64.91185,-147.87082,0.860414808,1.226119369,1.426119369
64.91316,-146.06421,0.769698647,1.033907167,1.233907167
64.91322,-145.02812,0.659582492,0.948572824,1.148572824
64.91415,-148.642,1.014104718,1.605352676,1.805352676
64.91418,-145.54617,0.705810228,1.014391518,1.214391518
64.91496,-147.26866,0.911800974,1.345157641,1.545157641
64.91539,-146.66641,0.867004269,1.201099645,1.401099645
64.91631,-147.95534,0.819757897,1.150559259,1.350559259
64.91682,-144.59392,0.692345336,0.906502844,1.106502844
64.91813,-148.72665,1.223673515,1.981767132,2.181767132
64.43754,-147.83981,0.881070752,1.226622671,1.426622671
64.43867,-146.06784,0.874525921,1.241775009,1.441775009
64.43882,-145.05162,0.709797768,0.94817903,1.14817903
64.43972,-145.55972,0.728505496,0.956769087,1.156769087
64.44006,-148.59622,0.973726482,1.480304366,1.680304366
64.44053,-147.24919,0.862394251,1.191392134,1.391392134
64.44093,-146.65849,0.803511841,1.119572163,1.319572163
64.442,-147.92271,0.874990237,1.233848171,1.433848171
64.4425,-144.62576,0.71546063,0.98738732,1.18738732
64.44405,-148.67923,0.966065365,1.476163497,1.676163497
64.84634,-148.74521,1.138423111,1.843408649,2.043408649
64.84738,-146.17448,0.655415676,0.893223518,1.093223518
64.84824,-147.37567,0.900191277,1.271452615,1.471452615
64.84832,-145.1412,0.803773598,1.162156811,1.362156811
64.84882,-145.65785,0.665167424,0.916125264,1.116125264
64.84901,-148.06047,0.792631763,1.094923602,1.294923602
64.84914,-146.77507,0.894773965,1.275638278,1.475638278
64.85228,-144.70816,0.695995253,0.922454284,1.122454284
64.8529,-146.25844,0.742394433,1.084003479,1.284003479
64.853,-147.45987,0.935901063,1.344890213,1.544890213
64.36153,-147.77795,0.8936799,1.240177988,1.440177988
64.36161,-144.99838,0.856293844,1.164952029,1.364952029
64.36185,-146.01144,0.939397237,1.372807905,1.572807905
64.36271,-145.5049,0.959256034,1.347003419,1.547003419
64.36426,-147.18915,0.876176508,1.208132899,1.408132899
64.36436,-146.60025,0.905378991,1.289642462,1.489642462
64.36439,-148.53203,0.955488435,1.387425923,1.587425923
64.36513,-144.57382,0.758466974,1.043998978,1.243998978
64.36604,-147.8606,0.879312058,1.217624217,1.417624217
64.36745,-146.09369,0.876028498,1.259955151,1.459955151
64.42357,-148.26437,0.88270437,1.269387865,1.469387865
64.42383,-147.59134,0.923351464,1.30724967,1.50724967
64.425,-146.41069,0.908336386,1.345691803,1.545691803
64.42572,-147.00104,0.956575885,1.36061583,1.56061583
64.42628,-144.88716,0.860766696,1.210607081,1.410607081
64.42738,-145.90288,0.816566687,1.181647164,1.381647164
64.42777,-148.34729,0.886651237,1.278648629,1.478648629
64.42779,-145.395,0.8013245,1.062097385,1.262097385
64.42844,-147.67413,0.916395508,1.293465429,1.493465429
64.43037,-146.49326,0.842443732,1.176754392,1.376754392
64.81046,-148.75446,1.077131884,1.702446603,1.902446603
64.81171,-146.1875,0.773210917,1.061986889,1.261986889
64.81244,-147.38693,0.890121939,1.233306534,1.433306534
64.81273,-145.15572,0.8282981,1.204381895,1.404381895
64.81319,-148.07071,0.878451394,1.281616108,1.481616108
64.81321,-145.67162,0.696209187,0.974924992,1.174924992
64.81343,-146.7872,0.886574469,1.28855722,1.48855722
64.81676,-144.72331,0.676311298,0.895115079,1.095115079
64.81719,-147.47101,0.918935437,1.309035795,1.509035795
64.81722,-146.27133,0.77523952,1.110520356,1.310520356
64.82497,-145.32292,0.68079076,0.889298397,1.089298397
64.82601,-148.32344,0.860595275,1.24582865,1.44582865
64.82655,-147.63927,0.969550019,1.419483056,1.619483056
64.82806,-146.43909,0.8451558,1.191049234,1.391049234
64.82866,-147.0392,0.876378987,1.22221666,1.42221666
64.82954,-144.89034,0.601849853,0.819045906,1.019045906
64.83019,-148.40775,0.871457524,1.252315368,1.452315368
64.83054,-145.92288,0.788666844,1.108281129,1.308281129
64.83102,-145.40659,0.669249818,0.874869865,1.074869865
64.83114,-147.72345,0.934852885,1.34517424,1.54517424
64.33262,-148.62404,0.98037339,1.453643885,1.653643885
64.33306,-145.60066,0.976251544,1.35938294,1.55938294
64.33344,-147.28284,0.863102671,1.187265984,1.387265984
64.33395,-146.6947,1.059136598,1.586906885,1.786906885
64.33471,-147.95346,0.867221461,1.193959028,1.393959028
64.33618,-144.67068,0.775742397,1.078779098,1.278779098
64.33659,-148.70671,0.976064604,1.447417279,1.647417279
64.33741,-146.18877,0.813736791,1.121440543,1.321440543
64.33824,-147.3653,0.902995742,1.271961073,1.471961073
64.33852,-145.17668,1.035855052,1.535405206,1.735405206
64.43071,-147.08371,0.844530071,1.156600862,1.356600862
64.43192,-148.43024,0.896882426,1.320522402,1.520522402
64.43257,-144.96938,0.797091071,1.056039653,1.256039653
64.43302,-147.75696,0.898856312,1.278240712,1.478240712
64.43304,-145.98534,0.878449433,1.289679827,1.489679827
64.43378,-145.47736,0.750311668,0.987056897,1.187056897
64.43565,-147.16644,0.844172034,1.145745283,1.345745283
64.43568,-146.57585,0.782725175,1.053511822,1.253511822
64.43599,-144.54359,0.642883588,0.884542676,1.084542676
64.43601,-148.51321,0.948606256,1.424398509,1.624398509
64.38016,-145.24458,0.977864712,1.499895612,1.699895612
64.38032,-145.75148,0.881702342,1.258658194,1.458658194
64.38344,-147.51944,0.945377017,1.38510237,1.58510237
64.38354,-148.19138,0.876572002,1.240872607,1.440872607
64.38396,-146.34073,0.82178397,1.212178498,1.412178498
64.38445,-144.81973,0.855667915,1.20153977,1.40153977
64.38501,-146.93008,1.033572227,1.533121823,1.733121823
64.38608,-145.83374,0.890808001,1.278939429,1.478939429
64.38624,-145.32672,0.971786173,1.433153859,1.633153859
64.38778,-148.27414,0.877465309,1.2590378,1.4590378
64.79773,-146.53552,0.745142969,0.97728339,1.17728339
64.79786,-147.13489,0.887456655,1.23917518,1.43917518
64.79844,-148.50168,0.912594185,1.354575079,1.554575079
64.79989,-147.81827,0.916366404,1.302623243,1.502623243
64.80029,-144.98868,0.726776579,1.043591765,1.243591765
64.80055,-146.01996,0.820185834,1.150129397,1.350129397
64.80141,-145.5043,0.665806274,0.908029316,1.108029316
64.80251,-148.58591,0.962977137,1.4849026,1.6849026
64.80277,-147.21887,0.879258534,1.216976715,1.416976715
64.80302,-146.61938,0.774387041,1.056194733,1.256194733
64.70379,-144.68542,0.779224756,1.083109257,1.283109257
64.70472,-146.2263,0.809564855,1.153879746,1.353879746
64.70515,-147.42049,0.952314857,1.390705759,1.590705759
64.70573,-148.10129,1.03256036,1.557910403,1.757910403
64.70607,-145.19904,0.835051328,1.224326198,1.424326198
64.70626,-146.82339,0.877094463,1.242722989,1.442722989
64.70637,-145.71268,0.850049109,1.215762033,1.415762033
64.70988,-147.50421,0.956084059,1.350766072,1.550766072
64.71004,-148.18512,1.047205134,1.599196343,1.799196343
64.71019,-146.30978,0.764428125,1.071055649,1.271055649
64.83341,-146.52304,0.787105842,1.058549746,1.258549746
64.83363,-147.12326,0.882090059,1.256919538,1.456919538
64.8343,-148.49207,0.888415203,1.311458256,1.511458256
64.83569,-147.80765,0.872647879,1.218957497,1.418957497
64.83585,-144.97391,0.661768464,0.920070381,1.120070381
64.8362,-146.00671,0.738733346,0.999188572,1.199188572
64.83701,-145.4903,0.667259491,0.889228846,1.089228846
64.83836,-148.57642,0.85784563,1.266032753,1.466032753
64.83856,-147.20737,0.882276604,1.251798848,1.451798848
64.83871,-146.60703,0.796778596,1.091953127,1.291953127
64.71023,-144.76852,0.940762931,1.356621488,1.556621488
64.71136,-146.907,0.85978245,1.217487064,1.417487064
64.71217,-145.79604,0.731117679,0.966755406,1.166755406
64.7122,-145.28226,0.771180208,1.047820529,1.247820529
64.71429,-148.26901,1.017183065,1.534036374,1.734036374
64.71455,-147.58795,0.951488686,1.343187683,1.543187683
64.71562,-146.39328,0.761049372,1.053585025,1.253585025
64.71642,-146.99063,0.893353717,1.252795665,1.452795665
64.71661,-144.85165,0.953234304,1.388440281,1.588440281
64.71791,-145.87943,0.647525932,0.850914468,1.050914468
64.68266,-145.37964,0.730199609,0.958439027,1.158439027
64.68341,-147.6825,0.940241692,1.301810188,1.501810188
64.68532,-146.48933,0.748261969,1.0096465,1.2096465
64.68569,-147.08594,0.886158779,1.213482944,1.413482944
64.68678,-148.44647,1.025822916,1.577123803,1.777123803
64.68742,-144.94958,0.885663932,1.270192793,1.470192793
64.68798,-145.97614,0.721632848,0.964105021,1.164105021
64.68798,-147.7662,0.932661124,1.307311584,1.507311584
64.68866,-145.46284,0.739237583,0.98721542,1.18721542
64.69063,-146.57278,0.744370558,1.020646151,1.220646151
65.22066,-148.21313,0.812921157,1.230698805,1.430698805
65.22093,-146.29785,0.700827202,0.953673506,1.153673506
65.22213,-146.90779,0.805991957,1.137566319,1.337566319
65.22276,-145.24846,0.894473641,1.310566898,1.510566898
65.22284,-145.77318,0.672130917,0.909516476,1.109516476
65.22491,-148.2988,0.814884013,1.183096533,1.383096533
65.22528,-147.60324,0.76476544,1.14778661,1.34778661
65.22638,-146.38313,0.687023251,0.924144696,1.124144696
65.22705,-144.80869,0.713320614,1.030830567,1.230830567
65.22719,-146.99321,0.854330647,1.23908067,1.43908067
64.78168,-148.16502,0.897170141,1.341958997,1.541958997
64.78281,-146.88315,0.877643934,1.250010107,1.450010107
64.78331,-145.25366,0.774908625,1.094583307,1.294583307
64.78342,-145.76895,0.725707906,1.045419447,1.245419447
64.78596,-148.24915,0.871990765,1.302644097,1.502644097
64.78612,-147.5661,0.994843519,1.469268291,1.669268291
64.78699,-146.36792,0.816413935,1.168602281,1.368602281
64.78764,-144.82181,0.600783379,0.799535273,0.999535273
64.78787,-146.96703,0.884479803,1.271514057,1.471514057
64.78918,-145.85257,0.749745319,1.076411502,1.276411502
64.23608,-146.30872,1.146256685,1.690901359,1.890901359
64.23618,-148.14841,0.907986054,1.289722317,1.489722317
64.23626,-144.79677,0.896221079,1.270555563,1.470555563
64.23727,-146.89456,0.933602872,1.323338319,1.523338319
64.23808,-145.80475,1.181806581,1.772733436,1.972733436
64.23813,-145.30075,0.926480527,1.290756508,1.490756508
64.24045,-148.23068,0.911560522,1.292096681,1.492096681
64.24055,-147.56259,0.857151178,1.221966719,1.421966719
64.24149,-146.39062,1.040729777,1.493620714,1.693620714
64.24232,-146.97662,0.942311828,1.383050331,1.583050331
64.22919,-148.73395,1.198913721,1.942047915,2.142047915
64.22985,-144.71524,0.837731726,1.155315019,1.355315019
64.23061,-146.22684,1.161834311,1.719034804,1.919034804
64.23113,-147.39832,0.912770472,1.305338759,1.505338759
64.23186,-148.06616,0.898921514,1.272483908,1.472483908
64.23204,-145.21909,0.926610987,1.241633841,1.441633841
64.23217,-146.81256,0.933487446,1.315632351,1.515632351
64.2323,-145.72298,1.169115105,1.754975895,1.954975895
64.23311,-148.8163,1.288042593,2.060652747,2.260652747
64.23587,-147.48044,0.876865291,1.240380881,1.440380881
64.71825,-145.36554,0.666415845,0.88622892,1.08622892
64.71849,-148.35291,0.97874225,1.488195747,1.688195747
64.71918,-147.67174,0.942967654,1.325294437,1.525294437
64.721,-146.47684,0.732326554,0.966771222,1.166771222
64.72142,-147.07431,0.902949744,1.26548742,1.46548742
64.72264,-148.43684,0.948818962,1.437017305,1.637017305
64.72294,-144.93483,0.727574505,1.001251593,1.201251593
64.7236,-145.96288,0.637397856,0.87734923,1.07734923
64.72376,-147.75555,0.934277155,1.309978515,1.509978515
64.72427,-145.44885,0.659710104,0.898960827,1.098960827
64.52775,-146.88301,0.908850547,1.291160296,1.491160296
64.52835,-145.27039,0.797713752,1.117626727,1.317626727
64.52839,-145.78033,0.7520035,1.104964244,1.304964244
64.53097,-148.23486,0.930199234,1.357046753,1.557046753
64.53107,-147.5589,0.98039468,1.39895472,1.59895472
64.53191,-146.37312,0.795032788,1.040437584,1.240437584
64.53274,-144.84299,0.843103819,1.263305853,1.463305853
64.53281,-146.96602,0.920924591,1.289405951,1.489405951
64.53413,-145.8631,0.860133466,1.255955953,1.455955953
64.53442,-145.35303,0.802449994,1.127225025,1.327225025
64.64761,-147.69324,0.944644882,1.313279869,1.513279869
64.64965,-146.5018,0.704919817,0.965804025,1.165804025
64.64997,-147.09753,0.896971469,1.230648646,1.430648646
64.65095,-148.45609,1.005771863,1.54468884,1.74468884
64.65188,-144.96429,0.920952728,1.352783589,1.552783589
64.65217,-147.77681,0.942111955,1.324275585,1.524275585
64.65235,-145.98935,0.912925695,1.302795888,1.502795888
64.65309,-145.47681,0.838020341,1.147558918,1.347558918
64.65489,-147.181,0.923876275,1.286894047,1.486894047
64.65495,-146.58514,0.752164068,1.083560825,1.283560825
64.73928,-144.67029,0.79656979,1.09666571,1.29666571
64.74037,-146.21341,0.825248197,1.151077881,1.351077881
64.74091,-147.40933,0.991551524,1.439635631,1.639635631
64.74155,-148.09113,1.076744023,1.655140046,1.855140046
64.74162,-145.18463,0.830253528,1.214671554,1.414671554
64.74197,-146.81137,0.867924028,1.248803199,1.448803199
64.742,-145.69904,0.766960155,1.08665314,1.28665314
64.74565,-147.49318,0.978484729,1.419074957,1.619074957
64.74573,-144.75349,0.822927449,1.16740829,1.36740829
64.74586,-146.297,0.757090672,1.03925679,1.23925679
64.571,-148.30838,0.919608841,1.344477923,1.544477923
64.57147,-147.63129,0.9665853,1.379354612,1.579354612
64.57295,-146.44356,0.74176995,0.989038767,1.189038767
64.57353,-147.03745,0.948968032,1.347758217,1.547758217
64.57456,-144.91086,0.700104798,1.005576751,1.205576751
64.57517,-148.3918,0.927720453,1.360560706,1.560560706
64.57546,-145.93269,0.772646875,1.033007099,1.233007099
64.576,-145.42175,0.77138544,1.051742098,1.251742098
64.57607,-147.7146,0.955561044,1.370161885,1.570161885
64.57829,-146.52663,0.760973619,1.031595769,1.231595769
65.13982,-145.63104,0.706659757,0.981490185,1.181490185
65.14023,-148.06271,0.805558111,1.169612228,1.369612228
65.14031,-146.76176,0.79222064,1.1345666,1.3345666
65.14303,-144.66986,0.673143331,0.939574974,1.139574974
65.144,-146.23889,0.748754752,1.030386564,1.230386564
65.14419,-147.45485,0.965812174,1.446876844,1.646876844
65.14457,-148.14807,0.824644945,1.223102311,1.423102311
65.14536,-145.19284,0.704311095,1.022331405,1.222331405
65.14547,-146.84686,0.796343244,1.14120606,1.34120606
65.14568,-145.71588,0.755460804,1.089386609,1.289386609
64.76201,-146.54799,0.704295598,0.902113758,1.102113758
64.76211,-147.14647,0.880678586,1.217783177,1.417783177
64.7626,-148.51126,0.862276313,1.257938113,1.457938113
64.76409,-147.82886,0.959656282,1.381892324,1.581892324
64.76476,-145.00339,0.659534984,0.941047921,1.141047921
64.76492,-146.03317,0.834034733,1.234870011,1.434870011
64.76582,-145.51828,0.669000541,0.921095156,1.121095156
64.76665,-148.59537,0.88441972,1.329847469,1.529847469
64.76702,-147.23033,0.885512534,1.213208707,1.413208707
64.76729,-146.63173,0.732426563,0.998833971,1.198833971
65.29243,-146.27167,0.764239848,1.09360369,1.29360369
65.29245,-148.19267,0.824399945,1.190361093,1.390361093
65.2937,-146.88342,0.72609452,1.042206146,1.242206146
65.29401,-145.21915,0.773837727,1.07758117,1.27758117
65.29423,-145.74542,0.643917474,0.836085291,1.036085291
65.29671,-148.27859,0.823760514,1.171364306,1.371364306
65.29698,-147.58096,0.77703177,1.166796256,1.366796256
65.29789,-146.35721,0.773319287,1.07588992,1.27588992
65.29822,-144.77806,0.848492347,1.252999021,1.452999021
65.29879,-146.9691,0.726374537,1.043542614,1.243542614
64.59229,-146.1817,0.854563505,1.182343182,1.382343182
64.5931,-147.37042,0.942949192,1.309957535,1.509957535
64.59328,-145.15912,0.819159889,1.161797188,1.361797188
64.59376,-145.67043,0.751095972,1.129135217,1.329135217
64.59394,-148.04813,0.943181084,1.361920176,1.561920176
64.59399,-146.77606,0.915096,1.355881655,1.555881655
64.59527,-148.80933,0.950484226,1.395624037,1.595624037
64.59731,-144.73059,0.500896074,0.692872282,0.892872282
64.59778,-146.26477,0.790701945,1.067981611,1.267981611
64.59786,-147.45377,0.957641314,1.346825478,1.546825478
64.91875,-146.14835,0.824388281,1.183471427,1.383471427
64.91945,-145.11203,0.76449986,1.126659283,1.326659283
64.9198,-147.35306,0.941445552,1.400836505,1.600836505
64.92009,-145.63019,0.742595666,1.09704185,1.29704185
64.9206,-146.7507,0.867882425,1.207985648,1.407985648
64.92071,-148.03989,0.757522491,1.044411887,1.244411887
64.92205,-148.81134,1.315410989,2.183145387,2.383145387
64.92331,-144.67772,0.633880829,0.819496632,1.019496632
64.92428,-146.23254,0.89647462,1.299166274,1.499166274
64.92458,-147.43752,0.956360831,1.41328853,1.61328853
64.72631,-146.56041,0.698910481,0.914583178,1.114583178
64.72637,-147.15802,0.902166021,1.249693107,1.449693107
64.72675,-148.5208,0.887469853,1.319948388,1.519948388
64.72829,-147.8394,0.933613344,1.309488866,1.509488866
64.72922,-145.01807,0.668493191,0.9239241,1.1239241
64.72924,-146.04634,0.730162288,1.036310322,1.236310322
64.73022,-145.5322,0.701599635,0.968780592,1.168780592
64.73078,-148.6048,0.886963889,1.349461228,1.549461228
64.73126,-147.24176,0.932612942,1.302031385,1.502031385
64.73158,-146.64403,0.704764521,0.954822114,1.154822114
64.90482,-146.49792,0.921674039,1.341841838,1.541841838
64.90514,-147.09995,0.846058506,1.215627392,1.415627392
64.90605,-148.47276,0.784134965,1.115689671,1.315689671
64.90694,-144.94427,0.584260211,0.818757507,1.018757507
64.90735,-147.78633,0.892517299,1.286037294,1.486037294
64.90753,-145.9801,0.754197506,1.009381169,1.209381169
64.90823,-145.46217,0.678610928,0.948759922,1.148759922
64.91009,-147.18428,0.866615067,1.250974889,1.450974889
64.91013,-146.58215,0.895538161,1.277513265,1.477513265
64.91013,-148.55737,0.798321433,1.178361856,1.378361856
64.25702,-148.56006,1.121283819,1.688593072,1.888593072
64.25717,-147.22295,0.908905638,1.273073655,1.473073655
64.25743,-146.6366,1.093329125,1.618788199,1.818788199
64.25878,-147.89151,0.870029071,1.226634048,1.426634048
64.25882,-144.61884,0.717521977,0.942205724,1.142205724
64.26069,-146.13222,1.044480236,1.463260791,1.663260791
64.26102,-148.64246,1.192950506,1.816374482,2.016374482
64.26138,-145.12326,1.160872559,1.775753194,1.975753194
64.26199,-145.62775,1.139600836,1.701533244,1.901533244
64.26202,-147.30513,0.867276595,1.214333948,1.414333948
64.86057,-145.30864,0.624460494,0.814350529,1.014350529
64.86186,-148.31357,0.87839381,1.290311315,1.490311315
64.86237,-147.62839,1.005895695,1.479144842,1.679144842
64.86377,-146.42645,0.847103646,1.197391787,1.397391787
64.86441,-147.02744,0.863701305,1.239514264,1.439514264
64.86507,-144.87543,0.57557911,0.770393602,0.970393602
64.86604,-148.39798,0.859675175,1.232549076,1.432549076
64.86617,-145.90947,0.791316569,1.100347428,1.300347428
64.86663,-145.39243,0.626624366,0.830008859,1.030008859
64.86697,-147.71268,0.951041564,1.371139059,1.571139059
64.36785,-145.08041,0.851341025,1.183450348,1.383450348
64.36842,-148.61479,0.966256473,1.429813158,1.629813158
64.36863,-145.58705,0.995497366,1.40349523,1.60349523
64.36913,-147.27167,0.883388513,1.224930047,1.424930047
64.3696,-146.68266,0.847019964,1.18711235,1.38711235
64.37049,-147.94324,0.874069362,1.217503072,1.417503072
64.37161,-144.65576,0.778304191,1.076081963,1.276081963
64.37241,-148.69759,0.967895378,1.433676401,1.633676401
64.373,-146.17601,0.841661439,1.205133907,1.405133907
64.37395,-147.35422,0.92282911,1.306392603,1.506392603
64.50707,-147.14362,0.887181324,1.223301238,1.423301238
64.50764,-148.49429,0.912432937,1.333753254,1.533753254
64.50908,-147.81894,0.924528018,1.315039038,1.515039038
64.50985,-145.02267,0.730278386,1.00001472,1.20001472
64.50987,-146.04182,0.74701329,1.009319467,1.209319467
64.51083,-145.53226,0.703536119,0.924464936,1.124464936
64.51169,-148.57751,0.912337259,1.341970857,1.541970857
64.51198,-147.22659,0.906228554,1.259832625,1.459832625
64.51225,-146.63419,0.906987083,1.309986083,1.509986083
64.51343,-144.59558,0.927514297,1.343984246,1.543984246
65.00303,-145.77104,0.883621586,1.279762196,1.479762196
65.00533,-148.27374,0.751110265,1.028314201,1.228314201
65.00562,-147.5845,0.905312599,1.377322591,1.577322591
65.00659,-146.37546,0.778227565,1.080105869,1.280105869
65.00726,-144.81531,0.542142114,0.755092694,0.955092694
65.00745,-146.98,0.804265044,1.094028688,1.294028688
65.0088,-145.85544,0.796624137,1.137474277,1.337474277
65.00902,-145.33536,0.768338692,1.087144179,1.287144179
65.00953,-148.35866,0.797202773,1.190285436,1.390285436
65.01025,-147.6693,0.846588425,1.245505071,1.445505071
65.05521,-147.82829,0.831363841,1.160837925,1.360837925
65.0555,-144.96878,0.739739544,1.04854462,1.24854462
65.05585,-146.01099,0.833471496,1.260878475,1.460878475
65.05669,-145.48987,0.713518894,0.975678284,1.175678284
65.05775,-148.60403,0.95137181,1.461821713,1.661821713
65.05812,-147.22256,0.770486062,1.056106261,1.256106261
65.05834,-146.61673,0.730935748,1.110195832,1.310195832
65.05891,-144.53201,0.588389453,0.778330269,0.978330269
65.05968,-147.9133,0.837978285,1.155723146,1.355723146
65.06148,-146.09561,0.837709463,1.216304827,1.416304827
65.23489,-145.41858,0.745713511,1.009372858,1.209372858
65.2371,-146.5538,0.75336264,1.110554228,1.310554228
65.23716,-147.16415,0.86661226,1.263233929,1.463233929
65.23732,-148.55597,0.846858894,1.210594262,1.410594262
65.23901,-147.86006,0.698977134,0.972947746,1.172947746
65.23975,-144.97861,0.866629904,1.31686775,1.51686775
65.23999,-146.02881,0.70921391,0.962795204,1.162795204
65.24088,-145.50369,0.723236673,1.100060404,1.300060404
65.24135,-148.64175,0.867558705,1.279453975,1.479453975
65.24206,-147.24968,0.775433979,1.097300244,1.297300244
65.06174,-148.68919,0.94638141,1.405681167,1.605681167
65.06177,-145.05316,0.690208452,0.947863539,1.147863539
65.06264,-145.5744,0.684354345,0.919136769,1.119136769
65.06299,-147.30746,0.755568795,1.072210251,1.272210251
65.06358,-146.70151,0.876910115,1.383514207,1.583514207
65.06412,-147.99835,0.828456674,1.157371641,1.357371641
65.06544,-144.6163,0.544805573,0.720612707,0.920612707
65.06569,-148.77438,0.990147907,1.513159128,1.713159128
65.06704,-146.18028,0.78065627,1.070632907,1.270632907
65.06779,-147.3924,0.809308006,1.190315283,1.390315283
64.26265,-146.71866,1.050189527,1.567231504,1.767231504
64.26322,-147.9738,0.858086726,1.195055667,1.395055667
64.26499,-148.7249,1.167462255,1.798617436,1.998617436
64.26528,-144.70044,0.729583398,0.978723234,1.178723234
64.26621,-146.21417,1.073976248,1.554866952,1.754866952
64.26682,-147.38733,0.8425404,1.160543359,1.360543359
64.26752,-145.20499,0.984706597,1.399433114,1.599433114
64.2676,-148.05614,0.861464862,1.184889879,1.384889879
64.26781,-146.80075,0.915977039,1.287726649,1.487726649
64.26785,-145.70959,1.07310968,1.555649763,1.755649763
64.73276,-147.92328,0.957950219,1.36344037,1.56344037
64.73279,-144.58713,0.745531099,1.016719736,1.216719736
64.73478,-148.68881,0.953995278,1.477447516,1.677447516
64.73483,-146.12985,0.834901562,1.20277651,1.40277651
64.73545,-145.10132,0.763895291,1.105306642,1.305306642
64.73611,-147.32553,0.97316455,1.388788761,1.588788761
64.73614,-145.6156,0.717922215,1.012407328,1.212407328
64.7368,-146.72768,0.805988417,1.153565675,1.353565675
64.73717,-148.00719,1.034283704,1.54569946,1.74569946
64.73872,-148.77284,1.036715228,1.657671058,1.857671058
64.85335,-148.14481,0.84934478,1.285222233,1.485222233
64.85429,-146.85916,0.907904628,1.310225146,1.510225146
64.85447,-145.2249,0.736661909,0.995958157,1.195958157
64.85466,-145.74168,0.742535779,1.088181443,1.288181443
64.85764,-148.22916,0.896221776,1.338031915,1.538031915
64.85771,-147.54411,0.989543704,1.448954924,1.648954924
64.85835,-146.34242,0.877126165,1.327233428,1.527233428
64.8587,-144.79178,0.664423174,0.879213029,1.079213029
64.85937,-146.94327,0.891336452,1.272007506,1.472007506
64.86044,-145.82556,0.850293472,1.280624154,1.480624154
64.40308,-146.08078,0.912381358,1.332265294,1.532265294
64.40334,-145.06604,0.705495551,0.934515802,1.134515802
64.40417,-145.57343,0.863756342,1.212369993,1.412369993
64.40425,-148.60551,0.968917758,1.470459164,1.670459164
64.40483,-147.26045,0.881270649,1.243625345,1.443625345
64.40524,-146.67059,0.802564655,1.103475396,1.303475396
64.40624,-147.93298,0.872643957,1.221239652,1.421239652
64.40705,-144.64078,0.684283238,0.934966323,1.134966323
64.40824,-148.68842,0.965083675,1.46246234,1.66246234
64.40862,-146.16321,0.893847459,1.306802115,1.506802115
64.54933,-147.89169,0.934054483,1.327063207,1.527063207
64.55109,-146.11165,0.799974516,1.082659603,1.282659603
64.55154,-148.65152,0.935190874,1.386220462,1.586220462
64.55158,-145.09079,0.796505716,1.132346128,1.332346128
64.55232,-145.60123,0.64824127,0.881568966,1.081568966
64.55256,-147.2984,0.943072922,1.312565845,1.512565845
64.55314,-146.705,0.879763479,1.267174987,1.467174987
64.55376,-147.97498,0.943777702,1.359926838,1.559926838
64.55538,-144.66296,0.637152458,0.847263532,1.047263532
64.55552,-148.73492,0.926364893,1.361575727,1.561575727
64.88922,-148.13464,0.833470435,1.24181037,1.44181037
64.89001,-146.84711,0.8720546,1.224658765,1.424658765
64.89005,-145.21045,0.725690882,1.007855724,1.207855724
64.89031,-145.728,0.729403299,1.075793967,1.275793967
64.89351,-147.53308,1.05371343,1.589199441,1.789199441
64.89351,-148.21913,0.886990342,1.311892656,1.511892656
64.89405,-146.32962,0.885059199,1.284136406,1.484136406
64.89423,-144.77669,0.622120053,0.823232527,1.023232527
64.89511,-146.93134,0.843992529,1.201441056,1.401441056
64.8961,-145.81198,0.820591623,1.224341273,1.424341273
65.39474,-145.08925,0.67517206,0.922834422,1.122834422
65.3951,-147.375,0.785246879,1.125536817,1.325536817
65.39543,-145.61777,0.648368341,0.860368434,1.060368434
65.39587,-148.0755,0.901301598,1.421826485,1.621826485
65.39597,-146.76062,0.716290615,1.027531939,1.227531939
65.39852,-144.64627,0.760198233,1.023478187,1.223478187
65.39965,-146.23212,0.622562623,0.845641336,1.045641336
65.39987,-147.46112,0.795208561,1.156886532,1.356886532
65.4002,-148.16177,0.809256035,1.16814767,1.36814767
65.40094,-145.17487,0.665579778,0.897275929,1.097275929
64.83928,-144.54108,0.688132205,0.896804366,1.096804366
64.84019,-147.89189,0.85153172,1.182099205,1.382099205
64.84182,-146.09058,0.713617255,0.949531042,1.149531042
64.84212,-145.05753,0.729160986,1.041921811,1.241921811
64.84238,-148.6608,0.887924509,1.361308987,1.561308987
64.84294,-145.57407,0.666869385,0.879825508,1.079825508
64.84342,-147.2915,0.881649882,1.231966388,1.431966388
64.84396,-146.69102,0.8457681,1.199963577,1.399963577
64.84463,-147.97617,0.842448212,1.160715724,1.360715724
64.8458,-144.6246,0.661120139,0.874671987,1.074671987
65.09735,-145.03833,0.599524454,0.800778354,1.000778354
65.09765,-148.67976,0.915377452,1.355141062,1.555141062
65.09827,-145.56033,0.683193905,0.923322345,1.123322345
65.09879,-147.29597,0.80033019,1.166225421,1.366225421
65.09933,-146.68912,0.94066124,1.477415863,1.677415863
65.09998,-147.98788,0.793102391,1.130636217,1.330636217
65.10098,-144.60083,0.52396624,0.712753233,0.912753233
65.1016,-148.76508,0.999203917,1.534518305,1.734518305
65.10277,-146.16711,0.736607001,1.023261513,1.223261513
65.10358,-145.12288,0.57679583,0.78387994,0.98387994
64.44424,-146.15038,0.865607327,1.207212887,1.407212887
64.44503,-145.13391,0.785393535,1.11861166,1.31861166
64.44537,-147.332,0.889446475,1.246837184,1.446837184
64.4456,-145.64215,0.694397128,0.929370114,1.129370114
64.44613,-146.74117,0.913051367,1.321630301,1.521630301
64.44643,-148.00563,0.895982811,1.278447813,1.478447813
64.448,-148.7623,0.959585145,1.446059727,1.646059727
64.44897,-144.70795,0.757357018,1.037772828,1.237772828
64.44976,-146.23294,0.891189965,1.263200741,1.463200741
64.45015,-147.41481,0.900334126,1.26594543,1.46594543
64.87477,-144.52565,0.69083132,0.901010056,1.101010056
64.87603,-147.88138,0.814444215,1.109683739,1.309683739
64.87748,-146.07741,0.706677606,0.94659661,1.14659661
64.87766,-145.04285,0.591552985,0.819785782,1.019785782
64.87826,-148.65141,0.921109296,1.448773149,1.648773149
64.87858,-145.56012,0.601766475,0.815540835,1.015540835
64.87919,-147.28009,0.876473774,1.258922393,1.458922393
64.87968,-146.67874,0.867691405,1.1999703,1.3999703
64.88048,-147.96576,0.789492153,1.074993158,1.274993158
64.88131,-144.60928,0.68246282,0.898563259,1.098563259
65.0324,-145.15225,0.770363804,1.097431203,1.297431203
65.03265,-148.09372,0.778630574,1.044288568,1.244288568
65.03285,-145.67284,0.789324781,1.112279615,1.312279615
65.03301,-146.79855,0.888013277,1.374400953,1.574400953
65.03638,-144.71591,0.576056851,0.785011388,0.985011388
65.03674,-147.48857,0.863544757,1.337546299,1.537546299
65.03685,-146.278,0.766167644,1.030563771,1.230563771
65.03696,-148.17871,0.768532387,1.023992326,1.223992326
65.03815,-146.88329,0.919867488,1.393082196,1.593082196
65.03854,-145.23659,0.751968635,1.054673846,1.254673846
65.03869,-145.75731,0.727347915,1.003944491,1.203944491
65.04121,-148.2637,0.761511597,1.022937609,1.222937609
65.04144,-147.57346,0.909535285,1.394635217,1.594635217
65.0423,-146.36263,0.737528276,1.001646,1.201646
65.04282,-144.80017,0.615487844,0.852841279,1.052841279
65.04322,-146.96805,0.837101768,1.163819984,1.363819984
65.04446,-145.84183,0.674301664,0.937934161,1.137934161
65.04465,-145.32098,0.753260334,1.030008965,1.230008965
65.04543,-148.34875,0.783207147,1.092496775,1.292496775
65.04607,-147.65837,0.877997329,1.282380764,1.482380764
65.11918,-146.42175,0.675185109,0.953867115,1.153867115
65.1198,-147.0291,0.76499455,1.051329206,1.251329206
65.12031,-144.85428,0.598349651,0.822086387,1.022086387
65.12137,-148.41417,0.84654201,1.240761104,1.440761104
65.12156,-145.89929,0.815602266,1.211207643,1.411207643
65.12193,-145.37677,0.699725667,0.998374725,1.198374725
65.12234,-147.72162,0.960904239,1.443874389,1.643874389
65.12454,-146.50668,0.769539195,1.159502164,1.359502164
65.12479,-147.11418,0.762076686,1.072786495,1.272786495
65.12548,-148.49951,0.906017967,1.332950682,1.532950682
64.9901,-146.12206,0.783503989,1.07614575,1.27614575
64.99059,-145.08267,0.679598891,0.956919087,1.156919087
64.99133,-145.60237,0.83620826,1.20190776,1.40190776
64.9914,-147.33032,0.760255374,1.04079224,1.24079224
64.9921,-146.72618,0.773586595,1.105030188,1.305030188
64.99239,-148.01917,0.766979936,1.089176021,1.289176021
64.99384,-148.79291,1.075966503,1.702660988,1.902660988
64.99438,-144.64709,0.543849208,0.733863855,0.933863855
64.99565,-146.20648,0.805336213,1.089408579,1.289408579
64.99619,-147.41502,0.786728124,1.130323774,1.330323774
64.7894,-145.33717,0.708707284,0.943656621,1.143656621
64.79018,-148.33328,0.856835419,1.269733164,1.469733164
64.79076,-147.65012,0.97407113,1.428895896,1.628895896
64.79239,-146.45171,0.790056715,1.088909823,1.288909823
64.79289,-147.05093,0.885322359,1.251733655,1.451733655
64.79399,-144.90521,0.628703592,0.864998107,1.064998107
64.79433,-148.41747,0.867218461,1.257860763,1.457860763
64.79489,-145.93625,0.788841249,1.126304388,1.326304388
64.79534,-147.73418,0.942235736,1.372090757,1.572090757
64.79543,-145.42072,0.659580745,0.858627091,1.058627091
64.80379,-144.55647,0.801965717,1.078811757,1.278811757
64.80437,-147.90239,0.930532974,1.31640688,1.51640688
64.80616,-146.10371,0.800258732,1.103355554,1.303355554
64.80651,-148.67017,0.962326542,1.482066926,1.682066926
64.80653,-145.07217,0.824278014,1.209011634,1.409011634
64.80733,-145.58795,0.702673322,0.968869777,1.168869777
64.80763,-147.30289,0.887140326,1.224717401,1.424717401
64.80824,-146.70328,0.851734735,1.231145324,1.431145324
64.80881,-147.98654,0.921318339,1.344386812,1.544386812
64.81031,-144.63986,0.746399707,1.003545472,1.203545472
64.57851,-147.12064,0.968290906,1.387392566,1.587392566
64.57929,-148.47525,0.920342396,1.361127754,1.561127754
64.58062,-147.79794,0.944936406,1.339490873,1.539490873
64.58086,-144.99356,0.786323806,1.128716642,1.328716642
64.58112,-146.01566,0.810559968,1.082602695,1.282602695
64.58197,-145.50461,0.715391174,0.98047116,1.18047116
64.58337,-148.55872,0.908565615,1.35126742,1.55126742
64.58343,-147.20387,0.925134117,1.273231237,1.473231237
64.58358,-146.60974,0.805236985,1.126319038,1.326319038
64.58434,-144.56522,0.618838475,0.833828621,1.033828621
64.45728,-145.29865,0.877539807,1.218140167,1.418140167
64.45935,-148.25456,0.896242549,1.299957913,1.499957913
64.45956,-147.58055,0.918912205,1.30198122,1.50198122
64.46065,-146.39819,0.881496182,1.201927983,1.401927983
64.46143,-146.98938,0.963474563,1.381914664,1.581914664
64.46175,-144.87247,0.899524683,1.322374423,1.522374423
64.46296,-145.88965,0.833288524,1.23741692,1.43741692
64.46333,-145.38106,0.733659604,0.963085694,1.163085694
64.46356,-148.33762,0.891657724,1.27688032,1.47688032
64.4642,-147.66347,0.926944521,1.312324733,1.512324733
64.76827,-144.57181,0.83239149,1.139436101,1.339436101
64.76856,-147.91284,0.993605701,1.448430185,1.648430185
64.77051,-146.11681,0.863770936,1.231789979,1.431789979
64.77064,-148.6795,0.949484392,1.458243489,1.658243489
64.771,-145.08676,0.768636869,1.112241238,1.312241238
64.77174,-145.60179,0.676052967,0.94931945,1.14931945
64.77187,-147.31421,0.907153052,1.257481897,1.457481897
64.77251,-146.7155,0.836848298,1.220334317,1.420334317
64.77299,-147.99687,1.030945611,1.534989857,1.734989857
64.7746,-148.76367,1.06149366,1.686948547,1.886948547
64.95443,-146.13522,0.812039886,1.114614401,1.314614401
64.95502,-145.09738,0.712212664,1.01245258,1.21245258
64.95559,-147.34171,0.863159114,1.231753815,1.431753815
64.95572,-145.6163,0.849016822,1.2431534,1.4431534
64.95636,-146.73846,0.793046953,1.088366181,1.288366181
64.95655,-148.02954,0.77402794,1.112892246,1.312892246
64.95795,-148.80214,1.177304555,1.926194027,2.126194027
64.95884,-144.66243,0.514122819,0.685954767,0.885954767
64.95997,-146.21953,0.824090661,1.121744758,1.321744758
64.96037,-147.42628,0.855858947,1.239292173,1.439292173
65.10361,-147.38104,0.867875201,1.300526782,1.500526782
65.10417,-145.64502,0.655726253,0.879858322,1.079858322
65.10437,-148.07309,0.811174242,1.182179206,1.382179206
65.10452,-146.77406,0.872633411,1.270510956,1.470510956
65.10747,-144.68527,0.522407638,0.725290068,0.925290068
65.10828,-146.25195,0.70584758,0.947156504,1.147156504
65.10837,-147.46613,0.88895785,1.309204218,1.509204218
65.1087,-148.15831,0.792938965,1.135846924,1.335846924
65.10967,-146.85904,0.859094093,1.233965255,1.433965255
65.10975,-145.20746,0.611662382,0.838410821,1.038410821
65.06799,-145.13759,0.671367717,0.910672422,1.110672422
65.0685,-148.08342,0.802097095,1.123219195,1.323219195
65.06853,-145.65894,0.663432444,0.88324084,1.08324084
65.06877,-146.78632,0.955124548,1.494194083,1.694194083
65.07192,-144.70062,0.532809246,0.72944455,0.92944455
65.07256,-146.26498,0.708690824,0.937937925,1.137937925
65.07256,-147.47737,0.881375047,1.338499828,1.538499828
65.07283,-148.16852,0.770183126,1.05581373,1.25581373
65.07391,-146.87119,0.905096863,1.331696274,1.531696274
65.07414,-145.22205,0.673949182,0.922389583,1.122389583
64.86913,-146.5105,0.830399475,1.14858705,1.34858705
64.86938,-147.11162,0.865088573,1.250309466,1.450309466
64.87017,-148.48242,0.818167846,1.156772115,1.356772115
64.8714,-144.95911,0.556001454,0.767779385,0.967779385
64.87154,-147.79701,0.858649591,1.1877573,1.3877573
64.87186,-145.99341,0.718650972,0.948757819,1.148757819
64.87263,-145.47626,0.651626284,0.872517214,1.072517214
64.87423,-148.56689,0.777795717,1.130014695,1.330014695
64.87431,-147.19585,0.857214953,1.230035813,1.430035813
64.87443,-146.5946,0.849303253,1.184320634,1.384320634
65.08342,-146.43454,0.622280631,0.848891535,1.048891535
65.08402,-147.04099,0.805974439,1.109238691,1.309238691
65.08475,-144.86938,0.673923268,0.951144971,1.151144971
65.08548,-148.42401,0.864615576,1.273672279,1.473672279
65.08588,-145.91286,0.765120855,1.127731552,1.327731552
65.08631,-145.39111,0.650462442,0.883142096,1.083142096
65.08651,-147.73248,0.927751585,1.350466228,1.550466228
65.08878,-146.51936,0.701666067,1.037468501,1.237468501
65.08899,-147.12595,0.757004916,1.022288801,1.222288801
65.08959,-148.50923,0.91020946,1.340525176,1.540525176
64.75382,-145.35138,0.710485725,0.938222391,1.138222391
64.75433,-148.34311,0.901616538,1.360204633,1.560204633
64.75497,-147.66095,0.960222709,1.392269091,1.592269091
64.75668,-146.46429,0.742677294,0.991392198,1.191392198
64.75715,-147.06265,0.904445136,1.278128752,1.478128752
64.75845,-144.92004,0.630823589,0.860237186,1.060237186
64.75849,-148.42715,0.888848535,1.320594132,1.520594132
64.75926,-145.94958,0.727984688,1.036584607,1.236584607
64.75955,-147.74487,0.95180665,1.37938928,1.57938928
64.75984,-145.43481,0.68499597,0.929277075,1.129277075
65.11002,-145.72974,0.631402379,0.866480758,1.066480758
65.11298,-148.24356,0.785980269,1.133905748,1.333905748
65.11308,-147.55127,0.904405784,1.335422674,1.535422674
65.11375,-146.33682,0.685284818,0.90834343,1.10834343
65.11391,-144.76974,0.585484154,0.810186416,1.010186416
65.11476,-146.94405,0.808062776,1.1278635,1.3278635
65.11581,-145.81448,0.702273366,1.033500386,1.233500386
65.11587,-145.2921,0.652634011,0.922128839,1.122128839
65.1172,-148.32886,0.815508908,1.196385776,1.396385776
65.11774,-147.63641,0.962991505,1.460123091,1.660123091
64.89616,-145.29431,0.625207755,0.824855968,1.024855968
64.89774,-148.30365,0.893166002,1.316672878,1.516672878
64.89817,-147.61746,1.028063547,1.542356285,1.742356285
64.89946,-146.41376,0.884563188,1.264113557,1.464113557
64.90015,-147.01562,0.836156382,1.18573467,1.38573467
64.90061,-144.86044,0.55911738,0.761181684,0.961181684
64.90185,-145.89603,0.787953112,1.109996565,1.309996565
64.90193,-148.38818,0.85412022,1.216852517,1.416852517
64.90222,-145.37822,0.619709982,0.844122648,1.044122648
64.90279,-147.70187,0.974803166,1.442696277,1.642696277
64.39613,-148.43979,0.902237441,1.320464739,1.520464739
64.39709,-144.98389,0.796250025,1.038971617,1.238971617
64.39727,-147.76747,0.891400149,1.253389321,1.453389321
64.39746,-145.99841,0.956670579,1.44035881,1.64035881
64.39825,-145.49115,0.887957099,1.225618623,1.425618623
64.39995,-147.1778,0.874126454,1.196206241,1.396206241
64.40001,-146.58807,0.804619091,1.097213198,1.297213198
64.40021,-148.52263,0.948626511,1.426574604,1.626574604
64.40055,-144.55873,0.652722695,0.879459124,1.079459124
64.40178,-147.85022,0.874882396,1.203962749,1.403962749
64.66182,-144.61758,0.746741581,1.072116809,1.272116809
64.66304,-148.70734,0.979668953,1.512347552,1.712347552
64.66355,-146.15585,0.740892341,1.010000808,1.210000808
64.66434,-145.13031,0.839920459,1.189424341,1.389424341
64.6646,-147.34804,0.951752987,1.332817061,1.532817061
64.66493,-145.6431,0.971714139,1.46232617,1.66232617
64.66541,-146.75194,0.837952551,1.203185388,1.403185388
64.66554,-148.02771,0.962276466,1.389451454,1.589451454
64.66697,-148.79114,0.995335825,1.559363579,1.759363579
64.6683,-144.70053,0.816667058,1.191957022,1.391957022
64.58511,-147.88129,0.944766276,1.338692387,1.538692387
64.58672,-146.09866,0.840840175,1.134122752,1.334122752
64.5871,-145.07632,0.807286271,1.130954471,1.330954471
64.58739,-148.64224,0.964688503,1.463528992,1.663528992
64.58788,-145.58749,0.690181782,0.99274357,1.19274357
64.58829,-147.28714,0.937337449,1.29539617,1.49539617
64.58882,-146.69289,0.857969165,1.216619257,1.416619257
64.58955,-147.96469,0.945201458,1.353978788,1.553978788
64.59085,-144.64789,0.557096837,0.753639956,0.953639956
64.59135,-148.72577,0.947903702,1.406013632,1.606013632
64.33892,-145.68274,1.01491228,1.440488026,1.640488026
64.3391,-148.03603,0.8728864,1.210122785,1.410122785
64.33913,-146.77701,1.052566501,1.597126457,1.797126457
64.34052,-148.7894,0.965699054,1.420880411,1.620880411
64.34261,-144.75255,0.80518915,1.129791651,1.329791651
64.3429,-146.271,0.829538889,1.175344463,1.375344463
64.34301,-147.44775,0.875371683,1.231150346,1.431150346
64.34344,-148.11862,0.872363356,1.209955349,1.409955349
64.34426,-146.85938,1.104843381,1.68231358,1.88231358
64.34466,-145.25868,0.935512242,1.385542605,1.585542605
65.18477,-147.52893,0.782253954,1.138266418,1.338266418
65.18507,-144.73917,0.71033854,1.009777865,1.209777865
65.1852,-146.31088,0.68719039,0.907025271,1.107025271
65.18634,-146.91992,0.736476093,1.022017304,1.222017304
65.1871,-145.26306,0.848822334,1.268999599,1.468999599
65.18716,-145.78699,0.716509896,0.987844097,1.187844097
65.18897,-148.30884,0.789557249,1.142519247,1.342519247
65.18944,-147.61433,0.763322128,1.1275988,1.3275988
65.19064,-146.39604,0.663929937,0.891217196,1.091217196
65.1914,-147.0052,0.774776485,1.102413794,1.302413794
65.12665,-144.93886,0.564329246,0.769532885,0.969532885
65.12689,-147.80684,0.822780935,1.164458728,1.364458728
65.12724,-145.98413,0.764336889,1.08168777,1.28168777
65.12795,-145.46149,0.74869068,1.049185934,1.249185934
65.12955,-148.5849,0.887723402,1.300623968,1.500623968
65.12971,-147.19931,0.771401365,1.110195877,1.310195877
65.12985,-146.59167,0.866265682,1.338245674,1.538245674
65.13139,-147.89209,0.774658398,1.07057717,1.27057717
65.13288,-146.069,0.683418605,0.946034752,1.146034752
65.13294,-145.02347,0.586484619,0.802147209,1.002147209
65.24239,-146.63922,0.82416251,1.250742872,1.450742872
65.24318,-144.53848,0.805855609,1.169685934,1.369685934
65.24347,-147.94572,0.682587779,0.981602212,1.181602212
65.24533,-148.72757,0.998860968,1.530352553,1.730352553
65.2456,-146.11407,0.717272478,0.978586799,1.178586799
65.24601,-145.06363,0.86694626,1.260835606,1.460835606
65.24682,-145.58887,0.684349761,1.037715724,1.237715724
65.2469,-147.33524,0.702037202,0.973438151,1.173438151
65.24761,-146.72464,0.851324742,1.249995176,1.449995176
65.24789,-148.03143,0.75544291,1.132789586,1.332789586
65.13356,-148.6703,0.899164266,1.335571485,1.535571485
65.13391,-145.54623,0.715067798,0.98597226,1.18597226
65.13459,-147.28445,0.811402964,1.176353722,1.376353722
65.1351,-146.6767,0.828724361,1.215662505,1.415662505
65.13583,-147.97739,0.795659039,1.142148486,1.342148486
65.13652,-144.5853,0.637357367,0.88854356,1.08854356
65.13752,-148.75574,0.969828997,1.487878012,1.687878012
65.13847,-146.15393,0.723574007,1.026933482,1.226933482
65.13918,-145.10814,0.664581503,0.941793213,1.141793213
65.13942,-147.36963,0.912728684,1.360838664,1.560838664
64.98351,-147.84962,0.786348024,1.120307322,1.320307322
64.98434,-144.99854,0.627682074,0.883308711,1.083308711
64.9845,-146.03766,0.8178513,1.139665682,1.339665682
64.98542,-145.5181,0.814436747,1.157626692,1.357626692
64.98592,-148.62308,0.99296042,1.556494979,1.756494979
64.98655,-147.24567,0.760185958,1.027718184,1.227718184
64.98687,-146.64163,0.787182322,1.103903226,1.303903226
64.98787,-144.56305,0.626340485,0.816593383,1.016593383
64.98798,-147.93439,0.789351465,1.156470263,1.356470263
64.98991,-148.70798,0.976142204,1.487540132,1.687540132
65.22861,-145.85834,0.667607044,0.904270787,1.104270787
65.22885,-145.3335,0.814360063,1.146586826,1.346586826
65.2291,-148.38449,0.818284121,1.15395736,1.35395736
65.22991,-147.68881,0.780685233,1.163797719,1.363797719
65.23176,-146.46846,0.693717087,0.959995636,1.159995636
65.2322,-147.07866,0.89976098,1.317520115,1.517520115
65.23323,-148.47021,0.858827534,1.217307078,1.417307078
65.23343,-144.89362,0.808793218,1.229310267,1.429310267
65.23432,-145.94354,0.676820376,0.925370903,1.125370903
65.23448,-147.77441,0.7214879,1.005588307,1.205588307
65.32836,-148.1824,0.823731198,1.197740013,1.397740013
65.32954,-146.8712,0.723758899,1.201196039,1.401196039
65.32964,-145.20444,0.706130319,0.966618894,1.166618894
65.32991,-145.73149,0.635801295,0.825176803,1.025176803
65.33262,-148.26845,0.843559372,1.2107928,1.4107928
65.33284,-147.56978,0.770475022,1.124362479,1.324362479
65.33363,-146.34418,0.752969971,1.036550652,1.236550652
65.33379,-144.7627,0.846818016,1.197954218,1.397954218
65.33462,-146.957,0.729981722,1.03097585,1.23097585
65.33572,-145.81703,0.641931603,0.846355689,1.046355689
65.20624,-147.26131,0.798402346,1.09619861,1.29619861
65.20662,-146.65175,0.759876836,1.12857488,1.32857488
65.2076,-147.95631,0.679176676,0.948263805,1.148263805
65.20763,-144.55414,0.743579556,1.05756391,1.25756391
65.20937,-148.73698,1.008254932,1.561102872,1.761102872
65.20988,-146.12741,0.762560485,1.058192336,1.258192336
65.21041,-145.07852,0.805751643,1.210839392,1.410839392
65.21108,-147.34674,0.735365978,1.016672901,1.216672901
65.21114,-145.60297,0.703622527,0.947744197,1.147744197
65.21185,-146.73706,0.851050025,1.298451346,1.498451346
64.27712,-146.3782,1.100338553,1.58814246,1.78814246
64.27798,-146.96503,0.903339896,1.29717542,1.49717542
64.27806,-144.86374,0.754403395,1.041543725,1.241543725
64.27937,-145.87341,1.015774725,1.423665295,1.623665295
64.27968,-145.36856,0.823911098,1.162604393,1.362604393
64.28043,-148.30331,0.879256784,1.216134455,1.416134455
64.2809,-147.63416,0.846251971,1.196234571,1.396234571
64.2825,-146.46028,1.023937475,1.459993601,1.659993601
64.28299,-147.04723,0.892040453,1.244470509,1.444470509
64.28437,-144.94547,0.747134082,1.033635334,1.233635334
64.61398,-146.51422,0.694024512,0.918507682,1.118507682
64.61421,-147.1091,0.916183475,1.278831093,1.478831093
64.61511,-148.46568,0.961530597,1.471817499,1.671817499
64.61636,-144.97894,0.868878877,1.317495645,1.517495645
64.61639,-147.78738,0.953963569,1.345165782,1.545165782
64.61674,-146.00253,0.897179099,1.258320498,1.458320498
64.61753,-145.49072,0.840577566,1.191364463,1.391364463
64.61914,-147.19246,0.960576014,1.361780482,1.561780482
64.61919,-148.54929,0.971323483,1.496305593,1.696305593
64.61928,-146.59746,0.727784384,1.030059996,1.230059996
64.81751,-148.15492,0.869578159,1.285612153,1.485612153
64.81855,-146.87117,0.899198853,1.304934552,1.504934552
64.81887,-145.2393,0.751937211,1.039410774,1.239410774
64.81904,-145.75534,0.749211204,1.073336095,1.273336095
64.82179,-148.23917,0.881751868,1.316531842,1.516531842
64.82189,-147.55511,0.962624619,1.406282797,1.606282797
64.82267,-146.35519,0.855219236,1.255979749,1.455979749
64.82317,-144.80681,0.621110486,0.820288529,1.020288529
64.82363,-146.95517,0.888387835,1.261132519,1.461132519
64.82481,-145.83908,0.828504735,1.218679265,1.418679265
64.64095,-145.82298,0.846546138,1.176076599,1.376076599
64.64106,-145.3107,0.896846127,1.26398928,1.46398928
64.64262,-148.28874,0.987521478,1.499171293,1.699171293
64.64299,-147.6097,0.943568941,1.315211581,1.515211581
64.64429,-146.41849,0.735177034,0.980570098,1.180570098
64.64498,-147.0141,0.876275157,1.202231349,1.402231349
64.64556,-144.88135,0.864444002,1.300276859,1.500276859
64.64668,-145.90614,0.932545932,1.333184356,1.533184356
64.6468,-148.37241,1.033892117,1.590269366,1.790269366
64.6471,-145.39374,0.821010425,1.102775463,1.302775463
64.24978,-147.72699,0.884796094,1.26054677,1.46054677
64.25017,-145.46417,1.088150974,1.661122002,1.861122002
64.25217,-146.55457,1.015543592,1.46751875,1.66751875
64.25227,-147.14081,0.944110766,1.348617989,1.548617989
64.2523,-144.53729,0.785503893,1.058178741,1.258178741
64.25295,-148.47766,1.0210231,1.4988501,1.6988501
64.2543,-147.80923,0.884108519,1.250464193,1.450464193
64.25512,-146.05029,0.982731488,1.341405175,1.541405175
64.25517,-145.04156,1.01913307,1.574029563,1.774029563
64.25611,-145.54593,1.142038891,1.758166703,1.958166703
65.16274,-147.79607,0.822754186,1.187203189,1.387203189
65.16294,-145.97064,0.716667205,0.988336191,1.188336191
65.16359,-145.44722,0.805369386,1.142191313,1.342191313
65.16546,-148.57529,0.871040547,1.258595121,1.458595121
65.16554,-147.18762,0.832120979,1.203730373,1.403730373
65.1656,-146.5791,0.740495818,1.066076571,1.266076571
65.16725,-147.88145,0.793748278,1.108667025,1.308667025
65.16853,-145.00858,0.712849694,1.036258499,1.236258499
65.16858,-146.05563,0.709206796,0.984811569,1.184811569
65.16947,-148.66083,0.878213632,1.270090404,1.470090404
64.66907,-146.23917,0.736651247,1.041306729,1.241306729
64.66939,-147.43161,0.948725781,1.315143885,1.515143885
64.66989,-148.11142,0.981097252,1.446091794,1.646091794
64.67051,-145.21338,0.878640111,1.279221151,1.479221151
64.67056,-146.83539,0.857767712,1.21435782,1.41435782
64.67077,-145.72629,0.950039085,1.396512407,1.596512407
64.67412,-147.51521,0.947504308,1.324142644,1.524142644
64.67419,-148.19513,1.011193834,1.53947688,1.73947688
64.67454,-146.32253,0.799794771,1.125848187,1.325848187
64.67472,-144.78349,0.896198857,1.321637288,1.521637288
64.94768,-147.86023,0.839137499,1.2052015,1.4052015
64.94878,-145.01335,0.694043464,0.994340259,1.194340259
64.94883,-146.05096,0.806878472,1.084644551,1.284644551
64.9498,-145.53215,0.819787683,1.203252563,1.403252563
64.95004,-148.63254,1.035078618,1.640845953,1.840845953
64.95074,-147.25719,0.872810312,1.234532216,1.434532216
64.95115,-146.65405,0.83392763,1.147650167,1.347650167
64.95214,-147.94489,0.832296311,1.217298393,1.417298393
64.95233,-144.57852,0.640830936,0.824568688,1.024568688
64.95403,-148.71733,1.065286903,1.682704906,1.882704906
64.92506,-148.12447,0.793603771,1.11134961,1.31134961
64.92562,-145.19597,0.69853218,0.962625922,1.162625922
64.92576,-146.83502,0.851585808,1.195099839,1.395099839
64.92594,-145.71426,0.822952421,1.243394281,1.443394281
64.9293,-147.522,1.018182924,1.535588034,1.735588034
64.92935,-148.20908,0.809027181,1.112428062,1.312428062
64.92976,-144.76157,0.527365,0.704169493,0.904169493
64.92976,-146.31677,0.884442637,1.272355031,1.472355031
64.93086,-146.91939,0.817889996,1.147378252,1.347378252
64.93175,-145.27994,0.623732443,0.841589824,1.041589824
65.01937,-147.83897,0.813536155,1.161459665,1.361459665
65.01994,-144.98367,0.674693651,0.962654836,1.162654836
65.02018,-146.02434,0.813899003,1.190503111,1.390503111
65.02104,-145.504,0.79226882,1.104998656,1.304998656
65.02182,-148.61357,0.974593667,1.517228144,1.717228144
65.02234,-147.23413,0.762516722,1.037567395,1.237567395
65.02261,-146.62921,0.725121115,1.061508859,1.261508859
65.02339,-144.54756,0.636723613,0.837481096,1.037481096
65.02384,-147.92386,0.833453092,1.164973743,1.364973743
65.02579,-146.10886,0.798903642,1.145978428,1.345978428
64.77478,-144.65511,0.839667167,1.176668867,1.376668867
64.77605,-146.20047,0.852036076,1.201981989,1.401981989
64.77666,-147.39815,0.928329275,1.312453984,1.512453984
64.77718,-145.1702,0.785683785,1.146652652,1.346652652
64.77737,-148.08093,0.957921008,1.441881234,1.641881234
64.7776,-145.68535,0.70023725,0.992348393,1.192348393
64.77768,-146.7993,0.884465852,1.277524315,1.477524315
64.78123,-144.73843,0.701327043,0.943736948,1.143736948
64.78142,-147.48212,0.996683157,1.460162444,1.660162444
64.78156,-146.28418,0.819554102,1.152809561,1.352809561
65.07436,-145.74353,0.61191845,0.817975152,1.017975152
65.0771,-148.25366,0.752384263,1.050352095,1.250352095
65.07726,-147.56238,0.922382493,1.381572661,1.581572661
65.07801,-146.34975,0.657850488,0.882479237,1.082479237
65.07836,-144.78497,0.609156634,0.84827397,1.04827397
65.07899,-146.95607,0.83929506,1.178792816,1.378792816
65.08015,-145.82817,0.631235556,0.883234385,1.083234385
65.08026,-145.30655,0.678839592,0.926712993,1.126712993
65.08131,-148.33882,0.806861112,1.175632129,1.375632129
65.0819,-147.6474,0.986997282,1.484763162,1.684763162
64.99676,-148.104,0.739285464,1.005036903,1.205036903
64.99679,-145.16687,0.717582466,1.029148163,1.229148163
64.99721,-145.68668,0.884181126,1.299496317,1.499496317
64.99727,-146.81076,0.828603555,1.211958856,1.411958856
65.00085,-144.73117,0.508275163,0.70298952,0.90298952
65.00093,-147.49976,0.894426703,1.356959253,1.556959253
65.00107,-148.18886,0.734488051,0.982353273,1.182353273
65.00114,-146.29095,0.798161789,1.09722543,1.29722543
65.00239,-146.89536,0.876848982,1.277241115,1.477241115
65.00293,-145.25108,0.736154124,1.058782953,1.258782953
65.34441,-146.51561,0.710086048,0.984979665,1.184979665
65.34464,-147.12869,0.719190865,1.012638353,1.212638353
65.3451,-148.52676,0.817025234,1.162197221,1.362197221
65.34655,-144.93335,0.819098052,1.175011981,1.375011981
65.34663,-147.82773,0.712079431,1.010214219,1.210214219
65.34715,-145.98824,0.638594355,0.866979402,1.066979402
65.34786,-145.46078,0.67194023,0.903061359,1.103061359
65.34914,-148.61295,0.83488185,1.183525236,1.383525236
65.34956,-147.2146,0.71270243,1.020242474,1.220242474
65.34972,-146.60138,0.68829524,0.952687666,1.152687666
65.21201,-148.04189,0.668043576,0.970924229,1.170924229
65.21415,-144.63895,0.7417251,1.049789252,1.249789252
65.21543,-146.21262,0.7272599,0.985686796,1.185686796
65.21587,-147.43222,0.747935434,1.059116951,1.259116951
65.21635,-148.12749,0.789283436,1.208564229,1.408564229
65.21661,-145.16347,0.864127265,1.287874194,1.487874194
65.21701,-145.68805,0.679622611,0.919155875,1.119155875
65.21701,-146.8224,0.829920851,1.199926944,1.399926944
65.2206,-147.5177,0.731281949,1.068045234,1.268045234
65.22063,-144.72379,0.696758781,0.989619767,1.189619767
65.37276,-148.34448,0.784149046,1.10161339,1.30161339
65.37338,-147.64462,0.765224698,1.097050721,1.297050721
65.37481,-146.41695,0.617702642,0.823096349,1.023096349
65.37547,-147.03081,0.743336727,1.058864489,1.258864489
65.37583,-144.83269,0.824067923,1.168651504,1.368651504
65.37691,-148.43073,0.780780249,1.10677599,1.30677599
65.37716,-145.88889,0.598232613,0.792246497,0.992246497
65.37749,-145.36078,0.598867093,0.802818657,1.002818657
65.37798,-147.73074,0.757302295,1.066915897,1.266915897
65.38018,-146.50281,0.561093589,0.7673823,0.9673823
64.61981,-144.54999,0.644578299,0.892331579,1.092331579
64.6209,-147.87088,0.950823408,1.353580774,1.553580774
64.62235,-146.08563,0.887839293,1.245013329,1.445013329
64.62261,-145.06183,0.895740077,1.288374288,1.488374288
64.62322,-148.6329,0.994830828,1.544101016,1.744101016
64.62346,-145.57373,0.895977584,1.37242976,1.57242976
64.62402,-147.27585,0.951409488,1.325772304,1.525772304
64.62452,-146.68073,0.827495279,1.201281994,1.401281994
64.62534,-147.95438,0.94607564,1.348326835,1.548326835
64.62632,-144.63275,0.640522375,0.887231313,1.087231313
64.96739,-145.78473,0.858019372,1.237103105,1.437103105
64.96946,-148.28374,0.699039204,0.971936512,1.171936512
64.96978,-147.59552,0.971667866,1.482800772,1.682800772
64.97089,-146.38826,0.830136733,1.170822382,1.370822382
64.97169,-144.8304,0.520406214,0.716595414,0.916595414
64.97169,-146.99191,0.771146985,1.047902471,1.247902471
64.97314,-145.869,0.88803477,1.287544096,1.487544096
64.97341,-145.34969,0.681513756,0.959061989,1.159061989
64.97366,-148.36853,0.715736266,1.045556517,1.245556517
64.97441,-147.68019,0.890417796,1.310040797,1.510040797
65.19863,-147.78526,0.767126762,1.07733162,1.27733162
65.19923,-145.43292,0.77391769,1.058804448,1.258804448
65.20135,-146.56647,0.692965161,0.985950079,1.185950079
65.20135,-147.1759,0.877820319,1.259796844,1.459796844
65.20137,-148.56564,0.860324717,1.231923385,1.431923385
65.20314,-147.87076,0.73236486,1.006333066,1.206333066
65.20415,-144.99361,0.819452909,1.249072302,1.449072302
65.20428,-146.04224,0.748491595,1.060248382,1.260248382
65.20521,-145.51791,0.721031383,0.974941174,1.174941174
65.20539,-148.65131,0.873694873,1.272141248,1.472141248
65.30621,-147.75266,0.729620842,1.043279091,1.243279091
65.30865,-146.52838,0.836718501,1.21567496,1.41567496
65.30878,-147.14055,0.696475825,1.007220813,1.207220813
65.30917,-148.53653,0.808347848,1.138225173,1.338225173
65.31076,-147.83853,0.708260417,1.01027818,1.21027818
65.31094,-144.94847,0.858390925,1.250019591,1.450019591
65.31143,-146.0018,0.648459989,0.865395821,1.065395821
65.31219,-145.47513,0.704706288,0.943391183,1.143391183
65.31321,-148.62257,0.837068834,1.200928883,1.400928883
65.3137,-147.22632,0.7153525,1.038828432,1.238828432
65.16956,-145.5321,0.730861366,0.99672138,1.19672138
65.17043,-147.27289,0.808364878,1.118208506,1.318208506
65.17087,-146.66425,0.74360474,1.085889969,1.285889969
65.1717,-147.96687,0.767490671,1.085871453,1.285871453
65.17208,-144.56975,0.704672874,1.002488785,1.202488785
65.17345,-148.74637,0.974314636,1.489702721,1.689702721
65.17417,-146.14069,0.760791983,1.088970567,1.288970567
65.17477,-145.09335,0.790393456,1.184717501,1.384717501
65.17526,-147.35822,0.870378547,1.277214461,1.477214461
65.17548,-145.61702,0.73169905,1.002728756,1.202728756
65.17607,-146.74942,0.800584951,1.17866358,1.37866358
65.17611,-148.05231,0.73028377,1.040051607,1.240051607
65.1786,-144.65442,0.763271673,1.116363585,1.316363585
65.17971,-146.22577,0.739178088,1.00242872,1.20242872
65.18004,-147.44354,0.894376727,1.337190611,1.537190611
65.18045,-148.13779,0.795899761,1.191669509,1.391669509
65.18096,-145.17818,0.81817932,1.237770657,1.437770657
65.18124,-146.83466,0.797711406,1.165251697,1.365251697
65.18134,-145.702,0.741349794,1.019163271,1.219163271
65.18475,-148.2233,0.814939378,1.223199119,1.423199119
65.35112,-147.91377,0.714807408,1.052066322,1.252066322
65.35279,-146.0739,0.665880254,0.912128584,1.112128584
65.35284,-145.01874,0.769079884,1.076417368,1.276417368
65.35314,-148.69913,0.848865595,1.19798927,1.39798927
65.35383,-145.54633,0.649708636,0.877911248,1.077911248
65.35444,-147.30054,0.737485241,1.051113919,1.251113919
65.35497,-146.68719,0.678531767,0.965393108,1.165393108
65.35555,-147.99985,0.785446342,1.195896445,1.395896445
65.35643,-144.57654,0.80111483,1.094638101,1.294638101
65.35709,-148.78537,0.821478279,1.131112832,1.331112832
64.94056,-146.48534,0.9530848,1.402127226,1.602127226
64.94091,-147.08821,0.831816492,1.161617192,1.361617192
64.94193,-148.46307,0.738722447,1.069253602,1.269253602
64.9425,-144.92938,0.614859928,0.857557265,1.057557265
64.94316,-147.77563,0.879236704,1.276254021,1.476254021
64.94319,-145.96674,0.831435681,1.142408361,1.342408361
64.94383,-145.44803,0.75297012,1.101645299,1.301645299
64.94585,-147.17268,0.854715793,1.197947729,1.397947729
64.94588,-146.56967,0.908263155,1.308591774,1.508591774
64.94601,-148.54779,0.84994879,1.329343846,1.529343846
65.27054,-145.40419,0.762825946,1.029529264,1.229529264
65.27287,-146.54111,0.811260068,1.172365019,1.372365019
65.27296,-147.15237,0.755387379,1.092575161,1.292575161
65.27324,-148.54626,0.831035497,1.182807039,1.382807039
65.27488,-147.8493,0.72054785,1.030705395,1.230705395
65.27534,-144.96356,0.889267033,1.308022032,1.508022032
65.27572,-146.01532,0.655530856,0.928841985,1.128841985
65.27654,-145.48944,0.711950191,0.942613101,1.142613101
65.27728,-148.63217,0.857554094,1.262820912,1.462820912
65.27788,-147.23802,0.734731704,1.062761546,1.262761546
65.04771,-146.4473,0.673552237,0.928239143,1.128239143
65.04824,-147.05286,0.782679379,1.050699047,1.250699047
65.04919,-144.88446,0.715812743,1.038671602,1.238671602
65.04959,-148.43382,0.832218395,1.226503334,1.426503334
65.05018,-145.92638,0.753452492,1.106510436,1.306510436
65.05067,-147.74332,0.844157178,1.208797133,1.408797133
65.0507,-145.4054,0.736235899,1.004803358,1.204803358
65.05305,-146.53198,0.644679488,0.907946616,1.107946616
65.05321,-147.1377,0.778414279,1.05003854,1.25003854
65.0537,-148.51892,0.907818576,1.358440543,1.558440543
64.97627,-146.47269,0.826956133,1.18205428,1.38205428
64.9767,-147.07646,0.771662279,1.032227446,1.232227446
64.97781,-148.45335,0.813246013,1.278100332,1.478100332
64.97804,-144.91444,0.584889297,0.808418169,1.008418169
64.97885,-145.95331,0.86425211,1.234241204,1.434241204
64.97898,-147.76489,0.822742872,1.191213786,1.391213786
64.97945,-145.43387,0.757212606,1.089103774,1.289103774
64.9816,-146.55714,0.809608349,1.142388354,1.342388354
64.98164,-147.16104,0.743248522,1.001891208,1.201891208
64.98189,-148.53819,0.952144071,1.531665114,1.731665114
64.93175,-145.79837,0.824950024,1.211252117,1.411252117
64.9336,-148.2937,0.764954134,1.050250519,1.250250519
64.93397,-147.60651,1.014444052,1.560598248,1.760598248
64.93519,-146.40103,0.930040648,1.360524088,1.560524088
64.93591,-147.00378,0.807273206,1.136232116,1.336232116
64.93615,-144.84544,0.528812919,0.72875845,0.92875845
64.93749,-145.88254,0.831868755,1.166238472,1.366238472
64.93779,-148.37837,0.732568721,1.039375242,1.239375242
64.93781,-145.36398,0.655341018,0.92503248,1.12503248
64.93859,-147.69106,0.951754685,1.402751905,1.602751905
65.28519,-148.80408,0.949711916,1.431051086,1.631051086
65.28527,-144.60783,0.84013256,1.22367273,1.42367273
65.2869,-146.18619,0.697671775,0.971629528,1.171629528
65.28754,-147.40942,0.721600888,1.064109865,1.264109865
65.28784,-145.13391,0.842866502,1.219097606,1.419097606
65.28814,-148.10678,0.92915778,1.454384456,1.654384456
65.28839,-145.66006,0.657675678,0.856595338,1.056595338
65.28857,-146.79779,0.775146931,1.100364885,1.300364885
65.29177,-144.69293,0.843167023,1.250939498,1.450939498
65.29229,-147.49518,0.754487418,1.131081038,1.331081038
65.27815,-146.62665,0.854886088,1.231851986,1.431851986
65.27872,-144.5228,0.81661704,1.141457206,1.341457206
65.27935,-147.9351,0.720792831,1.061615603,1.261615603
65.28127,-148.71811,0.947920455,1.43043941,1.63043941
65.28135,-146.10074,0.640436054,0.866126147,1.066126147
65.28162,-145.04871,0.894856644,1.296120665,1.496120665
65.28249,-145.57474,0.677880288,0.892240885,1.092240885
65.28273,-147.3237,0.723407627,1.04273403,1.24273403
65.28339,-146.71219,0.831465016,1.194803618,1.394803618
65.28377,-148.02094,0.866330411,1.37643403,1.57643403
65.31396,-146.61403,0.815375395,1.164168392,1.364168392
65.31524,-147.92445,0.720577185,1.059069162,1.259069162
65.31707,-146.08734,0.646932987,0.887221953,1.087221953
65.3172,-148.70865,0.882367694,1.288657311,1.488657311
65.31723,-145.03375,0.857203917,1.247777454,1.447777454
65.31815,-145.56055,0.669434071,0.889460675,1.089460675
65.31857,-147.31213,0.737606708,1.078494668,1.278494668
65.31919,-146.69971,0.753004524,1.078282708,1.278282708
65.31966,-148.01041,0.852601814,1.333499756,1.533499756
65.32084,-144.59221,0.82963934,1.149555407,1.349555407
65.25655,-148.20291,0.853112073,1.26587565,1.46587565
65.25666,-146.28479,0.731100363,1.021059268,1.221059268
65.25792,-146.89563,0.796383699,1.131967191,1.331967191
65.25838,-145.23383,0.874131413,1.276848227,1.476848227
65.25854,-145.75932,0.670080781,0.993279727,1.193279727
65.26081,-148.28871,0.832060296,1.193796987,1.393796987
65.26113,-147.59213,0.801876781,1.232154299,1.432154299
65.26212,-146.37019,0.736853239,1.01237742,1.21237742
65.26263,-144.7934,0.820372886,1.232370389,1.432370389
65.26299,-146.98117,0.788079227,1.138955691,1.338955691
65.19148,-144.82391,0.650659055,0.904829495,1.104829495
65.19292,-145.87204,0.692367482,0.944968522,1.144968522
65.19317,-148.39441,0.835425779,1.2117593,1.4117593
65.19319,-145.34796,0.831311347,1.207660435,1.407660435
65.19406,-147.69978,0.830702963,1.247185332,1.447185332
65.19601,-146.48123,0.668144462,0.925361144,1.125361144
65.1964,-147.09055,0.886660371,1.305455207,1.505455207
65.1973,-148.48001,0.851516681,1.220806381,1.420806381
65.19784,-144.90875,0.72696705,1.066755028,1.266755028
65.19863,-145.95712,0.688196806,0.941359458,1.141359458
65.32114,-148.79474,0.846481232,1.200063253,1.400063253
65.32263,-146.17291,0.700374708,0.98298324,1.18298324
65.32338,-147.39798,0.753969222,1.110742184,1.310742184
65.32346,-145.11908,0.795915244,1.11641176,1.31641176
65.32404,-148.09639,0.876085811,1.339867085,1.539867085
65.32406,-145.646,0.649363908,0.847995912,1.047995912
65.32439,-146.78543,0.721203165,1.038178529,1.238178529
65.32734,-144.67743,0.818773559,1.156751154,1.356751154
65.32813,-147.48386,0.767178285,1.132559017,1.332559017
65.32816,-146.25853,0.743405907,1.044569824,1.244569824
65.1556,-147.01718,0.736675855,1.032368939,1.232368939
65.15588,-144.83913,0.607548494,0.828316338,1.028316338
65.15724,-145.88568,0.758215437,1.082208596,1.282208596
65.15726,-148.40431,0.835369799,1.215829375,1.415829375
65.15756,-145.3624,0.836099357,1.231244613,1.431244613
65.15819,-147.71072,0.877287838,1.324567797,1.524567797
65.16028,-146.49399,0.730568505,1.040565875,1.240565875
65.1606,-147.10239,0.826307342,1.215812251,1.415812251
65.16138,-148.48978,0.873654459,1.258039283,1.458039283
65.16223,-144.92383,0.608361772,0.84284772,1.04284772
65.14886,-148.23346,0.821807324,1.214373656,1.414373656
65.14891,-147.5401,0.870446299,1.28521052,1.48521052
65.14948,-144.75449,0.661317517,0.916465482,1.116465482
65.14948,-146.32388,0.700692287,0.917882331,1.117882331
65.15057,-146.93201,0.742421412,1.026659008,1.226659008
65.15148,-145.27759,0.745079535,1.088044835,1.288044835
65.15148,-145.80075,0.790618709,1.157645002,1.357645002
65.15309,-148.31886,0.79741728,1.152954256,1.352954256
65.15357,-147.6254,0.817492669,1.190417103,1.390417103
65.15491,-146.40891,0.685216073,0.941233205,1.141233205
65.24925,-148.8134,1.097203225,1.731049461,1.931049461
65.24971,-144.62341,0.789986738,1.137962955,1.337962955
65.25115,-146.19942,0.710559177,0.982428833,1.182428833
65.2517,-147.42084,0.692080647,0.984134513,1.184134513
65.25222,-145.14871,0.872363674,1.267215586,1.467215586
65.25225,-148.11716,0.887296194,1.428186001,1.628186001
65.25272,-145.67407,0.669872997,0.99874299,1.19874299
65.25279,-146.81012,0.833493945,1.196906349,1.396906349
65.2562,-144.70837,0.79588124,1.165324052,1.365324052
65.25644,-147.50647,0.733291577,1.097437531,1.297437531
65.40926,-147.6335,0.760141815,1.09414818,1.29414818
65.41058,-146.40396,0.565638333,0.764935156,0.964935156
65.41129,-147.01875,0.714337193,0.988480909,1.188480909
65.41142,-144.81734,0.747942673,1.016908168,1.216908168
65.41287,-145.87512,0.587901682,0.783280711,0.983280711
65.41287,-148.42078,0.730268309,1.004236624,1.204236624
65.41318,-145.34622,0.553750375,0.752893222,0.952893222
65.41386,-147.71974,0.791219149,1.166461532,1.366461532
65.41595,-146.48996,0.498109469,0.696568809,0.896568809
65.41628,-147.10487,0.730627705,1.012863226,1.212863226
65.33577,-145.28984,0.681056038,0.913185042,1.113185042
65.33684,-148.35452,0.852935066,1.217612333,1.417612333
65.33749,-147.65573,0.750005567,1.075824785,1.275824785
65.33905,-146.42987,0.735873694,1.017060756,1.217060756
65.33965,-147.04282,0.728424446,1.039186501,1.239186501
65.34019,-144.84799,0.862057879,1.236206957,1.436206957
65.34099,-148.44064,0.834840118,1.1995582,1.3995582
65.34146,-145.90262,0.631858814,0.84476121,1.04476121
65.34184,-145.37527,0.680132568,0.911891079,1.111891079
65.34209,-147.74171,0.734645105,1.027716391,1.227716391
64.59828,-148.13158,0.950679667,1.386728396,1.586728396
64.59914,-146.85927,0.919426623,1.335573566,1.535573566
64.59942,-145.24197,0.845919861,1.236329372,1.436329372
64.59958,-145.75339,0.878910321,1.380174629,1.580174629
64.60258,-147.53711,0.959967076,1.350900166,1.550900166
64.60258,-148.21506,0.956181673,1.410636646,1.610636646
64.60323,-146.3479,0.779076715,1.049162211,1.249162211
64.60371,-144.81332,0.542098032,0.76349859,0.96349859
64.60422,-146.9425,0.865199786,1.185504433,1.385504433
64.60535,-145.8364,0.827026739,1.178530358,1.378530358
65.40113,-146.84662,0.685950555,0.954335936,1.154335936
65.4013,-145.70351,0.650893848,0.852543655,1.052543655
65.40448,-148.24808,0.737596094,1.023747336,1.223747336
65.40459,-147.5473,0.76002288,1.095932944,1.295932944
65.40501,-144.73178,0.762386147,1.03649723,1.23649723
65.40514,-146.31802,0.611218431,0.81823613,1.01823613
65.40623,-146.93266,0.686320362,0.941040571,1.141040571
65.40709,-145.26051,0.600346294,0.805519062,1.005519062
65.40711,-145.78929,0.634601755,0.831559515,1.031559515
65.40871,-148.33441,0.719831213,0.987941797,1.187941797
65.26433,-145.8446,0.66487191,0.957600252,1.157600252
65.26449,-145.319,0.81191907,1.157306972,1.357306972
65.265,-148.37453,0.824885601,1.147754198,1.347754198
65.26577,-147.67783,0.787455968,1.1701672,1.3701672
65.26752,-146.45563,0.757243709,1.047296507,1.247296507
65.26801,-147.06676,0.793169981,1.159178637,1.359178637
65.26902,-144.87845,0.853040634,1.286188638,1.486188638
65.26915,-148.46039,0.856532982,1.201205926,1.401205926
65.27004,-145.92995,0.664991343,0.939801087,1.139801087
65.27035,-147.76355,0.739759953,1.067924672,1.267924672
65.38046,-147.11679,0.732351748,1.029550029,1.229550029
65.38103,-148.517,0.813153207,1.172739248,1.372739248
65.38218,-144.91815,0.76726843,1.064503165,1.264503165
65.38255,-147.81689,0.72695577,1.022259503,1.222259503
65.38287,-145.97464,0.603664633,0.808221663,1.008221663
65.38353,-145.44638,0.613403025,0.807356148,1.007356148
65.38509,-148.60327,0.856991902,1.246025336,1.446025336
65.38539,-147.20284,0.724946376,1.007675268,1.207675268
65.3855,-146.58868,0.575230758,0.79901573,0.99901573
65.38703,-147.90305,0.718443137,1.032575004,1.232575004
65.38848,-145.00369,0.697421563,0.954462291,1.154462291
65.38852,-146.06042,0.615633145,0.826898866,1.026898866
65.38909,-148.68961,0.861027683,1.219052474,1.419052474
65.3895,-145.53204,0.644300737,0.879504255,1.079504255
65.39027,-147.28889,0.740534351,1.027178722,1.227178722
65.39076,-146.67462,0.649954452,0.930338733,1.130338733
65.39148,-147.98926,0.783460426,1.212805942,1.412805942
65.392,-144.56082,0.759664143,1.036099235,1.236099235
65.39304,-148.77596,0.851353455,1.199445953,1.399445953
65.39411,-146.14624,0.620312711,0.844642278,1.044642278
65.30001,-145.83084,0.659300657,0.860592321,1.060592321
65.30013,-145.30444,0.75720702,1.045551911,1.245551911
65.30091,-148.36455,0.835035205,1.163903836,1.363903836
65.30163,-147.66679,0.755193473,1.104539179,1.304539179
65.30329,-146.44278,0.797391633,1.117636429,1.317636429
65.30381,-147.05481,0.713111812,1.0276263,1.2276263
65.30461,-144.86325,0.861490887,1.255349904,1.455349904
65.30507,-148.45053,0.827658954,1.15904594,1.35904594
65.30575,-145.91629,0.667188909,0.884920121,1.084920121
65.30619,-145.38976,0.755226179,1.032552735,1.232552735
65.35838,-146.15959,0.678896926,0.939656781,1.139656781
65.35909,-145.10419,0.750562793,1.035010197,1.235010197
65.35925,-147.38651,0.767069861,1.103410937,1.303410937
65.35974,-145.6319,0.636865409,0.846626165,1.046626165
65.35992,-148.08597,0.846441613,1.311200128,1.511200128
65.36018,-146.77304,0.703867635,1.011611176,1.211611176
65.36295,-144.66187,0.798566499,1.098649869,1.298649869
65.3639,-146.24533,0.688583885,0.939571195,1.139571195
65.36402,-147.4725,0.775570714,1.110977201,1.310977201
65.36427,-148.1721,0.837972874,1.237109077,1.437109077
65.36527,-145.18967,0.703912955,0.958827597,1.158827597
65.36533,-146.85892,0.699692523,0.988568234,1.188568234
65.36561,-145.71753,0.630686321,0.831217362,1.031217362
65.36853,-148.25827,0.806594252,1.15688588,1.35688588
65.36873,-147.55856,0.771724111,1.102708171,1.302708171
65.36938,-146.33112,0.670539334,0.905801231,1.105801231
65.36941,-144.74725,0.818565436,1.144320174,1.344320174
65.37042,-146.94485,0.704543178,1.000786776,1.200786776
65.37141,-145.27519,0.64151463,0.854971242,1.054971242
65.37141,-145.80319,0.625854978,0.828080557,1.028080557
65.41699,-148.50717,0.768069171,1.074957884,1.274957884
65.41779,-144.90294,0.729450606,0.982192093,1.182192093
65.41842,-147.806,0.754445691,1.096499604,1.296499604
65.41859,-145.961,0.568274974,0.776651631,0.976651631
65.41922,-145.43195,0.611641546,0.830440617,1.030440617
65.42106,-148.5936,0.854144827,1.238861304,1.438861304
65.42122,-147.19104,0.727278032,0.996884619,1.196884619
65.42128,-146.57599,0.529531573,0.750255257,0.950255257
65.42293,-147.8923,0.740839856,1.079637006,1.279637006
65.4241,-144.98859,0.69888713,0.949507425,1.149507425
65.42425,-146.04691,0.577285791,0.785952875,0.985952875
65.42507,-148.68004,0.864488686,1.242829345,1.442829345
65.4252,-145.51773,0.660560769,0.899713472,1.099713472
65.42612,-147.27722,0.718478637,0.988172821,1.188172821
65.42655,-146.66205,0.660643533,0.945427937,1.145427937
65.42738,-147.97864,0.856174283,1.370292155,1.570292155
65.42757,-144.54504,0.859647671,1.278884292,1.478884292
65.42902,-148.76651,0.869005377,1.256875175,1.456875175
65.42986,-146.13286,0.579889258,0.795833521,0.995833521
65.43037,-145.07428,0.662587502,0.897810574,1.097810574
65.59263,-148.37057,0.770473462,1.117562305,1.317562305
65.59335,-147.66422,0.936843359,1.462215726,1.662215726
65.5949,-146.42511,0.617842493,0.870375482,1.070375482
65.5955,-147.04469,0.574715064,0.810323922,1.010323922
65.59592,-144.82614,0.862009453,1.161960347,1.361960347
65.43095,-147.36345,0.723108362,1.021291322,1.221291322
65.43114,-145.60358,0.639826395,0.842954501,1.042954501
65.43178,-146.74814,0.717234998,1.011596361,1.211596361
65.43178,-148.065,0.90121947,1.386348346,1.586348346
65.43411,-144.63065,0.80140017,1.147974061,1.347974061
65.4354,-146.21884,0.578982092,0.791955312,0.991955312
65.43573,-147.44971,0.767915716,1.121613689,1.321613689
65.43611,-148.1514,0.780343637,1.095876085,1.295876085
65.43658,-145.16,0.644257475,0.873278034,1.073278034
65.43694,-146.83427,0.675612417,0.927497874,1.127497874
65.43703,-145.68944,0.617663692,0.813441948,1.013441948
65.4404,-148.23785,0.723393562,0.980724939,1.180724939
65.44046,-147.53601,0.782027432,1.170210016,1.370210016
65.44059,-144.71628,0.774305002,1.092948111,1.292948111
65.4409,-146.30487,0.58596704,0.784751763,0.984751763
65.44205,-146.92044,0.679606808,0.928255019,1.128255019
65.44273,-145.24579,0.631577529,0.860435353,1.060435353
65.44286,-145.77536,0.597684889,0.793617867,0.993617867
65.44463,-148.32431,0.724090054,0.980362103,1.180362103
65.44513,-147.62234,0.766833098,1.141775535,1.341775535
65.49698,-148.66083,0.819584531,1.158215028,1.358215028
65.49782,-147.25377,0.57375931,0.777697442,0.977697442
65.49817,-146.63673,0.625282797,0.887973798,1.087973798
65.49876,-144.51338,0.882924464,1.207008167,1.407008167
65.49919,-147.95731,0.902543646,1.407599723,1.607599723
65.50095,-148.74756,0.785275277,1.095559665,1.295559665
65.50137,-146.10596,0.698109826,0.960357105,1.160357105
65.50165,-145.04419,0.77187367,1.097719241,1.297719241
65.50253,-145.57507,0.541008013,0.726959173,0.926959173
65.50266,-147.34024,0.523094022,0.738723703,0.938723703
65.48264,-144.7865,0.88859762,1.307449626,1.507449626
65.48294,-146.99454,0.61561789,0.853588897,1.053588897
65.48434,-145.84746,0.614810241,0.842047035,1.042047035
65.4845,-145.31696,0.680895414,0.947793107,1.147793107
65.48476,-148.40079,0.780244476,1.084593404,1.284593404
65.48563,-147.69763,0.77621888,1.151699627,1.351699627
65.48754,-146.46414,0.530714081,0.744305364,0.944305364
65.48795,-147.0809,0.644562528,0.897540678,1.097540678
65.48888,-148.48744,0.790746299,1.104535063,1.304535063
65.48902,-144.87236,0.860510625,1.256863552,1.456863552
65.53369,-147.24199,0.513758785,0.721652423,0.921652423
65.53397,-146.62402,0.619082296,0.865897855,1.065897855
65.5351,-147.94659,0.922076431,1.447049797,1.647049797
65.53693,-148.73804,0.756467117,1.037253614,1.237253614
65.53712,-146.09244,0.702291416,0.94348815,1.14348815
65.53732,-145.02908,0.860124638,1.275381803,1.475381803
65.53822,-145.56076,0.582625305,0.809680304,1.009680304
65.53856,-147.32861,0.543033273,0.770270982,0.970270982
65.53922,-146.71049,0.6216593,0.851557026,1.051557026
65.53953,-148.03336,0.87404887,1.329166574,1.529166574
65.44634,-146.39096,0.550453642,0.748250557,0.948250557
65.44703,-144.80194,0.76438509,1.068255178,1.268255178
65.44711,-147.00665,0.685201963,0.957055529,1.157055529
65.44862,-145.8613,0.568532478,0.779824174,0.979824174
65.44881,-148.4108,0.740854671,1.011784389,1.211784389
65.44884,-145.3316,0.597716007,0.812030775,1.012030775
65.44975,-147.70871,0.779709601,1.156916227,1.356916227
65.45173,-146.47707,0.49220401,0.698492773,0.898492773
65.45212,-147.0929,0.687124025,0.961093077,1.161093077
65.45294,-148.49731,0.761073973,1.038598074,1.238598074
65.46088,-145.50339,0.626765925,0.824749098,1.024749098
65.46103,-148.67044,0.84299576,1.213916348,1.413916348
65.46197,-147.2655,0.647662065,0.897363196,1.097363196
65.46235,-146.6494,0.638727483,0.903345895,1.103345895
65.46314,-144.52924,0.966355182,1.442056408,1.642056408
65.46329,-147.96799,0.896967665,1.410498674,1.610498674
65.46499,-148.75706,0.813889186,1.159093905,1.359093905
65.46562,-146.11942,0.630445849,0.852382234,1.052382234
65.466,-145.05925,0.722059024,0.97817639,1.17817639
65.4668,-147.35187,0.610902379,0.8466065,1.0466065
65.49007,-145.93358,0.672343464,0.930894664,1.130894664
65.4902,-147.78415,0.788306603,1.17132048,1.37132048
65.49057,-145.40295,0.608489789,0.826393754,1.026393754
65.49288,-146.55042,0.569840466,0.806474072,1.006474072
65.49291,-147.16733,0.650596142,0.896288802,1.096288802
65.49297,-148.57411,0.816916438,1.152522505,1.352522505
65.49473,-147.87073,0.824478273,1.257032272,1.457032272
65.49536,-144.95825,0.830582644,1.198592001,1.398592001
65.49574,-146.01974,0.706286481,0.978318096,1.178318096
65.49657,-145.48898,0.580213917,0.773917198,0.973917198
65.45341,-144.88766,0.756349057,1.040035759,1.240035759
65.45432,-147.7951,0.75594459,1.107469207,1.307469207
65.45434,-145.9473,0.593272566,0.813777463,1.013777463
65.4549,-145.41748,0.61164368,0.827022076,1.027022076
65.45701,-148.58386,0.819185509,1.14742472,1.34742472
65.45706,-146.5632,0.550176398,0.785716864,0.985716864
65.45706,-147.1792,0.690058366,0.95693304,1.15693304
65.45883,-147.88153,0.783631355,1.169758281,1.369758281
65.45974,-144.97343,0.764513284,1.053085607,1.253085607
65.46001,-146.03334,0.636367009,0.865190223,1.065190223
65.50341,-146.72308,0.637663381,0.886022239,1.086022239
65.50361,-148.04395,0.870245859,1.321616304,1.521616304
65.50531,-144.59921,0.877735818,1.209686332,1.409686332
65.50694,-146.1922,0.681088136,0.918429571,1.118429571
65.50746,-147.42676,0.669853726,0.977091058,1.177091058
65.50787,-145.13017,0.76220369,1.083305999,1.283305999
65.50795,-148.13058,0.797373471,1.133912902,1.333912902
65.50842,-145.66119,0.551158895,0.761012248,0.961012248
65.50858,-146.80948,0.61926358,0.836290447,1.036290447
65.51182,-144.68509,0.894463506,1.253084735,1.453084735
65.5188,-146.98238,0.536458788,0.742317236,0.942317236
65.52007,-145.83356,0.69352768,0.982559234,1.182559234
65.52017,-145.30228,0.780975619,1.09246888,1.29246888
65.52071,-148.39075,0.79227905,1.129444006,1.329444006
65.52152,-147.68652,0.839475491,1.266666866,1.466666866
65.52332,-146.45117,0.549995159,0.756727731,0.956727731
65.52382,-147.06888,0.577466973,0.78863825,0.98863825
65.52467,-144.85699,0.897246708,1.270193066,1.470193066
65.52484,-148.47754,0.835189383,1.2448194,1.4448194
65.5258,-145.91982,0.706806849,0.984639497,1.184639497
65.54822,-146.26523,0.656262478,0.858152161,1.058152161
65.54955,-146.88358,0.504033244,0.740695307,0.940695307
65.54974,-145.20132,0.819724826,1.187779876,1.387779876
65.54999,-145.73331,0.734018639,1.071629014,1.271629014
65.55245,-148.29379,0.752000883,1.075435151,1.275435151
65.5528,-147.58864,0.805307857,1.220099294,1.420099294
65.55369,-146.35168,0.595153875,0.791714947,0.991714947
65.55389,-144.75549,0.830108967,1.092502736,1.292502736
65.55463,-146.97017,0.480318869,0.67140904,0.87140904
65.55579,-145.81963,0.677485006,0.956710854,1.156710854
65.56447,-146.52469,0.568773464,0.787675753,0.987675753
65.56464,-147.14346,0.531681641,0.749215969,0.949215969
65.56488,-148.55453,0.807051337,1.162274846,1.362274846
65.56657,-147.849,0.822021068,1.269844893,1.469844893
65.56666,-144.92773,0.868210541,1.202393061,1.402393061
65.56724,-145.99242,0.711368871,0.95692774,1.15692774
65.56798,-145.46007,0.758368695,1.084847435,1.284847435
65.56892,-148.64151,0.783984708,1.098581428,1.298581428
65.56955,-147.23016,0.574064263,0.830807696,1.030807696
65.56978,-146.61127,0.5643129,0.75974443,0.95974443
65.46684,-145.58934,0.593503283,0.774398578,0.974398578
65.46758,-146.73563,0.660435487,0.927160398,1.127160398
65.46769,-148.05449,0.852899887,1.282962261,1.482962261
65.4697,-144.61494,0.924707772,1.387500017,1.587500017
65.47118,-146.20554,0.625932723,0.83151126,1.03151126
65.4716,-147.43826,0.718465367,1.053500971,1.253500971
65.47204,-148.14102,0.780052371,1.101033936,1.301033936
65.47223,-145.14511,0.675853915,0.935373959,1.135373959
65.47272,-145.67534,0.552406275,0.742293634,0.942293634
65.47276,-146.8219,0.648965025,0.891217115,1.091217115
65.51221,-147.51334,0.784879404,1.182159691,1.382159691
65.51226,-148.21729,0.807446504,1.127794247,1.327794247
65.51245,-146.27847,0.68098863,0.901213002,1.101213002
65.51373,-146.8959,0.570303712,0.771133621,0.971133621
65.51405,-145.21619,0.802424584,1.164507231,1.364507231
65.51427,-145.74736,0.653347825,0.922501799,1.122501799
65.51651,-148.304,0.782973793,1.095108026,1.295108026
65.51689,-147.59991,0.7493064,1.104075111,1.304075111
65.51791,-146.36481,0.638441646,0.848243255,1.048243255
65.51827,-144.77103,0.904546791,1.265068693,1.465068693
65.5409,-144.58344,0.826649335,1.06313632,1.26313632
65.54269,-146.1788,0.660341225,0.874020648,1.074020648
65.54336,-147.41525,0.664277163,0.981630749,1.181630749
65.54356,-145.11517,0.857296638,1.280704843,1.480704843
65.54388,-148.12013,0.782704077,1.094068711,1.294068711
65.54414,-145.647,0.655765259,0.94291975,1.14291975
65.5444,-146.79701,0.590692718,0.785276987,0.985276987
65.54742,-144.66943,0.825336667,1.077959447,1.277959447
65.54811,-147.50192,0.750009844,1.137396096,1.337396096
65.54819,-148.20695,0.741100868,1.039187332,1.239187332
65.47619,-144.70071,0.895604001,1.321812943,1.521812943
65.47633,-147.52469,0.813584554,1.247493526,1.447493526
65.47633,-148.22757,0.774059222,1.05609482,1.25609482
65.47669,-146.29169,0.625972608,0.823189926,1.023189926
65.47787,-146.9082,0.645361552,0.889777384,1.089777384
65.47839,-145.23102,0.721871832,1.015390256,1.215390256
65.47856,-145.76138,0.581315302,0.78652721,0.98652721
65.48057,-148.31416,0.770289443,1.053590545,1.253590545
65.481,-147.61115,0.771436752,1.134366984,1.334366984
65.48214,-146.3779,0.591188539,0.79728958,0.99728958
65.55588,-145.28754,0.78359155,1.103139021,1.303139021
65.55665,-148.38068,0.793829647,1.143496375,1.343496375
65.55745,-147.67538,0.925693587,1.452829869,1.652829869
65.55911,-146.43817,0.547490752,0.758214179,0.958214179
65.55965,-147.05679,0.517954983,0.728281234,0.928281234
65.5603,-144.84158,0.844282987,1.130916233,1.330916233
65.5608,-148.46759,0.797431505,1.160470972,1.360470972
65.56154,-145.90601,0.675528739,0.932963639,1.132963639
65.56195,-145.37378,0.780164128,1.104753945,1.304753945
65.56203,-147.76218,0.876038347,1.364678017,1.564678017
65.52611,-147.77319,0.851061266,1.29400958,1.49400958
65.52625,-145.3884,0.699957411,0.95916177,1.15916177
65.52867,-146.53757,0.574217911,0.795265467,0.995265467
65.52879,-147.15543,0.567154636,0.771372346,0.971372346
65.52892,-148.56433,0.828730682,1.191299649,1.391299649
65.53063,-147.85988,0.835752091,1.27838793,1.47838793
65.53102,-144.94301,0.881700914,1.278875972,1.478875972
65.53149,-146.0061,0.73155827,0.992342362,1.192342362
65.53226,-145.47455,0.635963581,0.859899543,1.059899543
65.53295,-148.65118,0.777882324,1.079358371,1.279358371
65.58538,-146.87122,0.495744987,0.691424581,0.891424581
65.5854,-145.18643,0.810712964,1.152498553,1.352498553
65.58573,-145.71919,0.794047432,1.15870355,1.35870355
65.58842,-148.28357,0.736509784,1.052868238,1.252868238
65.58871,-147.57735,0.893458623,1.424297685,1.624297685
65.58947,-146.3385,0.568711862,0.790132033,0.990132033
65.5895,-144.7399,0.842922205,1.116592682,1.316592682
65.59048,-146.95793,0.484254177,0.683736427,0.883736427
65.59155,-145.27277,0.779157241,1.106892144,1.306892144
65.59155,-145.80566,0.692287421,0.971039243,1.171039243
65.57104,-147.93585,0.903222065,1.422088485,1.622088485
65.57288,-146.07889,0.692997488,0.925423984,1.125423984
65.5729,-148.7285,0.772565201,1.058122191,1.258122191
65.57295,-145.01392,0.890474629,1.263402897,1.463402897
65.57396,-145.5464,0.742083557,1.085175321,1.285175321
65.57443,-147.31693,0.651639471,0.976128367,1.176128367
65.57503,-146.69788,0.548255977,0.743758405,0.943758405
65.57548,-148.02274,0.839701584,1.234395764,1.434395764
65.5765,-144.5676,0.84311413,1.095540672,1.295540672
65.57684,-148.81552,0.753057718,1.012783529,1.212783529
65.57846,-146.16537,0.626721838,0.830019233,1.030019233
65.57921,-145.10016,0.868482443,1.248037657,1.448037657
65.57923,-147.40369,0.714647319,1.078417732,1.278417732
65.57985,-148.10965,0.740280905,1.032837617,1.232837617
65.57987,-145.63277,0.788747747,1.199801446,1.399801446
65.58024,-146.78452,0.540009598,0.734929997,0.934929997
65.58303,-144.65373,0.832923383,1.085810636,1.285810636
65.58399,-146.25192,0.590205238,0.790988888,0.990988888
65.58399,-147.49051,0.796540486,1.250338509,1.450338509
65.58415,-148.19659,0.706595979,0.967444139,1.167444139
