cell,lat,lon,mean_ALD_hist,mean_ALD_future,ALD_diff,ALD_pct_diff
62.68200_-147.53268,62.682,-147.53268,0.5922492979991112,0.7838129894978596,0.1915636914987484,32.34511077445564
62.68213_-144.53275,62.68213,-144.53275,1.0048916200022098,1.5152020903371115,0.5103104703349017,50.78263766731178
62.68214_-148.16132,62.68214,-148.16132,0.441783242117717,0.5854752413619329,0.14369199924421583,32.52545265307457
62.68298_-146.42998,62.68298,-146.42998,0.680284246979197,0.8878443688381115,0.20756012185891448,30.51079350735894
62.68371_-146.98134,62.68371,-146.98134,0.6722880843396459,0.919570458179443,0.24728237383979712,36.782203879560036
62.68505_-145.00702,62.68505,-145.00702,0.8271354591695661,1.1721708633130827,0.34503540414351663,41.714497948126656
62.68549_-145.95569,62.68549,-145.95569,0.7870165058198381,1.1282478200969575,0.3412313142771194,43.35758040063689
62.68616_-145.48135,62.68616,-145.48135,0.7566668465993214,1.0702389849684795,0.3135721383691581,41.44124191226846
62.68639_-148.23874,62.68639,-148.23874,0.4109213793966865,0.5514737237451606,0.14055234434847408,34.204193647658975
62.68663_-147.61002,62.68663,-147.61002,0.5726864440061834,0.7751755118869752,0.2024890678807918,35.35775466663665
63.37933_-148.37772,63.37933,-148.37772,0.5596642125052286,0.7567606090739689,0.19709639656874034,35.21690187880273
63.38023_-147.73199,63.38023,-147.73199,0.5550476498543269,0.7492111737554726,0.19416352390114577,34.981415370753176
63.38040_-146.03287,63.3804,-146.03287,0.0,0.29564928645457705,0.29564928645457705,inf
63.38046_-145.05846,63.38046,-145.05846,0.2766922765931034,0.529710701485789,0.2530184248926856,91.4439781290925
63.38136_-145.54565,63.38136,-145.54565,0.2561382725922597,0.4770510373652989,0.22091276477303923,86.24746412837136
63.38279_-147.16562,63.38279,-147.16562,0.5648017393369151,0.7585866493782727,0.19378491004135756,34.310253766014185
63.38284_-146.59921,63.38284,-146.59921,0.0,0.18973814550118379,0.18973814550118379,inf
63.38344_-148.45728,63.38344,-148.45728,0.552143523126329,0.765984478302428,0.21384095517609902,38.72923365383257
63.38417_-144.65010,63.38417,-144.6501,0.6011351583204532,0.7970517512693356,0.19591659294888242,32.59110538406459
63.38475_-147.81145,63.38475,-147.81145,0.5564943947755534,0.7601125609338999,0.2036181661583465,36.58943703116188
63.84473_-146.44431,63.84473,-146.44431,0.7414573393925322,0.9464848462105092,0.205027506817977,27.65196268553411
63.84534_-147.02109,63.84534,-147.02109,0.8007510381819729,1.0547163184277681,0.25396528024579523,31.715885229746142
63.84660_-144.95572,63.8466,-144.95572,1.2510907564904428,1.8363392103245635,0.5852484538341207,46.779056658995586
63.84724_-145.94815,63.84724,-145.94815,1.2149437133876644,1.7067559380310933,0.4918122246434289,40.48024770399395
63.84731_-148.33646,63.84731,-148.33646,0.43927541689521066,0.6136352091672064,0.17435979227199572,39.692590471911004
63.84787_-145.45193,63.84787,-145.45193,1.2641521139276706,1.9108896179942236,0.6467375040665531,51.159785040201
63.84800_-147.67874,63.848,-147.67874,0.3470545956505813,0.5052935195387854,0.15823892388820415,45.594821642275846
63.84998_-144.53981,63.84998,-144.53981,1.0083771090643046,1.4661453900571946,0.45776828099289,45.396536363034194
63.85005_-146.52498,63.85005,-146.52498,0.7236753525187298,0.9467771125569499,0.22310176003822002,30.82898419321885
63.85031_-147.10188,63.85031,-147.10188,0.8229011192605215,1.0828513488839973,0.2599502296234758,31.589485484850634
63.04727_-144.54460,63.04727,-144.5446,0.5586426237061439,0.767980548598226,0.20933792489208203,37.47260162557835
63.04774_-146.46852,63.04774,-146.46852,0.5947780867271171,0.8058824757467062,0.21110438901958917,35.49296682754948
63.04829_-147.02763,63.04829,-147.02763,0.5274178710604878,0.7089506904999245,0.18153281943943678,34.41916351344443
63.05015_-145.02554,63.05015,-145.02554,0.42813056035314584,0.6170688788763741,0.18893831852322823,44.131004889578875
63.05040_-145.98758,63.0504,-145.98758,0.6074865333371724,0.8449104694304371,0.23742393609326473,39.08299576436662
63.05042_-148.30269,63.05042,-148.30269,0.43320471684601247,0.615168236864872,0.18196352001885951,42.00404865017675
63.05096_-147.66513,63.05096,-147.66513,0.5218770645448604,0.7321699418950945,0.21029287735023416,40.295481759412986
63.05119_-145.50656,63.05119,-145.50656,0.5623537770700668,0.7609882888207387,0.19863451175067182,35.32198410502057
63.05304_-146.54672,63.05304,-146.54672,0.5392376879113274,0.7185595783106626,0.17932189039933522,33.254702781238656
63.05324_-147.10596,63.05324,-147.10596,0.4451404661593361,0.6132332625156446,0.16809279635630847,37.76174244651583
63.58633_-144.89529,63.58633,-144.89529,0.9149113971435907,1.2464845368945654,0.3315731397509747,36.241010964139946
63.58750_-145.87759,63.5875,-145.87759,1.4841866629172387,2.45722451667674,0.9730378537595015,65.56034210999779
63.58785_-145.38641,63.58785,-145.38641,0.6471309186448294,0.8702635820946685,0.22313266344983906,34.480297111611655
63.58908_-148.24164,63.58908,-148.24164,0.6302753392294127,0.8841716427076933,0.2538963034782806,40.28339483957906
63.58930_-147.59059,63.5893,-147.59059,0.01667158987480695,0.3481472765741238,0.3314756866993169,1988.266801117882
63.59063_-146.44855,63.59063,-146.44855,0.0,0.2422303160514224,0.2422303160514224,inf
63.59122_-147.01958,63.59122,-147.01958,0.0,0.018193832142684493,0.018193832142684493,inf
63.59261_-144.97479,63.59261,-144.97479,0.7169430076643968,0.9282536502076517,0.21131064254325493,29.47384105629915
63.59316_-145.95734,63.59316,-145.95734,1.1496955646234759,1.8358145050680341,0.6861189404445582,59.67831498673838
63.59329_-148.32184,63.59329,-148.32184,0.5125456161489326,0.7074905487233503,0.1949449325744177,38.034650269600924
63.49921_-147.29216,63.49921,-147.29216,0.09633716372117976,0.3627175496089041,0.2663803858877244,276.50843724098615
63.49931_-145.66476,63.49931,-145.66476,0.0,0.29287042091762094,0.29287042091762094,inf
63.49981_-146.72316,63.49981,-146.72316,0.0,0.2578997487459098,0.2578997487459098,inf
63.50052_-147.94092,63.50052,-147.94092,0.30380363205107663,0.5009469598836679,0.19714332783259125,64.89169550133843
63.50251_-148.66963,63.50251,-148.66963,0.3381346364149238,0.5218449405272135,0.18371030411228972,54.330519363552995
63.50296_-144.76506,63.50296,-144.76506,0.6876577020782713,0.9588536031927284,0.2711959011144571,39.43763013121735
63.50340_-146.23372,63.5034,-146.23372,0.15544258984634365,0.3956939681764508,0.24025137833010715,154.55955704778063
63.50400_-147.37192,63.504,-147.37192,0.18835643315700634,0.44313766555390205,0.2547812323968957,135.26547945645174
63.50490_-148.02080,63.5049,-148.0208,0.34722323336334915,0.5397891928059664,0.19256595944261723,55.4588348185526
63.50496_-146.80281,63.50496,-146.80281,0.10356586407835514,0.37624259689179324,0.27267673281343807,263.2882323147888
63.56721_-144.65700,63.56721,-144.657,0.5520449754334656,0.7314938306953849,0.17944885526191923,32.506202075476914
63.56733_-147.84102,63.56733,-147.84102,0.3597726809771663,0.574873094542154,0.21510041356498766,59.787867433614124
63.56887_-146.12938,63.56887,-146.12938,0.5041490651990196,0.6801124359318593,0.17596337073283974,34.90304413504681
63.56963_-145.14777,63.56963,-145.14777,0.2176216837278975,0.38345788097550304,0.16583619724760554,76.20389402691978
63.56991_-148.57164,63.56991,-148.57164,0.5187296923463467,0.7008369709736754,0.18210727862732867,35.106391886612656
63.57019_-145.63858,63.57019,-145.63858,0.36739093091185776,0.5587405036121145,0.1913495727002567,52.0833685865164
63.57037_-147.27051,63.57037,-147.27051,0.0,0.16019537051467486,0.16019537051467486,inf
63.57088_-146.69992,63.57088,-146.69992,0.0,0.0,0.0,
63.57178_-147.92108,63.57178,-147.92108,0.509230289807359,0.7316994624892362,0.22246917268187727,43.687340901507845
63.57363_-144.73639,63.57363,-144.73639,0.6426211929530877,0.84263302489041,0.2000118319373223,31.124375313268487
63.82388_-148.58876,63.82388,-148.58876,0.5178027558307974,0.7158483923807633,0.19804563654996588,38.24731218979478
63.82421_-145.62619,63.82421,-145.62619,1.038464045663996,1.430255349581166,0.3917913039171701,37.72796040007894
63.82447_-147.27454,63.82447,-147.27454,0.6217464357494107,0.8228669542933815,0.20112051854397084,32.347675351215145
63.82498_-146.69821,63.82498,-146.69821,0.41893370960422466,0.5873496813777388,0.16841597177351414,40.20110292213539
63.82582_-147.93167,63.82582,-147.93167,0.6020300335603395,0.81018115051925,0.20815111695891053,34.57487257370329
63.82756_-144.71494,63.82756,-144.71494,1.3603951617620413,2.0611663777923956,0.7007712160303543,51.51232786822659
63.82787_-148.66977,63.82787,-148.66977,0.6146114367582807,0.8653155475874279,0.25070411082914723,40.7906680278301
63.82846_-146.20247,63.82846,-146.20247,0.7928192687024138,1.0477850904495,0.25496582174708626,32.15938761987736
63.82928_-147.35532,63.82928,-147.35532,0.7523784350076232,1.0293041835939323,0.27692574858630903,36.80670998810634
63.82977_-145.21075,63.82977,-145.21075,1.4175567736932433,2.0057497073283113,0.588192933635068,41.49343042554935
63.92649_-146.58179,63.92649,-146.58179,0.8380113292607446,1.102221051520143,0.2642097222593983,31.52818023265534
63.92704_-148.48001,63.92704,-148.48001,0.6031593338022978,0.8325998342940228,0.22944050049172504,38.039782795922136
63.92721_-144.59058,63.92721,-144.59058,1.0215070854981443,1.450673881938703,0.4291667964405588,42.01310030378036
63.92842_-147.82022,63.92842,-147.82022,0.8576481540108125,1.2729960564220657,0.4153479024112532,48.42870592898365
63.92953_-146.08405,63.92953,-146.08405,0.9923362302092223,1.3830108187772576,0.3906745885680353,39.36917515202143
63.92989_-145.08835,63.92989,-145.08835,1.2418372102649762,1.8075178877020464,0.5656806774370702,45.55191878300767
63.93066_-145.58620,63.93066,-145.5862,1.3142834197168938,1.9882806330452207,0.673997213328327,51.28248619871587
63.93109_-148.56134,63.93109,-148.56134,0.7334919319959421,1.0565864620545091,0.32309453005856703,44.04881853020225
63.93135_-147.24153,63.93135,-147.24153,0.717973686739436,0.9216151029355247,0.20364141619608878,28.363353693488975
63.93174_-146.66277,63.93174,-146.66277,0.8761317817200873,1.188907113036179,0.3127753313160917,35.699576004653984
63.08651_-147.65503,63.08651,-147.65503,0.5158437560329268,0.7032656326735446,0.18742187664061782,36.333070711561454
63.08652_-145.49350,63.08652,-145.4935,0.5422547514969247,0.7451826881464977,0.20292793664957298,37.42298911892962
63.08851_-146.53510,63.08851,-146.5351,0.5373900717555097,0.7324707404943935,0.19508066873888386,36.301502203345045
63.08873_-147.09508,63.08873,-147.09508,0.30651562302896,0.4718571719216943,0.16534154889273428,53.942290855795164
63.08904_-144.60811,63.08904,-144.60811,0.47284073096762,0.6562197079211378,0.1833789769535178,38.782398584456026
63.09018_-148.37210,63.09018,-148.3721,0.4031540615718632,0.5824780529085669,0.17932399133670374,44.480264104877136
63.09106_-147.73358,63.09106,-147.73358,0.4799051314960083,0.6640498584872024,0.18414472699119416,38.37106855206149
63.09139_-146.05338,63.09139,-146.05338,0.5359092470001174,0.7243253349636299,0.1884160879635125,35.15820803955473
63.09163_-145.08983,63.09163,-145.08983,0.38732888478238303,0.584167107416881,0.19683822263449802,50.819401900555306
63.09242_-145.57161,63.09242,-145.57161,0.5119104821838185,0.7172032908054785,0.20529280862166,40.10326331781243
63.06701_-146.22202,63.06701,-146.22202,0.49226029620645534,0.6858246500733566,0.19356435386690124,39.321544995316835
63.06778_-147.34109,63.06778,-147.34109,0.5238506778089991,0.7486102053537322,0.22475952754473316,42.90526615042056
63.06856_-145.25935,63.06856,-145.25935,0.5187700431383635,0.7155458469776502,0.19677580383928672,37.931219514694256
63.06863_-146.78156,63.06863,-146.78156,0.5278727809719201,0.7302713096882443,0.20239852871632413,38.34229306986954
63.06870_-145.74069,63.0687,-145.74069,0.5101195268045898,0.7062794549954596,0.1961599281908698,38.45371876266409
63.06887_-147.97908,63.06887,-147.97908,0.4068715138077056,0.5867792851061544,0.17990777129844882,44.217342623665786
63.07070_-148.69569,63.0707,-148.69569,0.3880919293577503,0.5723057699583087,0.18421384060055845,47.46654765674005
63.07246_-146.30023,63.07246,-146.30023,0.4702025496803696,0.6639271625542245,0.19372461287385484,41.20024721378975
63.07254_-147.41954,63.07254,-147.41954,0.5941567281530634,0.8438851496702949,0.2497284215172315,42.0307319069688
63.07291_-144.85593,63.07291,-144.85593,0.507904316021508,0.676846284520416,0.16894196849890797,33.262558157067105
63.70080_-147.63963,63.7008,-147.63963,0.2673551738683715,0.4923285002650788,0.2249733263967073,84.1477361898632
63.70205_-144.51895,63.70205,-144.51895,1.658384787034991,2.437340478619352,0.778955691584361,46.97074512948517
63.70253_-146.49257,63.70253,-146.49257,0.6409655153581943,0.8370104255073747,0.19604491014918035,30.585874817247145
63.70295_-147.06613,63.70295,-147.06613,0.4746160173441172,0.6774808433881716,0.20286482604405442,42.74293715986593
63.70451_-148.37410,63.70451,-148.3741,0.7016850006479155,0.9488420996208387,0.24715709897292315,35.223369281758266
63.70500_-145.01230,63.705,-145.0123,1.0544929761427302,1.5079991095449472,0.453506133402217,43.007032162614706
63.70523_-145.99921,63.70523,-145.99921,1.3276249068388788,1.9191170881451336,0.5914921813062548,44.55265777700859
63.70538_-147.72009,63.70538,-147.72009,0.35004301852570574,0.5647662443751192,0.2147232258494135,61.34195355581562
63.70607_-145.50574,63.70607,-145.50574,0.6889367211261257,0.9414458693620518,0.2525091482359261,36.65200888452838
63.70783_-146.57281,63.70783,-146.57281,0.6905713596928864,0.9055735956629368,0.21500223597005041,31.133963630589466
63.55343_-148.25111,63.55343,-148.25111,0.44844943889600875,0.6444257121151539,0.19597627321914513,43.70086262156974
63.55368_-147.60098,63.55368,-147.60098,0.0,0.15739117868570315,0.15739117868570315,inf
63.55510_-146.46054,63.5551,-146.46054,0.0,0.0,0.0,
63.55566_-147.03076,63.55566,-147.03076,0.0,0.24212573995985048,0.24212573995985048,inf
63.55724_-144.98883,63.55724,-144.98883,0.5659970854806252,0.7249789900660033,0.1589819045853781,28.08882036033386
63.55762_-148.33121,63.55762,-148.33121,0.39220530386298347,0.5748578536358582,0.1826525497728747,46.57064755980051
63.55770_-145.97000,63.5577,-145.97,0.9127735357352194,1.4338044763409945,0.5210309406057752,57.08216991480762
63.55828_-147.68097,63.55828,-147.68097,0.0,0.266214989129525,0.266214989129525,inf
63.55841_-145.47942,63.55841,-145.47942,0.3416054137886808,0.5385578948336012,0.19695248104492036,57.654964791265385
63.56041_-146.54030,63.56041,-146.5403,0.0,0.0,0.0,
63.07323_-148.05765,63.07323,-148.05765,0.4264711861071833,0.607648230868532,0.18117704476134872,42.48283369742457
63.07373_-146.85989,63.07373,-146.85989,0.5538240505091301,0.7606180987878202,0.20679404827869008,37.33930443948479
63.07444_-145.81882,63.07444,-145.81882,0.5241252010376316,0.7343337092780089,0.2102085082403773,40.10654473858901
63.07459_-145.33737,63.07459,-145.33737,0.4884900251193155,0.6722626474286657,0.1837726223093502,37.620547577089845
63.07462_-148.77435,63.07462,-148.77435,0.32192901486449943,0.5030262057401023,0.18109719087560283,56.25376480955809
63.07724_-147.49802,63.07724,-147.49802,0.6877685175000158,0.9906914006260221,0.30292288312600635,44.04430784751636
63.07754_-148.13622,63.07754,-148.13622,0.4440544706442772,0.6308346766801924,0.18678020603591522,42.062453681620724
63.07786_-146.37848,63.07786,-146.37848,0.49890206776624946,0.6958565697129444,0.19695450194669495,39.47758782169931
63.07878_-146.93826,63.07878,-146.93826,0.552883481970117,0.7494365304978436,0.1965530485277266,35.55053730803087
63.07920_-144.93387,63.0792,-144.93387,0.49247421046041057,0.6619764513821889,0.1695022409217783,34.41850097354578
64.00162_-145.55934,64.00162,-145.55934,1.2387089414923373,1.848314303370255,0.6096053618779176,49.21296209773816
64.00258_-148.54294,64.00258,-148.54294,0.8172259469883796,1.2531114974291502,0.4358855504407706,53.33721378366473
64.00266_-147.21938,64.00266,-147.21938,0.6679495070723787,0.9037332709623329,0.23578376388995426,35.29963887890179
64.00291_-146.63896,64.00291,-146.63896,0.6649640260508125,0.8586335014061206,0.1936694753553081,29.1248049169669
64.00430_-147.88115,64.0043,-147.88115,0.6345980550465937,0.8263820510256955,0.19178399597910178,30.221333717296144
64.00449_-144.64165,64.00449,-144.64165,1.3596579785451448,2.037305923591224,0.6776479450460791,49.8395887597536
64.00616_-146.13969,64.00616,-146.13969,0.9377762075494158,1.261151707179568,0.3233754996301521,34.48322713104362
64.00659_-148.62451,64.00659,-148.62451,0.8448721127657436,1.2605138458979275,0.4156417331321839,49.195816366994734
64.00696_-145.14096,64.00696,-145.14096,1.2989813751564796,1.9341523638018723,0.6351709886453927,48.89762091999801
64.00750_-145.64032,64.0075,-145.64032,1.245312395934358,1.8685138673453494,0.6232014714109915,50.04378607693882
63.94602_-146.32677,63.94602,-146.32677,0.8640729534610943,1.112306149110393,0.2482331956492987,28.72826821566237
63.94649_-144.83221,63.94649,-144.83221,1.2253833551991298,1.7999202740934506,0.5745369188943208,46.88630023058835
63.94716_-146.90588,63.94716,-146.90588,0.8200463572326757,1.0419925745935614,0.2219462173608857,27.065081797310132
63.94809_-145.82860,63.94809,-145.8286,1.237256271964569,1.8127869066277587,0.5755306346631897,46.51668758561532
63.94824_-145.33040,63.94824,-145.3304,1.2640879520429804,1.861096122183163,0.5970081701401826,47.228372770685475
63.95027_-148.22658,63.95027,-148.22658,0.5860856947367061,0.8087216174871964,0.22263592275049027,37.98692320079703
63.95037_-147.56619,63.95037,-147.56619,0.4748803619948532,0.641761409452785,0.16688104745793186,35.14170321908164
63.95143_-146.40775,63.95143,-146.40775,0.8373857963004967,1.0688968717151446,0.23151107541464788,27.646883483986144
63.95220_-146.98697,63.9522,-146.98697,0.8140268445788748,1.0345379968188255,0.22051115223995077,27.08892878760394
63.95281_-144.91286,63.95281,-144.91286,1.1890146978809928,1.7150666673816302,0.5260519695006374,44.242680131552866
63.78287_-145.55916,63.78287,-145.55916,0.8040544303751156,1.1250023815767363,0.3209479512016207,39.916197097737374
63.78397_-147.20485,63.78397,-147.20485,0.31395499037566366,0.45635453371016454,0.1423995433345009,45.35667458705222
63.78413_-148.51698,63.78413,-148.51698,0.5482987105450772,0.7518841084143898,0.20358539786931262,37.130380566994845
63.78420_-146.62946,63.7842,-146.62946,0.47432172774736747,0.6436707266419253,0.1693489988945578,35.70340319403546
63.78571_-147.86092,63.78571,-147.86092,0.41073529482518256,0.5747470544836147,0.16401175965843218,39.93125541554421
63.78576_-144.64938,63.78576,-144.64938,1.2509899486292388,1.8329087308543515,0.5819187822251126,46.51666329235858
63.78742_-146.13449,63.78742,-146.13449,0.8353305925450262,1.0845486737711094,0.24921808122608324,29.834664676506485
63.78816_-148.59784,63.78816,-148.59784,0.5543700930853369,0.7720746639558983,0.2177045708705614,39.27061967916243
63.78819_-145.14439,63.78819,-145.14439,1.2593417701043865,1.7350404322988737,0.4756986621944872,37.77359518179538
63.78875_-145.63945,63.78875,-145.63945,0.9913865738075198,1.3968101776298325,0.4054236038223127,40.89460302707576
63.70787_-147.14648,63.70787,-147.14648,0.47689788530247507,0.6817915083151278,0.20489362301265274,42.96383551432564
63.70856_-144.59872,63.70856,-144.59872,1.7987974871603682,2.5793859026215897,0.7805884154612215,43.395013670687305
63.70864_-148.45468,63.70864,-148.45468,0.6757112740433857,0.8917719152386355,0.21606064119524981,31.97529026004931
63.70991_-147.80057,63.70991,-147.80057,0.4592947714043465,0.6517094070965823,0.19241463569223582,41.89349578352612
63.71083_-146.07933,63.71083,-146.07933,0.8891694912021049,1.207237167777369,0.31806767657526414,35.771321409741056
63.71121_-145.09222,63.71121,-145.09222,0.9824784883503032,1.3341200126558226,0.3516415243055194,35.79126957740997
63.71198_-145.58578,63.71198,-145.58578,0.8063152112053531,1.1188793701798723,0.31256415897451917,38.764512269000846
63.71271_-148.53531,63.71271,-148.53531,0.5975807862984479,0.777440098711788,0.17985931241334008,30.097907519321332
63.71276_-147.22687,63.71276,-147.22687,0.2796689708050244,0.4630414956042328,0.1833725247992084,65.56770465860849
63.71307_-146.65308,63.71307,-146.65308,0.6452862682441378,0.8468646158516665,0.20157834760752869,31.2385924709099
63.39247_-147.32440,63.39247,-147.3244,0.49017283895267894,0.6639226598476071,0.1737498208949282,35.44664393607944
63.39275_-145.21631,63.39275,-145.21631,0.0,0.17523464400673672,0.17523464400673672,inf
63.39305_-145.70375,63.39305,-145.70375,0.6840948672472603,0.9508820641460293,0.26678719689876895,38.998567256073414
63.39323_-146.75777,63.39323,-146.75777,0.07093705857135905,0.3676417165084863,0.29670465793712725,418.2646756330579
63.39363_-147.97046,63.39363,-147.97046,0.4929511786762845,0.682302008266893,0.1893508295906085,38.411680057053495
63.39548_-148.69614,63.39548,-148.69614,0.5994223103824241,0.7929482546786243,0.19352594429620018,32.285408958624345
63.39697_-144.80779,63.39697,-144.80779,0.16941060799631133,0.37953520572748434,0.210124597731173,124.03272747580726
63.39697_-146.27036,63.39697,-146.27036,0.0,0.11609477215442833,0.11609477215442833,inf
63.39725_-147.40384,63.39725,-147.40384,0.46157198521179776,0.6444323325111335,0.18286034729933576,39.61686435874745
63.39799_-148.05002,63.39799,-148.05002,0.4581709710247127,0.6526917722167044,0.19452080119199167,42.455941884956225
63.69389_-145.83902,63.69389,-145.83902,1.0352521793508955,1.556830577878201,0.5215783985273055,50.381772570074254
63.69412_-145.34579,63.69412,-145.34579,0.47530065472479566,0.6156510366313992,0.14035038190660354,29.528758378813503
63.69612_-148.21300,63.69612,-148.213,0.4824876914741248,0.6693474187801023,0.1868597273059775,38.72839258035219
63.69617_-147.55922,63.69617,-147.55922,0.13324695899067385,0.3806761419023713,0.24742918291169747,185.6921799836463
63.69719_-146.41237,63.69719,-146.41237,0.6774711989953576,0.8869822999855845,0.20951110099022696,30.925462410936035
63.69796_-146.98581,63.69796,-146.98581,0.3428597487282832,0.5339639482294027,0.19110419950111956,55.73830121790409
63.69874_-144.93243,63.69874,-144.93243,0.9581905973581135,1.4130179248408767,0.4548273274827632,47.46731273890557
63.69958_-145.91910,63.69958,-145.9191,1.4441248097241461,2.1150169141155164,0.6708921043913703,46.45665664587001
63.70012_-145.42575,63.70012,-145.42575,0.504481644616894,0.6687545528644864,0.16427290824759233,32.56271263790817
63.70035_-148.29355,63.70035,-148.29355,0.615817738456972,0.8345060724987042,0.21868833404173227,35.511860147076995
63.29870_-145.41437,63.2987,-145.41437,0.0,0.2004964435527635,0.2004964435527635,inf
63.29967_-148.23752,63.29967,-148.23752,0.5327569512573609,0.6954512295951136,0.16269427833775274,30.538180300374794
63.29990_-147.59378,63.2999,-147.59378,0.5593630694842868,0.7410144545000243,0.18165138501573752,32.47468324700337
63.30063_-144.52170,63.30063,-144.5217,0.34000929182635564,0.5069488512946638,0.16693955946830819,49.0985286230251
63.30130_-146.46457,63.3013,-146.46457,0.4109986338826095,0.6029575204166759,0.19195888653406645,46.70548043449075
63.30185_-147.02919,63.30185,-147.02919,0.4470453800448893,0.6330859444359589,0.18604056439106958,41.6155881920508
63.30358_-145.00737,63.30358,-145.00737,0.0,0.17736370312055044,0.17736370312055044,inf
63.30387_-148.31680,63.30387,-148.3168,0.4909957535042034,0.6436606841871182,0.1526649306829148,31.092922819261787
63.30390_-145.97888,63.3039,-145.97888,0.37352068768296487,0.537312907094232,0.1637922194112671,43.85090968516578
63.30450_-147.67297,63.3045,-147.67297,0.5793039961771577,0.7816233739683759,0.20231937779121822,34.92456104676114
63.73509_-145.90628,63.73509,-145.90628,1.2566416217159029,1.8717245066340702,0.6150828849181673,48.94656314807494
63.73555_-145.41225,63.73555,-145.41225,0.4693358679478259,0.6298792759410987,0.16054340799327282,34.20650731324881
63.73604_-148.28406,63.73604,-148.28406,0.5491565269267545,0.7460826621236727,0.19692613519691815,35.85974590868949
63.73645_-147.62924,63.73645,-147.62924,0.45657402050000584,0.6577129697491355,0.20113894924912967,44.053962822689144
63.73807_-146.48056,63.73807,-146.48056,0.7395230251762936,0.9340571128009422,0.19453408762464852,26.305345608174115
63.73853_-147.05490,63.73853,-147.0549,0.598075228045591,0.8030532591528122,0.20497803110722124,34.272951210009964
63.74021_-148.36473,63.74021,-148.36473,0.5330891409948977,0.7137279164172525,0.18063877542235485,33.88528512984356
63.74039_-144.99823,63.74039,-144.99823,1.2161717458707757,1.792074617850882,0.5759028719801063,47.35374538468342
63.74074_-145.98648,63.74074,-145.98648,1.3445512041450043,1.9578747510537273,0.613323546908723,45.61548455856194
63.74103_-147.70979,63.74103,-147.70979,0.5666753457190634,0.8045402391561509,0.2378648934370875,41.975514769441205
63.53337_-146.14180,63.53337,-146.1418,0.25163018575521606,0.45764925315778204,0.20601906740256598,81.87374928180508
63.53423_-148.58066,63.53423,-148.58066,0.37789369152025554,0.5454031473404359,0.1675094558201804,44.32713738784435
63.53425_-145.16153,63.53425,-145.16153,0.07235216882078391,0.2843864915976219,0.212034322776838,293.0586964186884
63.53476_-145.65167,63.53476,-145.65167,0.18547350424347175,0.4250590272161331,0.23958552297266134,129.17506678374747
63.53479_-147.28134,63.53479,-147.28134,0.026329440131901284,0.3301789636188308,0.3038495234869295,1154.0295652499624
63.53534_-146.71156,63.53534,-146.71156,0.0,0.10895505485169332,0.10895505485169332,inf
63.53615_-147.93102,63.53615,-147.93102,0.2923075963237484,0.5142401717215817,0.22193257539783323,75.92432704076202
63.53822_-148.66075,63.53822,-148.66075,0.36769186439620444,0.5292227798435295,0.16153091544732506,43.931055073132725
63.53830_-144.75075,63.5383,-144.75075,0.7166562820624787,0.9700995383317039,0.25344325626922526,35.36468773284679
63.53887_-146.22144,63.53887,-146.22144,0.0848016134189559,0.3446481020122487,0.25984648859329285,306.416916043261
63.31800_-147.91072,63.318,-147.91072,0.5693976521534295,0.7585123337259438,0.18911468157251432,33.2131122875715
63.31998_-144.75742,63.31998,-144.75742,0.49271159764477085,0.7654565117732512,0.2727449141284804,55.35589489515541
63.32019_-148.63428,63.32019,-148.63428,0.41358092941785773,0.5707905346901957,0.15720960527233796,38.011811979246914
63.32056_-146.21564,63.32056,-146.21564,0.383011078853157,0.5520504970967595,0.16903941824360247,44.13434168790994
63.32135_-147.34575,63.32135,-147.34575,0.5980801394737532,0.82363834162486,0.2255582021511069,37.713708793201874
63.32203_-145.24347,63.32203,-145.24347,0.0,0.026678481831207954,0.026678481831207954,inf
63.32221_-145.72957,63.32221,-145.72957,0.6767129895547868,0.9500774464766517,0.27336445692186495,40.3959228123747
63.32221_-146.78069,63.32221,-146.78069,0.30449947387507237,0.520076039306579,0.2155765654315066,70.79702394492531
63.32241_-147.99002,63.32241,-147.99002,0.5717469246406448,0.7688021203568585,0.19705519571621366,34.46545791917763
63.32413_-148.71370,63.32413,-148.7137,0.5150712088891846,0.6858965825174477,0.1708253736282631,33.165389693722034
63.87885_-148.24585,63.87885,-148.24585,0.34006416022699953,0.5029382499534868,0.16287408972648726,47.89510591700272
63.87905_-147.58731,63.87905,-147.58731,0.3485782546286006,0.5036919364339003,0.15511368180529972,44.49895532656464
63.88028_-146.43214,63.88028,-146.43214,0.7734364988325308,0.9996295099143514,0.22619301108182055,29.245194844469996
63.88095_-147.00975,63.88095,-147.00975,0.8164536276010458,1.0689945437034023,0.2525409161023565,30.931446387762122
63.88200_-144.94147,63.882,-144.94147,1.2095409778176385,1.734742122752178,0.5252011449345395,43.421525567670656
63.88277_-145.93530,63.88277,-145.9353,1.194522456669851,1.6640745555066871,0.46955209883683624,39.30877115076404
63.88305_-148.32697,63.88305,-148.32697,0.4363102810099852,0.6108885716721583,0.17457829066217306,40.01241736913775
63.88333_-145.43839,63.88333,-145.43839,1.391833530934884,2.0695870039123125,0.6777534729774286,48.69500970580776
63.88366_-147.66833,63.88366,-147.66833,0.360479088385497,0.5088485263897435,0.1483694380042465,41.158958393053844
63.88533_-144.52496,63.88533,-144.52496,1.0330277843785767,1.512745994130324,0.4797182097517474,46.43807427118956
62.73321_-145.62253,62.73321,-145.62253,0.703737408068833,0.9765853174568178,0.27284790938798476,38.77126698958958
62.73392_-147.20251,62.73392,-147.20251,0.6842137444436307,0.9309230664505386,0.24670932200690787,36.057346700557716
62.73418_-146.65009,62.73418,-146.65009,0.6592759228578684,0.8832102784166195,0.22393435555875107,33.966712236058484
62.73436_-148.46228,62.73436,-148.46228,0.5350759145986543,0.7318051940195468,0.19672927942089247,36.766610877720716
62.73572_-147.83240,62.73572,-147.8324,0.5333613734996046,0.732463038230175,0.19910166473057045,37.329599521649286
62.73663_-144.74905,62.73663,-144.74905,0.8288166336322067,1.1458420803721991,0.31702544673999244,38.25037214210577
62.73750_-146.17490,62.7375,-146.1749,0.6898527314878239,0.9670088017586782,0.2771560702708543,40.17612131115352
62.73841_-148.53992,62.73841,-148.53992,0.6001608323154678,0.8334431630475785,0.2332823307321107,38.86996921010141
62.73873_-145.22430,62.73873,-145.2243,0.782294346564244,1.111784297302716,0.3294899507384721,42.118411335267595
62.73875_-147.27994,62.73875,-147.27994,0.535865011700686,0.7106320724691084,0.1747670607684224,32.61400855669985
63.77624_-145.97374,63.77624,-145.97374,1.2704498738987997,1.8690568426507514,0.5986069687519517,47.117716412921226
63.77668_-147.69948,63.77668,-147.69948,0.3989137957782486,0.5565817391540311,0.1576679433757825,39.52431453722603
63.77695_-145.47891,63.77695,-145.47891,0.5851625198342019,0.7862429987928494,0.20108047895864756,34.363184951698734
63.77894_-146.54895,63.77894,-146.54895,0.6525546808569929,0.8358608265833947,0.1833061457264018,28.090541850940042
63.77907_-147.12424,63.77907,-147.12424,0.4543699154554611,0.6071492931657303,0.15277937771026917,33.62444838741642
63.77928_-144.56935,63.77928,-144.56935,1.521659177877572,2.281894633669009,0.760235455791437,49.96095491316408
63.78004_-148.43614,63.78004,-148.43614,0.5019734104624631,0.6927185270484426,0.19074511658597948,37.999047879896246
63.78122_-147.78018,63.78122,-147.78018,0.4090409129667989,0.5541333206075577,0.1450924076407588,35.47136803220848
63.78185_-146.05411,63.78185,-146.05411,1.0897786978828616,1.4981938044741037,0.408415106591242,37.47688474592865
63.78201_-145.06422,63.78201,-145.06422,1.1841400028183422,1.6849160312710745,0.5007760284527323,42.290272033783815
63.00160_-146.32413,63.0016,-146.32413,0.5996543303782309,0.8123706167234761,0.2127162863452452,35.47315104204697
63.00209_-148.07672,63.00209,-148.07672,0.47079578508464215,0.6392905037149403,0.1684947186302982,35.78934305879678
63.00237_-144.88373,63.00237,-144.88373,0.5591113055887689,0.7485994471344606,0.1894881415456917,33.89095152460785
63.00278_-146.88223,63.00278,-146.88223,0.5330424483119116,0.7450766082918332,0.2120341599799216,39.77810034668178
63.00336_-148.79149,63.00336,-148.79149,0.37824743592664156,0.5811487471961759,0.20290131126953437,53.64248161324897
63.00367_-145.84402,63.00367,-145.84402,0.6142339037954668,0.8430336408828677,0.22879973708740087,37.249610559365784
63.00395_-145.36386,63.00395,-145.36386,0.5508750202482016,0.7497665321170394,0.1988915118688378,36.104652517956886
63.00619_-147.51862,63.00619,-147.51862,0.6298012960904273,0.8554169587989127,0.22561566270848532,35.82330873388537
63.00638_-148.15509,63.00638,-148.15509,0.4755040596165214,0.6605952435546327,0.1850911839381113,38.92525840628602
63.00698_-146.40216,63.00698,-146.40216,0.5987615378088116,0.8141205179399964,0.21535898013118482,35.9674038047431
63.02747_-147.27332,63.02747,-147.27332,0.6836419581350615,0.9875683752427403,0.30392641710767887,44.45695784044236
63.02755_-145.67545,63.02755,-145.67545,0.4837786005774306,0.689704085655264,0.20592548507783337,42.5660591088659
63.02803_-146.71466,63.02803,-146.71466,0.4802545732269894,0.6528241003873912,0.17256952716040186,35.93292740574027
63.02892_-147.91032,63.02892,-147.91032,0.5467780425329737,0.7365789188644972,0.18980087633152354,34.71260028150774
63.03114_-148.62582,63.03114,-148.62582,0.40139833812347825,0.5976348529496189,0.19623651482614068,48.88822304136555
63.03130_-144.79207,63.0313,-144.79207,0.5674374314488773,0.756245221433171,0.1888077899842937,33.27376368213809
63.03158_-146.23409,63.03158,-146.23409,0.5279618658949782,0.7166140620568178,0.1886521961618396,35.732163314872096
63.03228_-147.35162,63.03228,-147.35162,0.6952290191390333,1.0041063212998194,0.308877302160786,44.42813715447285
63.03316_-146.79285,63.03316,-146.79285,0.5057086331293303,0.7031615285265669,0.19745289539723654,39.04479426728311
63.03324_-145.27272,63.03324,-145.27272,0.5476908248128671,0.747808574640197,0.20011774982732988,36.53845212683732
62.77287_-146.16290,62.77287,-146.1629,0.6230655479381998,0.8513747428074694,0.2283091948692696,36.64288542750801
62.77396_-148.53111,62.77396,-148.53111,0.6735016200467362,0.9367194901625862,0.26321787011584996,39.08199509565909
62.77400_-145.21103,62.774,-145.21103,0.7359125675620115,1.043654858497499,0.30774229093548744,41.8177789727114
62.77423_-147.26944,62.77423,-147.26944,0.5489982836158952,0.7354172678245433,0.1864189842086481,33.95620528735123
62.77434_-145.68697,62.77434,-145.68697,0.6486693572212903,0.8830748045745367,0.23440544735324642,36.13635278801681
62.77477_-146.71616,62.77477,-146.71616,0.5949867701599252,0.8201861932384564,0.22519942307853125,37.849484118445254
62.77568_-147.90027,62.77568,-147.90027,0.7411590980742655,1.0703906967783026,0.32923159870403707,44.42117752577969
62.77797_-148.60887,62.77797,-148.60887,0.7437498496404087,1.0741284914554687,0.33037864181506005,44.420666703299894
62.77822_-144.81213,62.77822,-144.81213,0.7291239973236052,1.0118104776944858,0.2826864803708806,38.77070037586715
62.77835_-146.24023,62.77835,-146.24023,0.5319286263770833,0.7369033624680581,0.20497473609097483,38.53425552353495
63.16600_-144.65759,63.166,-144.65759,0.2993531105889474,0.5071344216246091,0.20778131103566166,69.41010588694823
63.16672_-147.79228,63.16672,-147.79228,0.40616482003918886,0.5993871822687848,0.193222362229596,47.572402309720694
63.16777_-146.10715,63.16777,-146.10715,0.3375985498310555,0.5166731642072391,0.17907461437618355,53.04365627926953
63.16843_-145.14075,63.16843,-145.14075,0.4346836966029143,0.6265925484898976,0.19190885188698337,44.14907975310909
63.16904_-145.62396,63.16904,-145.62396,0.5227259438952276,0.7074700190261706,0.18474407513094293,35.3424346521381
63.16956_-147.23061,63.16956,-147.23061,0.3554773721456562,0.549865360883959,0.19438798873830276,54.68364626557795
63.16958_-148.51160,63.16958,-148.5116,0.29030682688078174,0.4487787736537304,0.15847194677294868,54.58774375913221
63.16990_-146.66885,63.1699,-146.66885,0.4631680495240235,0.6444845771722427,0.1813165276482192,39.14702834846874
63.17120_-147.87109,63.1712,-147.87109,0.47998164545343447,0.6828373368479107,0.20285569139447623,42.26321846178935
63.17242_-144.73575,63.17242,-144.73575,0.2342622877927843,0.4591198873957799,0.22485759960299562,95.98540239728746
63.20538_-146.65733,63.20538,-146.65733,0.440609325430535,0.6211456628996543,0.18053633746911935,40.97424340547284
63.20678_-147.86124,63.20678,-147.86124,0.5124920823660092,0.7120317451826743,0.19953966281666513,38.93516986554318
63.20770_-144.72156,63.2077,-144.72156,0.0,0.20740420511838836,0.20740420511838836,inf
63.20874_-146.17346,63.20874,-146.17346,0.29038921207514834,0.45649317818897994,0.1661039661138316,57.20046035003752
63.20926_-148.58167,63.20926,-148.58167,0.34973418102323556,0.5004537085997779,0.15071952757654233,43.09545241919859
63.20988_-145.20551,63.20988,-145.20551,0.28409838410440724,0.5021286541956904,0.21803027009128317,76.74463576362905
63.20992_-147.29868,63.20992,-147.29868,0.39125315283155765,0.5887631209961776,0.1975099681646199,50.48137420368646
63.21023_-145.68948,63.21023,-145.68948,0.5384437061219991,0.742994965255019,0.20455125913301986,37.989349082794035
63.21056_-146.73605,63.21056,-146.73605,0.4034171101531077,0.5991495022148714,0.19573239206176368,48.51861439081697
63.21120_-147.94019,63.2112,-147.94019,0.4288181974183579,0.6211718325388503,0.19235363512049242,44.85668665148343
63.76912_-146.96313,63.76912,-146.96313,0.6482808001020239,0.8280743595876394,0.17979355948561548,27.73390164529325
63.76950_-144.90401,63.7695,-144.90401,1.352264050967678,2.027807127869619,0.675543076901941,49.95644722038743
63.77058_-145.89342,63.77058,-145.89342,1.0008422957791119,1.4505901191135577,0.44974782333444585,44.93693214517247
63.77099_-145.39870,63.77099,-145.3987,0.48806795666083214,0.660886137326758,0.1728181806659259,35.408630766969324
63.77172_-148.27454,63.77172,-148.27454,0.41939471365615016,0.5985892205792844,0.17919450692313427,42.72693505384781
63.77209_-147.61880,63.77209,-147.6188,0.33643770066014356,0.505118759893022,0.16868105923287846,50.13738320702459
63.77364_-146.46851,63.77364,-146.46851,0.7255064359992236,0.9277800749811289,0.2022736389819053,27.880336954326033
63.77412_-147.04367,63.77412,-147.04367,0.575475647471656,0.7478761132258399,0.17240046575418388,29.95790812549981
63.77578_-144.98410,63.77578,-144.9841,1.2046824195121268,1.7596489065298293,0.5549664870177025,46.06745130741206
63.77591_-148.35532,63.77591,-148.35532,0.4228982113266915,0.597527485615007,0.17462927428831554,41.29345303695629
63.83005_-145.70663,63.83005,-145.70663,1.0359219553928911,1.4284932684967018,0.39257131310381066,37.895838683612155
63.83014_-146.77888,63.83014,-146.77888,0.662802201223877,0.8564932956580082,0.19369109443413124,29.223061431672516
63.83022_-148.01256,63.83022,-148.01256,0.5407512386391325,0.7059272059406729,0.16517596730154038,30.54564751755838
63.83181_-148.75079,63.83181,-148.75079,0.7272670588097965,1.056393239905515,0.32912618109571845,45.25520262588924
63.83393_-146.28305,63.83393,-146.28305,0.7655625801680369,1.0113959755752746,0.2458333954072377,32.11146962711769
63.83395_-144.79515,63.83395,-144.79515,1.305828150183162,1.9388603573587788,0.6330322071756169,48.477451423207924
63.83403_-147.43613,63.83403,-147.43613,0.6095220557129069,0.7930382635504156,0.18351620783750877,30.108214480092148
63.83458_-148.09349,63.83458,-148.09349,0.41436631492944165,0.5893024254633314,0.1749361105338898,42.21774411457117
63.83527_-146.85959,63.83527,-146.85959,0.6500532089733365,0.8345581113414591,0.18450490236812256,28.383046160101404
63.83582_-145.78709,63.83582,-145.78709,1.0627772196247431,1.5181544075445577,0.4553771879198145,42.84784990786724
62.69471_-148.39368,62.69471,-148.39368,0.4052129937766342,0.5611775141533908,0.15596452037675657,38.48951607478041
62.69503_-144.68616,62.69503,-144.68616,0.8752604073752746,1.229657469640641,0.3543970622653665,40.49047109626839
62.69574_-147.76474,62.69574,-147.76474,0.5132844547862845,0.6809315911415497,0.16764713635526518,32.66164303087421
62.69664_-146.10977,62.69664,-146.10977,0.7171677270073963,1.0002804834538286,0.2831127564464323,39.476505395440434
62.69737_-145.16068,62.69737,-145.16068,0.8118643264990437,1.1718991938971361,0.36003486739809243,44.346679075141815
62.69790_-145.63524,62.6979,-145.63524,0.7392582025416861,1.0497537681781022,0.3104955656364161,42.00096320458582
62.69847_-147.21310,62.69847,-147.2131,0.6555187664438535,0.8617898445224135,0.20627107807855993,31.46684559430191
62.69876_-146.66142,62.69876,-146.66142,0.6275743838112718,0.8319210683401932,0.20434668452892135,32.561348869582574
62.69880_-148.47116,62.6988,-148.47116,0.4191319740352496,0.5832754167115107,0.16414344267626113,39.16271075574311
62.70022_-147.84213,62.70022,-147.84213,0.47804735814340327,0.6488469554698587,0.17079959732645544,35.72859349956275
63.40485_-145.37433,63.40485,-145.37433,0.0,0.010362847576679265,0.010362847576679265,inf
63.40658_-148.20918,63.40658,-148.20918,0.6041414063281996,0.8139086948691443,0.20976728854094473,34.721554646593574
63.40664_-147.56277,63.40664,-147.56277,0.5330726183566906,0.745641773905874,0.21256915554918343,39.876209775034575
63.40776_-146.42886,63.40776,-146.42886,0.0,0.0,0.0,
63.40844_-146.99583,63.40844,-146.99583,0.3852322238869153,0.5534446305090206,0.1682124066221053,43.665196261329356
63.40957_-144.96562,63.40957,-144.96562,0.5066080717269861,0.7515604942829631,0.24495242255597705,48.35146461858651
63.41023_-145.94116,63.41023,-145.94116,0.26594962239013265,0.5079793012480744,0.2420296788579418,91.00583662529075
63.41080_-148.28882,63.4108,-148.28882,0.582365787136289,0.7668553961048074,0.1844896089685184,31.67933505773459
63.41083_-145.45338,63.41083,-145.45338,0.0,0.17089710487523796,0.17089710487523796,inf
63.41126_-147.64230,63.41126,-147.6423,0.45086105269052223,0.627888584146839,0.17702753145631678,39.26432110289888
62.79796_-145.51973,62.79796,-145.51973,0.6914520205874193,0.9465587890796948,0.25510676849227554,36.89435577548114
62.79977_-146.54987,62.79977,-146.54987,0.6097907318392086,0.8325452875281169,0.22275455568890823,36.52967223969629
62.79997_-147.10367,62.79997,-147.10367,0.6483632829441612,0.8918296235215,0.24346634057733874,37.550914276295735
62.80067_-144.64410,62.80067,-144.6441,0.7305407352400617,0.9860413223071969,0.2555005870671352,34.97417388821933
62.80136_-148.36664,62.80136,-148.36664,0.6816929937101768,0.9500487221650284,0.26835572845485167,39.366068146644864
62.80226_-147.73514,62.80226,-147.73514,0.5326159355952043,0.7200350407330978,0.1874191051378935,35.18841488068707
62.80270_-146.07346,62.8027,-146.07346,0.638405817176241,0.8926439613723531,0.2542381441961121,39.82390782725685
62.80318_-145.12051,62.80318,-145.12051,0.7329152332350365,1.0188908014026268,0.2859755681675903,39.01891449374222
62.80383_-145.59698,62.80383,-145.59698,0.6831288610962192,0.9298044357742286,0.24667557467800938,36.10966959911023
62.80486_-147.18127,62.80486,-147.18127,0.6697525426476578,0.9122699106773529,0.24251736802969504,36.20999586966527
62.81122_-147.89059,62.81122,-147.89059,0.7452982988986454,1.1043428370854995,0.3590445381868541,48.17460857181982
62.81345_-144.79828,62.81345,-144.79828,0.7158983811477246,0.9838323178939332,0.2679339367462086,37.426252636115514
62.81355_-148.60016,62.81355,-148.60016,0.8244978586997653,1.242651024193882,0.41815316549411663,50.716100846343615
62.81372_-146.22829,62.81372,-146.22829,0.5250790285790425,0.7343907860078756,0.209311757428833,39.86290558875831
62.81451_-147.33655,62.81451,-147.33655,0.48290075253315057,0.6595446589647581,0.17664390643160754,36.579753811727834
62.81533_-146.78241,62.81533,-146.78241,0.5276473065751063,0.734331009709767,0.20668370313466067,39.170806059111555
62.81536_-145.27493,62.81536,-145.27493,0.6679425222998292,0.906643905525677,0.23870138322584777,35.73681495886234
62.81544_-145.75162,62.81544,-145.75162,0.6300154825621679,0.8484083608448099,0.21839287828264198,34.66468433354599
62.81564_-147.96835,62.81564,-147.96835,0.761150831338913,1.1510872780351558,0.3899364466962427,51.22985230277152
62.81752_-148.67804,62.81752,-148.67804,0.8857586623981424,1.376333074728407,0.49057441233026466,55.38465872883046
63.59383_-145.46606,63.59383,-145.46606,0.5235376380662147,0.6947929182366691,0.17125528017045444,32.711168733353766
63.59390_-147.67068,63.5939,-147.67068,0.2365763197544813,0.49213562594202825,0.25555930618754696,108.02404334160165
63.59595_-146.52841,63.59595,-146.52841,0.0,0.19318915439016363,0.19318915439016363,inf
63.59605_-144.56303,63.59605,-144.56303,0.7871281410819153,1.1040127614413668,0.31688462035945153,40.258326925510566
63.59618_-147.09958,63.59618,-147.09958,0.0,0.009805125745826523,0.009805125745826523,inf
63.59744_-148.40207,63.59744,-148.40207,0.5189733473899205,0.70898040330469,0.19000705591476952,36.61210288936311
63.59846_-147.75079,63.59846,-147.75079,0.41510023275849867,0.650723234017786,0.2356230012592873,56.762917161834146
63.59879_-146.03711,63.59879,-146.03711,0.6534797963230508,0.8786906538946454,0.22521085757159465,34.46332370775555
63.59884_-145.05435,63.59884,-145.05435,0.5296996615482877,0.6741501112154832,0.14445044966719545,27.27025523198815
63.59975_-145.54572,63.59975,-145.54572,0.481528202760926,0.6664759043678681,0.18494770160694207,38.40848792376275
63.56061_-147.11066,63.56061,-147.11066,0.0,0.17663022244125068,0.17663022244125068,inf
63.56073_-144.57764,63.56073,-144.57764,0.6356581977384657,0.8509546635370306,0.21529646579856498,33.86984806686097
63.56176_-148.41133,63.56176,-148.41133,0.4234362523339918,0.5837713732069993,0.16033512087300755,37.86523236714763
63.56284_-147.76099,63.56284,-147.76099,0.19076919153533467,0.43233740634278583,0.24156821480745116,126.6285257400734
63.56331_-146.04968,63.56331,-146.04968,0.590437333299952,0.7895617993714841,0.1991244660715321,33.72491115333548
63.56347_-145.06827,63.56347,-145.06827,0.3400194584987718,0.47564799471587854,0.13562853621710674,39.88846309441336
63.56432_-145.55898,63.56432,-145.55898,0.3490558460739958,0.5505927485273849,0.20153690245338912,57.73772441291977
63.56551_-147.19058,63.56551,-147.19058,0.0,0.22037781840235035,0.22037781840235035,inf
63.56566_-146.62010,63.56566,-146.6201,0.0,0.0,0.0,
63.56586_-148.49149,63.56586,-148.49149,0.4744516647375733,0.6532723903989572,0.17882072566138396,37.68997749439714
63.68753_-148.05200,63.68753,-148.052,0.4439906442305693,0.609315988549611,0.16532534431904172,37.236222534722245
63.68784_-146.82526,63.68784,-146.82526,0.19143445000896114,0.35312397481781777,0.16168952480885662,84.4620833926641
63.68806_-145.26587,63.68806,-145.26587,0.7332672277280976,0.9493567507466527,0.2160895230185551,29.46940962956593
63.68814_-145.75899,63.68814,-145.75899,0.8411694360538173,1.166816150509118,0.3256467144553006,38.71356952566046
63.68888_-148.78609,63.68888,-148.78609,0.8507587242761685,1.199944360205373,0.3491856359292045,41.04402646311903
63.69150_-147.47882,63.6915,-147.47882,0.0,0.2576121685479932,0.2576121685479932,inf
63.69180_-146.33218,63.6918,-146.33218,0.6219203225272667,0.8096898489362467,0.18776952640898004,30.19189430021363
63.69185_-148.13249,63.69185,-148.13249,0.45967135257659575,0.6364761372651973,0.1768047846886015,38.46330290055225
63.69244_-144.85260,63.69244,-144.8526,0.9563489624209884,1.4340192356008066,0.47767027317981814,49.94727781902961
63.69292_-146.90552,63.69292,-146.90552,0.19757778182989597,0.37074450426983047,0.1731667224399345,87.64483578878414
63.66736_-147.07730,63.66736,-147.0773,0.12627773497286637,0.39158672420142826,0.2653089892285619,210.09957874645875
63.66881_-148.38345,63.66881,-148.38345,0.6957861434361361,0.9711827024679298,0.2753965590317937,39.58063287546218
63.66962_-145.02637,63.66962,-145.02637,0.855016447036054,1.1493018164504543,0.2942853694144003,34.418679363952755
63.66975_-146.01187,63.66975,-146.01187,1.1385118410780213,1.6535136182777714,0.5150017771997502,45.23464391131067
63.66975_-147.73035,63.66975,-147.73035,0.05612164991895417,0.2916273657915599,0.23550571587260571,419.63434113697986
63.67061_-145.51910,63.67061,-145.5191,0.6907945877961676,0.9594511180469372,0.2686565302507695,38.89094312505556
63.67229_-146.58469,63.67229,-146.58469,0.28648089660747134,0.43048910628701953,0.1440082096795482,50.267997407472684
63.67229_-147.15755,63.67229,-147.15755,0.16173411493941944,0.4184345775830301,0.2567004626436107,158.7175734320262
63.67292_-148.46393,63.67292,-148.46393,0.6940431064734224,0.9455777539601142,0.25153464748669185,36.24193441885646
63.67323_-144.61336,63.67323,-144.61336,1.5474647271897477,2.2297706665545887,0.682305939364841,44.09185730546075
62.85078_-146.77119,62.85078,-146.77119,0.6304631500174076,0.8911155884397318,0.2606524384223242,41.343009248855765
62.85080_-145.73901,62.8508,-145.73901,0.6402320668902258,0.8678473942345525,0.22761532734432666,35.55200358050069
62.85117_-147.95874,62.85117,-147.95874,0.5113161516983108,0.7133963836439614,0.2020802319456506,39.521581955596616
62.85313_-148.66940,62.85313,-148.6694,0.7350780959453934,1.069646747313286,0.3345686513678926,45.514708330085604
62.85455_-146.29388,62.85455,-146.29388,0.568066114880398,0.8115201423709768,0.24345402749057876,42.8566360698765
62.85474_-147.40387,62.85474,-147.40387,0.49212691998197206,0.6766431516889095,0.18451623170693748,37.493626992341085
62.85501_-144.86160,62.85501,-144.8616,0.719486671086266,0.9930926590007721,0.2736059879145062,38.02794393694904
62.85552_-148.03665,62.85552,-148.03665,0.6065444847431976,0.8874040499173041,0.2808595651741066,46.30485846277518
62.85587_-146.84888,62.85587,-146.84888,0.6427742096285539,0.888469338290361,0.2456951286618071,38.22417343156772
62.85653_-145.81648,62.85653,-145.81648,0.5995995796740565,0.8278288430171246,0.22822926334306803,38.06361296436096
63.27240_-148.40530,63.2724,-148.4053,0.44508147309185675,0.6069898199713093,0.16190834687945255,36.37723802671912
63.27345_-147.76227,63.27345,-147.76227,0.5936495268051257,0.8007204392258269,0.2070709124207012,34.88100353336512
63.27407_-146.07016,63.27407,-146.07016,0.4680492300524972,0.6516075507646637,0.1835583207121665,39.21773799127461
63.27442_-145.09976,63.27442,-145.09976,0.0,0.0755958268965373,0.0755958268965373,inf
63.27516_-145.58496,63.27516,-145.58496,0.34620482714801304,0.5576119034529268,0.21140707630491373,61.064161943221784
63.27617_-147.19826,63.27617,-147.19826,0.3482522055899304,0.524992044611386,0.17673983902145562,50.75052969788456
63.27636_-146.63419,63.27636,-146.63419,0.2427082423583689,0.4689117916427509,0.22620354928438197,93.19978056220396
63.27649_-148.48456,63.27649,-148.48456,0.4027163299559125,0.5719991841583207,0.16928285420240824,42.03525946438292
63.27794_-147.84140,63.27794,-147.8414,0.5883407002553303,0.7815570414631394,0.19321634120780917,32.840893231414455
63.27829_-144.69310,63.27829,-144.6931,0.0,0.3045342692032982,0.3045342692032982,inf
62.83807_-146.06128,62.83807,-146.06128,0.5392558615816282,0.7626730613618782,0.22341719978025,41.43064836142368
62.83844_-145.10706,62.83844,-145.10706,0.7119939510919882,0.9787934825908406,0.2667995314988525,37.472162662289605
62.83918_-145.58418,62.83918,-145.58418,0.6524240454104082,0.9106013782122162,0.258177332801808,39.57201372604242
62.84032_-147.17059,62.84032,-147.17059,0.6411035070114948,0.8482008932478111,0.20709738623631635,32.303268344561275
62.84042_-146.61592,62.84042,-146.61592,0.5483232826337443,0.7673952993185303,0.21907201668478604,39.953075789983636
62.84106_-148.43549,62.84106,-148.43549,0.7954816242552778,1.1791617862627963,0.38368016200751853,48.232435584758626
62.84229_-147.80304,62.84229,-147.80304,0.5498573461392429,0.739940445254385,0.1900830991151421,34.56952979709877
62.84231_-144.70715,62.84231,-144.70715,0.7330058057203184,1.0402833929672415,0.3072775872469231,41.92021193406021
62.84361_-146.13879,62.84361,-146.13879,0.558883395550407,0.798321629013947,0.23943823346353998,42.84225213521207
62.84457_-145.18436,62.84457,-145.18436,0.6837428858832715,0.9162855088721509,0.2325426229888794,34.010243878219896
63.90532_-147.41461,63.90532,-147.41461,0.5152553025945872,0.6741278443346626,0.15887254174007537,30.833751916781218
63.90599_-148.07382,63.90599,-148.07382,0.2989872171012295,0.45519320907377514,0.15620599197254564,52.24504026861398
63.90644_-146.83643,63.90644,-146.83643,0.7995791782388451,1.0318243914243888,0.2322452131855437,29.04593059777864
63.90672_-145.26352,63.90672,-145.26352,1.321105382295764,1.924656829199994,0.60355144690423,45.68533706640439
63.90683_-145.76091,63.90683,-145.76091,1.175270258846664,1.7052061174732396,0.5299358586265757,45.09055297175828
63.90722_-148.81427,63.90722,-148.81427,0.8058927716025471,1.1173988510469886,0.3115060794444414,38.653539331913876
63.91003_-147.49567,63.91003,-147.49567,0.49252779439412187,0.6544126676042191,0.16188487321009726,32.86817009164697
63.91029_-148.15500,63.91029,-148.155,0.3757217291273337,0.536265168419698,0.16054343929236425,42.72934644084835
63.91047_-146.33910,63.91047,-146.3391,0.8500479709722605,1.1135518692366213,0.2635038982643608,30.99870916261027
63.91109_-144.84666,63.91109,-144.84666,1.1837705778368526,1.7028366460982265,0.5190660682613739,43.848536023752374
62.95591_-148.56502,62.95591,-148.56502,0.5064690100372268,0.7023291587916611,0.19586014875443436,38.671694589968716
62.95647_-147.29451,62.95647,-147.29451,0.6330573286503043,0.8634264670435159,0.2303691383932116,36.389933102009095
62.95653_-145.22168,62.95653,-145.22168,0.5499130818612857,0.7405443545102666,0.19063127264898083,34.665709716116034
62.95682_-145.70096,62.95682,-145.70096,0.5317547681320207,0.7428530061151555,0.21109823798313476,39.69841939070768
62.95712_-146.73737,62.95712,-146.73737,0.5188631053842243,0.7094189083869054,0.19055580300268105,36.72564131565535
62.95778_-147.92978,62.95778,-147.92978,0.5036257773227242,0.707476214541028,0.20385043721830387,40.476569388877046
62.95990_-148.64333,62.9599,-148.64333,0.4028728061724325,0.5873606064441492,0.18448780027171674,45.79306357867069
62.96076_-146.25810,62.96076,-146.2581,0.5720221493784816,0.7729542313876618,0.20093208200918022,35.12662616779764
62.96079_-144.82001,62.96079,-144.82001,0.615257259153514,0.8256283317506147,0.21037107259710064,34.19237554166111
62.96126_-147.37262,62.96126,-147.37262,0.6173932742685226,0.84025111233012,0.2228578380615973,36.09657690645166
63.91879_-145.42477,63.91879,-145.42477,1.332593236579868,1.9989153631327845,0.6663221265529164,50.00191418223372
63.91932_-147.65788,63.91932,-147.65788,0.476665131194136,0.6582996741556064,0.1816345429614704,38.10527162044382
63.92121_-146.50085,63.92121,-146.50085,0.7987837997586569,1.0271445921406928,0.22836079238203588,28.588560815959514
63.92154_-147.07941,63.92154,-147.07941,0.8415282200894472,1.1065531077704593,0.2650248876810122,31.493285828589602
63.92292_-148.39873,63.92292,-148.39873,0.5185952517980124,0.7275295554964356,0.20893430369842325,40.288510736268954
63.92367_-145.00775,63.92367,-145.00775,1.1414913957205695,1.6228977538524871,0.4814063581319177,42.173454827316384
63.92390_-147.73904,63.9239,-147.73904,0.6465933947851774,0.9024510587741257,0.25585766398894827,39.570101713450654
63.92393_-146.00320,63.92393,-146.0032,1.0587565865829593,1.480838991499541,0.42208240491658167,39.865858712512406
63.92475_-145.50548,63.92475,-145.50548,1.3161779732502639,1.9957563690938909,0.679578395843627,51.63271302629595
63.92647_-147.16046,63.92647,-147.16046,0.7474269871706795,0.9595739975413765,0.21214701037069705,28.383643354083492
62.77903_-147.34698,62.77903,-147.34698,0.47387874774507693,0.6511296449800124,0.17725089723493542,37.40427231193063
62.77991_-146.79359,62.77991,-146.79359,0.5111179243110755,0.6918580774724145,0.18074015316133896,35.36173250135076
62.78006_-145.28815,62.78006,-145.28815,0.7259360627352192,1.017579985023722,0.2916439222885028,40.17487727357584
62.78008_-147.97794,62.78008,-147.97794,0.737787813475494,1.0391365142714952,0.3013487007960012,40.8449008362498
62.78011_-145.76421,62.78011,-145.76421,0.6325722756766659,0.8756809014244555,0.2431086257477897,38.431754772643984
62.78194_-148.68665,62.78194,-148.68665,0.8604252637166719,1.3161724212661468,0.4557471575494748,52.967663406446306
62.78378_-146.31758,62.78378,-146.31758,0.5325942978752354,0.7400776133330069,0.20748331545777154,38.957104175827325
62.78378_-147.42456,62.78378,-147.42456,0.5156204725812032,0.6995672451931799,0.18394677261197667,35.674838838562124
62.78444_-148.05563,62.78444,-148.05563,0.7035078550989132,1.0043246006034305,0.3008167455045173,42.75954324095251
62.78453_-144.88918,62.78453,-144.88918,0.7538792659770698,1.054114375396853,0.30023510941978315,39.825357052453434
63.72145_-144.75839,63.72145,-144.75839,1.6044419005139643,2.3226119816162036,0.7181700811022393,44.76136411497244
63.72188_-146.23972,63.72188,-146.23972,0.6820864395584512,0.8784272502716588,0.19634081071320764,28.785326804079105
63.72238_-147.38773,63.72238,-147.38773,0.038677932745357725,0.32694484420085546,0.2882669114554977,745.3007205771529
63.72319_-148.04218,63.72319,-148.04218,0.466446115032608,0.6546319832931476,0.18818586826053962,40.344610491049764
63.72340_-146.81371,63.7234,-146.81371,0.5984808543615145,0.7997436022113525,0.201262747849838,33.628936729238205
63.72348_-145.25217,63.72348,-145.25217,0.6229013661372347,0.803226411289595,0.18032504515236036,28.949213303319677
63.72363_-145.74594,63.72363,-145.74594,0.8596016654380086,1.1841169333586383,0.3245152679206297,37.7518193563845
63.72462_-148.77731,63.72462,-148.77731,0.7186756040194284,0.9855082637042597,0.2668326596848313,37.12838702085925
63.72712_-147.46820,63.72712,-147.4682,0.26633798174329054,0.4705423869866091,0.20420440524331857,76.6711544131699
63.72732_-146.31996,63.72732,-146.31996,0.6574999179840677,0.8532518476098732,0.19575192962580545,29.772160310831985
63.81120_-144.96992,63.8112,-144.96992,1.2465863536133492,1.8400603287603932,0.5934739751470439,47.60793132596094
63.81161_-148.34590,63.81161,-148.3459,0.39888133028925193,0.5789451018217878,0.1800637715325359,45.142190887189734
63.81174_-145.96097,63.81174,-145.96097,1.2206687370470184,1.7414688276441277,0.5208000905971093,42.66514532493092
63.81232_-147.68912,63.81232,-147.68912,0.2736254510464783,0.42554050105032204,0.15191505000384375,55.51934201399976
63.81240_-145.46544,63.8124,-145.46544,0.8398889528324607,1.2312965745631403,0.39140762173067967,46.60230622282715
63.81450_-146.53699,63.8145,-146.53699,0.6475899403183709,0.8345966819016889,0.18700674158331798,28.877338874563268
63.81462_-144.55460,63.81462,-144.5546,1.0951621477599844,1.6102074423945054,0.515045294634521,47.029135885309856
63.81470_-147.11307,63.8147,-147.11307,0.6328855566641017,0.8328405655878242,0.19995500892372242,31.594181099292605
63.81575_-148.42682,63.81575,-148.42682,0.4468338844536889,0.6260877811002501,0.17925389664656122,40.11645107571057
63.81688_-147.76993,63.81688,-147.76993,0.34189697379031336,0.4924006123091448,0.15050363851883142,44.020172758573715
62.76581_-148.37567,62.76581,-148.37567,0.6332913225956177,0.8869326498006874,0.2536413272050697,40.051287323106116
62.76674_-147.74503,62.76674,-147.74503,0.6245104941895161,0.8834866791902132,0.2589761850006971,41.46866824660712
62.76735_-146.08560,62.76735,-146.0856,0.7008268997301823,0.994895547452129,0.29406864772194674,41.96023980174889
62.76788_-145.13394,62.76788,-145.13394,0.7604990950477638,1.0746344128863274,0.31413531783856363,41.306468329043064
62.76852_-145.60977,62.76852,-145.60977,0.7013401789000216,0.9598931292750981,0.2585529503750764,36.8655551405296
62.76940_-147.19191,62.7694,-147.19191,0.697476373470303,0.9488309438219399,0.2513545703516369,36.03771825288058
62.76959_-146.63873,62.76959,-146.63873,0.6631052777175834,0.9097387189016153,0.24663344118403185,37.193708068943025
62.76991_-148.45337,62.76991,-148.45337,0.639419516871542,0.8877815720112796,0.24836205513973764,38.84180081879375
62.77123_-147.82263,62.77123,-147.82263,0.6656929343174409,0.9412695321963183,0.27557659787887734,41.39695401175258
62.77187_-144.73512,62.77187,-144.73512,0.7362680739425742,1.0070534495283083,0.2707853755857341,36.7780955292181
63.38597_-146.11200,63.38597,-146.112,0.0,0.26022131886203825,0.26022131886203825,inf
63.38663_-145.13736,63.38663,-145.13736,0.15910262378832002,0.4058876426525856,0.24678501886426557,155.11059025186387
63.38723_-145.62468,63.38723,-145.62468,0.512961734681463,0.7136940194638455,0.20073228478238248,39.13201925423003
63.38750_-148.53688,63.3875,-148.53688,0.5847489282206119,0.7993608732609097,0.2146119450402978,36.701554236851855
63.38766_-147.24500,63.38766,-147.245,0.5335537535223576,0.6993411147952499,0.1657873612728923,31.072288439246314
63.38806_-146.67847,63.38806,-146.67847,0.0,0.2787997124571986,0.2787997124571986,inf
63.38921_-147.89093,63.38921,-147.89093,0.5329004834159116,0.7239379323429931,0.19103744892708152,35.848616181115936
63.39059_-144.72891,63.39059,-144.72891,0.27024376025545993,0.4745350758718034,0.20429131561634345,75.5952016887376
63.39149_-146.19116,63.39149,-146.19116,0.0,0.19779959637694783,0.19779959637694783,inf
63.39151_-148.61650,63.39151,-148.6165,0.6328963773070742,0.8691198355840952,0.23622345827702107,37.32419188147891
62.84501_-145.66158,62.84501,-145.66158,0.6571308416238784,0.8915902451364188,0.23445940351254047,35.67925725920164
62.84513_-148.51343,62.84513,-148.51343,0.7698737925508818,1.1153997994349794,0.3455260068840975,44.880863620417536
62.84518_-147.24832,62.84518,-147.24832,0.5971339690391042,0.793138805307271,0.19600483626816678,32.824264977518155
62.84563_-146.69354,62.84563,-146.69354,0.6111900669197892,0.8788575149981557,0.2676674480783665,43.79446960375657
62.84674_-147.88087,62.84674,-147.88087,0.5060323501270634,0.6877293772309783,0.1816970271039149,35.90620778657555
62.84869_-144.78436,62.84869,-144.78436,0.734352224575321,1.045253172086527,0.310900947511206,42.33676117628721
62.84910_-146.21632,62.8491,-146.21632,0.574355906964287,0.8209630538892296,0.24660714692494268,42.93629506282357
62.84915_-148.59140,62.84915,-148.5914,0.7707958987918584,1.101351818189193,0.33055591939733464,42.88501274013605
62.84999_-147.32608,62.84999,-147.32608,0.5151786556905,0.6950972910557389,0.1799186353652389,34.92354222713125
62.85065_-145.26167,62.85065,-145.26167,0.6375166575063758,0.8537944035524441,0.2162777460460683,33.92503450686782
63.74841_-148.52615,63.74841,-148.52615,0.5821404951208978,0.7908911030390507,0.20875060791815292,35.859145630265765
63.74862_-146.64128,63.74862,-146.64128,0.6264217914325354,0.8258788382230688,0.19945704679053344,31.840694164614586
63.75005_-147.87100,63.75005,-147.871,0.6168448461320063,0.8349377480824023,0.218092901950396,35.35620072340259
63.75038_-144.66399,63.75038,-144.66399,1.5367560266853715,2.252891915506813,0.7161358888214415,46.600493271926496
63.75190_-146.14702,63.7519,-146.14702,0.8385832666439004,1.1051226483768777,0.2665393817329773,31.7844860892224
63.75245_-148.60690,63.75245,-148.6069,0.557238466233225,0.7626105347731225,0.20537206853989742,36.85532872993401
63.75278_-145.15829,63.75278,-145.15829,1.0175125904471969,1.3881649109726346,0.37065232052543773,36.427295741130436
63.75322_-147.29639,63.75322,-147.29639,0.11578510977246338,0.31429582102602527,0.1985107112535619,171.44753038077852
63.75329_-145.65266,63.75329,-145.65266,0.9003345670241824,1.2501593982442891,0.34982483122010677,38.854981696011095
63.75382_-146.72169,63.75382,-146.72169,0.6361829594747184,0.8540786588539122,0.21789569937919384,34.250477183341296
63.17915_-147.38809,63.17915,-147.38809,0.42973304006573154,0.6254559453995043,0.1957229053337728,45.54523089586856
63.18000_-148.02881,63.18,-148.02881,0.3235644204590816,0.49416891404819463,0.170604493589113,52.72659254285589
63.18019_-146.82614,63.18019,-146.82614,0.30687928252592905,0.4856912249951942,0.17881194246926513,58.26784427982909
63.18062_-145.29735,63.18062,-145.29735,0.3483066851079927,0.5248374378135562,0.1765307527055635,50.68256230879693
63.18062_-145.78078,63.18062,-145.78078,0.5169204546666646,0.7314799122656523,0.21455945759898776,41.50724848707063
63.18151_-148.74850,63.18151,-148.7485,0.3655302726891877,0.52913397719006,0.16360370450087225,44.757908366179386
63.18388_-147.46687,63.18388,-147.46687,0.6087047195448437,0.8428746208104448,0.2341699012656011,38.47019642638891
63.18418_-146.34274,63.18418,-146.34274,0.3725793760815529,0.5610708561057529,0.18849148002420002,50.59095916864212
63.18433_-148.10773,63.18433,-148.10773,0.4012284546311551,0.5840547572038799,0.1828263025727248,45.56663428589456
63.18509_-144.89218,63.18509,-144.89218,0.34106981133954095,0.5403349055117109,0.19926509417216998,58.4235507063972
63.18527_-146.90482,63.18527,-146.90482,0.344240312659752,0.5325903334291768,0.1883500207694248,54.71469024477399
63.18634_-145.85925,63.18634,-145.85925,0.5025967163362971,0.7053661921455752,0.20276947580927807,40.34436939568087
63.18664_-145.37570,63.18664,-145.3757,0.3534500943176274,0.5337334072559587,0.18028331293833133,51.00672367520151
63.18856_-147.54568,63.18856,-147.54568,0.6535242221488878,0.9292703352836458,0.27574611313475794,42.19370970337755
63.18860_-148.18665,63.1886,-148.18665,0.5091136120553127,0.6942705752895496,0.18515696323423692,36.368495921126645
63.18955_-146.42134,63.18955,-146.42134,0.46115974876990823,0.6553287217086342,0.19416897293872598,42.1044927395875
63.19030_-146.98352,63.1903,-146.98352,0.42114057774345376,0.6092556294326804,0.18811505168922665,44.667994876480584
63.19136_-144.97046,63.19136,-144.97046,0.3597458094972079,0.5585288612795778,0.19878305178236988,55.256530176180604
63.19201_-145.93774,63.19201,-145.93774,0.4590685132200731,0.6444378935589081,0.18536938033883504,40.37945862123868
63.19261_-145.45410,63.19261,-145.4541,0.44636563086764824,0.6394459968351626,0.19308036596751432,43.25610051835835
63.60643_-146.68826,63.60643,-146.68826,0.0,0.0,0.0,
63.60742_-147.91113,63.60742,-147.91113,0.5112957377111218,0.717295601727052,0.20599986401593018,40.289767510700145
63.60896_-144.72198,63.60896,-144.72198,0.5988287096436228,0.8090493856724628,0.21022067602883998,35.10531019027917
63.60960_-148.64290,63.6096,-148.6429,0.6648092431529989,0.91529794857112,0.25048870541812107,37.67828260481536
63.60987_-146.19676,63.60987,-146.19676,0.45918433697289274,0.6080760125254114,0.1488916755525187,32.42525137814278
63.61077_-147.33972,63.61077,-147.33972,0.0,0.0,0.0,
63.61115_-145.21356,63.61115,-145.21356,0.518148972221167,0.6909508719564992,0.17280189973533222,33.349848981573075
63.61145_-145.70517,63.61145,-145.70517,0.5867470145628954,0.7822562357716044,0.19550922120870906,33.32087191859956
63.61160_-146.76825,63.6116,-146.76825,0.0,0.0,0.0,
63.61183_-147.99133,63.61183,-147.99133,0.5722367338071134,0.769436069515459,0.19719933570834558,34.4611458960998
62.71404_-144.91656,62.71404,-144.91656,0.819570358935535,1.1331776663827102,0.31360730744717524,38.26484255171101
62.71412_-146.89314,62.71412,-146.89314,0.6985546484048535,0.9745574829590842,0.2760028345542307,39.51055728918016
62.71470_-148.78142,62.7147,-148.78142,0.666716264335134,0.9303983669498923,0.26368210261475833,39.54937305717428
62.71516_-145.86632,62.71516,-145.86632,0.7731336513443579,1.1272097446398381,0.3540760932954803,45.79752707436776
62.71550_-145.39145,62.7155,-145.39145,0.7367407917698716,1.049019772518067,0.3122789807481954,42.386546833928925
62.71731_-144.51855,62.71731,-144.51855,0.8391917283626522,1.2273292766336819,0.38813754827102964,46.25135534025403
62.71748_-147.52254,62.71748,-147.52254,0.6167263813782379,0.8164054112203523,0.19967902984211439,32.37724797760052
62.71767_-148.15201,62.71767,-148.15201,0.36525695232022903,0.5090277679616177,0.14377081564138872,39.36155485285372
62.71838_-146.41833,62.71838,-146.41833,0.7289598956939726,1.0374126799304717,0.30845278423649913,42.31409520037463
62.71914_-146.97046,62.71914,-146.97046,0.7012246317470505,0.9927505977179909,0.2915259659709404,41.57383422835911
63.58001_-144.81583,63.58001,-144.81583,0.939993727722462,1.2919857509159254,0.35199202319346334,37.44620977911363
63.58053_-148.08130,63.58053,-148.0813,0.6762009441358015,0.9681001802355824,0.29189923609978097,43.16752862166351
63.58114_-146.85968,63.58114,-146.85968,0.0,0.019705490443073716,0.019705490443073716,inf
63.58175_-148.81230,63.58175,-148.8123,0.820503006218749,1.2106380016878335,0.3901349954690845,47.54827130579374
63.58178_-145.79788,63.58178,-145.79788,0.716279835707273,0.9965403437863714,0.2802605080790983,39.127236885338526
63.58183_-145.30682,63.58183,-145.30682,0.5522923236174944,0.7459955570757756,0.19370323345828122,35.07259202690564
63.58463_-147.51053,63.58463,-147.51053,0.0,0.17122589717734255,0.17122589717734255,inf
63.58484_-148.16144,63.58484,-148.16144,0.7108166214024236,1.0450635802859807,0.33424695888355704,47.02295202721851
63.58527_-146.36870,63.58527,-146.3687,0.0,0.1689099677345663,0.1689099677345663,inf
63.58621_-146.93961,63.58621,-146.93961,0.0,0.07043073097234084,0.07043073097234084,inf
63.87085_-146.84802,63.87085,-146.84802,0.7396030031988153,0.9450293081932299,0.2054263049944146,27.775212391774623
63.87129_-145.27734,63.87129,-145.27734,1.4074269124774337,2.073477817184813,0.6660509047073795,47.32401368785526
63.87133_-145.77402,63.87133,-145.77402,1.1176615495530875,1.59511492636053,0.4774533768074425,42.71895879377428
63.87439_-147.50635,63.87439,-147.50635,0.416665039396234,0.550829359479585,0.134164320083351,32.19956257375493
63.87459_-148.16473,63.87459,-148.16473,0.28378776165916897,0.43908969403599307,0.1553019323768241,54.72467574670918
63.87490_-146.35139,63.8749,-146.35139,0.8018721578960135,1.0459330014198827,0.24406084352386914,30.43637830801439
63.87570_-144.86105,63.8757,-144.86105,1.2145740239465512,1.7700220005056417,0.5554479765590905,45.731916343333026
63.87593_-146.92886,63.87593,-146.92886,0.7724449216922772,0.9945407260138166,0.22209580432153941,28.75231593664575
63.87708_-145.85464,63.87708,-145.85464,1.191734120778393,1.6884521118285232,0.49671799105013026,41.68026931424049
63.87733_-145.35783,63.87733,-145.35783,1.3996628590532767,2.06967217355237,0.6700093144990933,47.8693358307931
63.99498_-145.97754,63.99498,-145.97754,1.082670506151827,1.5607816771576393,0.47811117100581235,44.1603579564737
63.99529_-147.71829,63.99529,-147.71829,1.0221578040113186,1.5695761944870927,0.5474183904757741,53.55517399833034
63.99570_-145.47839,63.9957,-145.47839,1.2386311527665361,1.8322806961651699,0.5936495433986337,47.9278711885045
63.99765_-146.55777,63.99765,-146.55777,0.7958743050559174,1.0226476340225812,0.2267733289666638,28.493611054666594
63.99776_-147.13806,63.99776,-147.13806,0.5599133847526814,0.7527415382324425,0.19282815347976112,34.438925507189836
63.99799_-144.56091,63.99799,-144.56091,1.239422558669759,1.8236719463607995,0.5842493876910406,47.13883764695237
63.99850_-148.46138,63.9985,-148.46138,0.7031107766809889,1.031169327249525,0.32805855056853617,46.658159915728454
63.99982_-147.79971,63.99982,-147.79971,0.8542115482461073,1.228840587689652,0.37462903944354464,43.85670507648183
64.00059_-146.05859,64.00059,-146.05859,1.0255016383654818,1.429187885674306,0.4036862473088243,39.36475888544152
64.00077_-145.06009,64.00077,-145.06009,1.322024207233379,1.960439774221572,0.638415566988193,48.29076226404472
62.88452_-146.20432,62.88452,-146.20432,0.5877354251935245,0.8215818342723238,0.23384640907879928,39.787700222732084
62.88474_-148.58264,62.88474,-148.58264,0.6390991928238319,0.8559542379516608,0.21685504512782894,33.93135957028272
62.88547_-147.31558,62.88547,-147.31558,0.5418373289003162,0.7220604013154028,0.18022307241508662,33.26147218037887
62.88594_-145.24838,62.88594,-145.24838,0.6347616787981749,0.8462227670535565,0.21146108825538157,33.313461621651626
62.88614_-145.72636,62.88614,-145.72636,0.6244435602835146,0.8543339032139543,0.22989034293043975,36.81523160012463
62.88621_-146.75995,62.88621,-146.75995,0.6571275593811573,1.0526565093382252,0.3955289499570679,60.19058922586552
62.88670_-147.94913,62.8867,-147.94913,0.4756119168417986,0.6691460491506727,0.19353413230887406,40.69160705517998
62.88871_-148.66074,62.88871,-148.66074,0.5384939909589195,0.741944054853741,0.20345006389482156,37.78130625608826
62.88996_-146.28198,62.88996,-146.28198,0.5526584317703381,0.7612617061018621,0.20860327433152392,37.7454250835009
62.89023_-147.39348,62.89023,-147.39348,0.5132395504277464,0.6875287979672798,0.17428924753953345,33.958654860927325
63.15298_-148.19608,63.15298,-148.19608,0.4853788536168174,0.6824247329140307,0.19704587929721334,40.59630489233702
63.15300_-147.55598,63.153,-147.55598,0.6173570179971504,0.8266878433738305,0.20933082537668013,33.90758009940471
63.15411_-146.43318,63.15411,-146.43318,0.5028746781987778,0.7046541779888059,0.20177949979002807,40.12520584905412
63.15479_-146.99460,63.15479,-146.9946,0.47603510769388807,0.6647438461491001,0.18870873845521202,39.64176914795121
63.15606_-144.98428,63.15606,-144.98428,0.4243754808022288,0.6135647054553612,0.18918922465313243,44.580620985805744
63.15659_-145.95026,63.15659,-145.95026,0.4377116505222253,0.6190647577550592,0.18135310723283388,41.43209508279366
63.15720_-148.27490,63.1572,-148.2749,0.49362904084150916,0.6715561734798879,0.17792713263837878,36.04470521731446
63.15725_-145.46725,63.15725,-145.46725,0.5043230561531249,0.7093054893371444,0.20498243318401954,40.645064841489585
63.15763_-147.63474,63.15763,-147.63474,0.46672449349593903,0.6594507785394328,0.19272628504349376,41.293372798993815
63.15942_-146.51172,63.15942,-146.51172,0.5546743616255249,0.7577231973207539,0.20304883569522902,36.606854353277754
62.92824_-148.73027,62.92824,-148.73027,0.33650393186816563,0.5217942631010244,0.18529033123285876,55.063348057832265
62.93045_-147.46107,62.93045,-147.46107,0.5009280500770599,0.6747575419868178,0.17382949190975794,34.70148894297635
62.93078_-146.34787,62.93078,-146.34787,0.5767784108951842,0.7879849300019878,0.21120651910680355,36.61831218318352
62.93095_-148.09570,62.93095,-148.0957,0.6420252622117613,0.8899125994389834,0.24788733722722212,38.61021548797883
62.93181_-144.91139,62.93181,-144.91139,0.6163433208102499,0.8209779858068461,0.20463466499659622,33.20140870961039
62.93186_-146.90448,62.93186,-146.90448,0.6408808085681549,0.8825070866821666,0.24162627811401172,37.70221777335618
62.93213_-148.80850,62.93213,-148.8085,0.3464947914853125,0.5436113065228747,0.19711651503756222,56.8887382672007
62.93294_-145.86906,62.93294,-145.86906,0.643419742590226,0.8678621021990989,0.22444235960887282,34.88272814031651
62.93328_-145.39021,62.93328,-145.39021,0.5777562340030262,0.7688169839024314,0.19106074989940514,33.06943978356179
62.93513_-147.53912,62.93513,-147.53912,0.44261091680718484,0.6032923169963633,0.16068140018917848,36.30308112331904
63.09896_-146.69182,63.09896,-146.69182,0.45668233447551365,0.6364526814992851,0.17977034702377148,39.36441886464308
63.10003_-147.89078,63.10003,-147.89078,0.46757532189572193,0.658142334801216,0.19056701290549405,40.75643088537382
63.10186_-144.76398,63.10186,-144.76398,0.36628275370560237,0.5486000315742298,0.1823172778686274,49.7750101592727
63.10236_-148.60823,63.10236,-148.60823,0.379707904384015,0.5732647041933414,0.19355679980932639,50.97518318016736
63.10243_-146.20993,63.10243,-146.20993,0.4349155169108948,0.6238015465457118,0.18888602963481704,43.43051059121348
63.10330_-147.33054,63.1033,-147.33054,0.4144209635032005,0.6053794131564536,0.1909584496532531,46.07837596800972
63.10387_-145.24594,63.10387,-145.24594,0.4996379581577258,0.6843287724065603,0.1846908142488345,36.964928551431484
63.10407_-145.72795,63.10407,-145.72795,0.4567748902747034,0.6468280308971649,0.19005314062246148,41.607615626192576
63.10412_-146.77023,63.10412,-146.77023,0.4799464294393768,0.6687990133324502,0.18885258389307336,39.34867983363709
63.10444_-147.96939,63.10444,-147.96939,0.47599202373857163,0.6671801688159016,0.19118814507732995,40.166249756810195
63.23306_-146.00385,63.23306,-146.00385,0.4553773999258909,0.6294181909747055,0.17404079104881465,38.21902252442445
63.23333_-147.69330,63.23333,-147.6933,0.6039219053578412,0.8115527935663442,0.20763088820850306,34.38042011168245
63.23390_-145.51942,63.2339,-145.51942,0.4101366868178089,0.6081436903325523,0.19800700351474343,48.27829596299981
63.23565_-146.56699,63.23565,-146.56699,0.4442050437043009,0.6230877964734659,0.178882752769165,40.2703110431686
63.23573_-147.13016,63.23573,-147.13016,0.3224523130445063,0.49459705567074164,0.17214474262623536,53.38610878640997
63.23655_-144.62898,63.23655,-144.62898,0.0,0.008156732701721497,0.008156732701721497,inf
63.23677_-148.41446,63.23677,-148.41446,0.44492140854098017,0.6244710090429697,0.17954960050198954,40.35535199144095
63.23786_-147.77229,63.23786,-147.77229,0.5728989734972572,0.778583446865672,0.2056844733684149,35.90239865727384
63.23864_-146.08252,63.23864,-146.08252,0.4252173488061055,0.6034966299237735,0.178279281117668,41.926624494091705
63.23909_-145.11346,63.23909,-145.11346,0.0,0.2798705577138272,0.2798705577138272,inf
63.50498_-145.25459,63.50498,-145.25459,0.0,0.20426498575631163,0.20426498575631163,inf
63.50511_-145.74417,63.50511,-145.74417,0.3974345565345888,0.6018351767206255,0.20440062018603666,51.43000698487265
63.50644_-148.74963,63.50644,-148.74963,0.5107948227530609,0.7140771591210878,0.20328233636802695,39.79725856898553
63.50874_-147.45169,63.50874,-147.45169,0.25151574016611467,0.5111014745759989,0.2595857344098842,103.20854441890582
63.50884_-146.31328,63.50884,-146.31328,0.00866018488585698,0.30811429725515865,0.2994541123693017,3457.825858410283
63.50924_-148.10069,63.50924,-148.10069,0.35682844120658164,0.5471804534110646,0.19035201220448295,53.345526931885146
63.50932_-144.84427,63.50932,-144.84427,0.8867152158532416,1.2718192591469333,0.38510404329369163,43.430408817686214
63.51005_-146.88249,63.51005,-146.88249,0.24731196991850243,0.48022793425821486,0.23291596433971243,94.17900978123542
63.51086_-145.82362,63.51086,-145.82362,0.9341689968815989,1.5608667210650498,0.6266977241834508,67.08611892232187
63.51104_-145.33394,63.51104,-145.33394,0.159333700277204,0.38157072492341404,0.22223702464621004,139.47898295186062
62.91614_-147.22710,62.91614,-147.2271,0.6044141794713118,0.8099147131173341,0.20550053364602228,33.99995245408968
62.91629_-148.49567,62.91629,-148.49567,0.6275801643413639,0.8528146578386077,0.22523449349724378,35.889358251726144
62.91650_-146.67081,62.9165,-146.67081,0.5859328365327385,0.7978859587800113,0.2119531222472728,36.17362076880804
62.91781_-147.86139,62.91781,-147.86139,0.48202306128306505,0.6717103945437343,0.18968733326066922,39.352335706875344
62.91916_-144.75647,62.91916,-144.75647,0.6600931231306776,0.9113495899187349,0.25125646678805735,38.063790999124905
62.91990_-146.19229,62.9199,-146.19229,0.5702771497602773,0.782213199777595,0.21193605001731763,37.16369314576385
62.92032_-148.57384,62.92032,-148.57384,0.5502399707103247,0.7472985048383326,0.1970585341280079,35.813198716483264
62.92096_-147.30507,62.92096,-147.30507,0.5787641746012456,0.7732722010914788,0.19450802649023313,33.60747520771209
62.92123_-145.23505,62.92123,-145.23505,0.6111815801171501,0.8246473303978771,0.213465750280727,34.926731633471405
62.92148_-145.71368,62.92148,-145.71368,0.56272834802144,0.7669617820555856,0.20423343403414562,36.29343265755723
63.83585_-145.29111,63.83585,-145.29111,1.2953703633390892,1.933292063851615,0.6379217005125257,49.24627879150705
63.83874_-147.51697,63.83874,-147.51697,0.4071389923689227,0.5501202259664049,0.14298123359748216,35.118531085797336
63.83887_-148.17444,63.83887,-148.17444,0.35376884094312633,0.5344562350657461,0.1806873941226198,51.07498830052928
63.83935_-146.36365,63.83935,-146.36365,0.7292295427430153,0.9363367552089257,0.20710721246591035,28.400825847903988
63.84031_-144.87541,63.84031,-144.87541,1.2295356554136303,1.7750168307551315,0.5454811753415012,44.364811458679895
63.84033_-146.94032,63.84033,-146.94032,0.647077675372995,0.8421421384846057,0.19506446311161074,30.145447839653833
63.84156_-145.86760,63.84156,-145.8676,1.165207227317043,1.6645295960358442,0.4993223687188011,42.852666634116204
63.84188_-145.37149,63.84188,-145.37149,1.1803506299436766,1.828173118482537,0.6478224885388604,54.88390246970706
63.84312_-148.25543,63.84312,-148.25543,0.37880937772489454,0.5606719217718855,0.18186254404699098,48.00898677304296
63.84340_-147.59784,63.8434,-147.59784,0.307610759967724,0.4590911505259971,0.15148039055827306,49.244178121131746
62.73901_-145.69962,62.73901,-145.69962,0.6664683778246219,0.9215953476178775,0.25512696979325566,38.2804313425942
62.73935_-146.72742,62.73935,-146.72742,0.6223135366575381,0.8490791129159916,0.2267655762584535,36.439119977434075
62.74016_-147.90994,62.74016,-147.90994,0.5728210349130383,0.7894379344027991,0.21661689948976082,37.815807431486185
62.74241_-148.61757,62.74241,-148.61757,0.6306840031334037,0.8551482414823717,0.224464238348968,35.590602779485565
62.74297_-144.82596,62.74297,-144.82596,0.8223401403325817,1.1481087908688645,0.3257686505362828,39.61483023369516
62.74297_-146.25212,62.74297,-146.25212,0.6879683899019144,0.9616942557331367,0.27372586583122227,39.7875643487411
62.74353_-147.35739,62.74353,-147.35739,0.5008623571340314,0.6685158479528003,0.1676534908187689,33.47296686021558
62.74449_-146.80475,62.74449,-146.80475,0.6309935645309221,0.8634156423395345,0.23242207780861235,36.834302419770935
62.74455_-147.98749,62.74455,-147.98749,0.6018636847051916,0.8054226334835347,0.20355894877834313,33.82143730403863
62.74478_-145.30133,62.74478,-145.30133,0.7586619580410191,1.0903118168063126,0.3316498587652935,43.71510331448067
62.96774_-148.80002,62.96774,-148.80002,0.3505550862302971,0.5456985653842115,0.1951434791539144,55.666994095676856
62.96831_-145.85655,62.96831,-145.85655,0.6244883954301226,0.8451738286200177,0.22068543318989509,35.33859633018414
62.96861_-145.37706,62.96861,-145.37706,0.5563450187052277,0.7475717430383793,0.19122672433315158,34.37196665806235
62.97066_-147.52888,62.97066,-147.52888,0.495104840438237,0.6663134982662778,0.17120865782804084,34.58028357721109
62.97079_-148.16449,62.97079,-148.16449,0.5417463563895935,0.7257660066839895,0.18401965029439604,33.9678611815267
62.97155_-146.41394,62.97155,-146.41394,0.5838407881599609,0.7843816164010758,0.20054082824111497,34.34854712243413
62.97235_-146.97144,62.97235,-146.97144,0.6313884185404048,0.8763894229400571,0.24500100439965222,38.80353158298765
62.97336_-144.97519,62.97336,-144.97519,0.5510955529125179,0.7487943019632979,0.19769874905078,35.87376962233682
62.97397_-145.93439,62.97397,-145.93439,0.5820371932436186,0.7883844273835025,0.20634723413988387,35.45258559679618
62.97457_-145.45480,62.97457,-145.4548,0.5641533679173771,0.762475261616472,0.19832189369909492,35.153896967985496
62.94886_-147.77344,62.94886,-147.77344,0.4415759070122173,0.6241192412408136,0.18254333422859637,41.33906115116599
62.94977_-146.10239,62.94977,-146.10239,0.6027245792355287,0.8075444189561223,0.2048198397205936,33.98232738083765
62.95042_-145.14406,62.95042,-145.14406,0.540761001060369,0.7296845983707654,0.18892359731039643,34.93661653483506
62.95101_-145.62323,62.95101,-145.62323,0.5777006188604081,0.7750921097297343,0.19739149086932617,34.16847488560897
62.95165_-147.21645,62.95165,-147.21645,0.6290401168137278,0.8491472406626683,0.2201071238489405,34.99095176375196
62.95187_-148.48674,62.95187,-148.48674,0.5350433510450062,0.748350381994235,0.21330703094922876,39.86724263232383
62.95195_-146.65939,62.95195,-146.65939,0.5450831039743098,0.7296104478775511,0.18452734390324133,33.85306617611435
62.95335_-147.85159,62.95335,-147.85159,0.4279906502596636,0.6147142974588428,0.18672364719917917,43.62797343490873
62.95443_-144.74246,62.95443,-144.74246,0.6384092900190527,0.8831316418299247,0.24472235181087199,38.33314389951445
62.95530_-146.18024,62.9553,-146.18024,0.567789337808638,0.7656891944045031,0.19789985659586506,34.85445101164672
63.63421_-145.04037,63.63421,-145.04037,0.745088693390687,0.9811030024135604,0.23601430902287346,31.676001946672873
63.63426_-146.02451,63.63426,-146.02451,0.8463223156164632,1.1963494634685548,0.35002714785209155,41.35861023552604
63.63517_-145.53244,63.63517,-145.53244,0.5766757607646571,0.7810556309772274,0.2043798702125703,35.44103708149063
63.63670_-147.16858,63.6367,-147.16858,0.0,0.0,0.0,
63.63675_-146.59653,63.63675,-146.59653,0.0,0.17318332618192078,0.17318332618192078,inf
63.63723_-148.47313,63.63723,-148.47313,0.5672327053367255,0.7744838652427957,0.20725115990607013,36.53723735535311
63.63789_-144.62793,63.63789,-144.62793,0.9205108528354045,1.3761070217757911,0.4555961689403867,49.493840027745044
63.63860_-147.82086,63.6386,-147.82086,0.2379897018692011,0.44725166093710544,0.20926195906790435,87.92899752566375
63.63984_-146.10443,63.63984,-146.10443,0.639260431653236,0.8401446256053839,0.20088419395214796,31.424468652412497
63.64041_-145.12007,63.64041,-145.12007,0.6351515695562134,0.820053167830021,0.1849015982738076,29.111413265183323
62.99551_-148.63458,62.99551,-148.63458,0.38274041715306556,0.5648538760094652,0.18211345885639968,47.58145486985997
62.99605_-144.80606,62.99605,-144.80606,0.6123073589894406,0.8228981819675032,0.21059082297806264,34.392992324251054
62.99617_-146.24611,62.99617,-146.24611,0.5745720463451189,0.781153267752265,0.20658122140714608,35.95392827082685
62.99677_-147.36212,62.99677,-147.36212,0.6921091590611216,0.9938385901619629,0.30172943110084127,43.5956419808331
62.99770_-146.80411,62.9977,-146.80411,0.4679819824131751,0.6504261658014228,0.18244418338824764,38.985300768945
62.99775_-147.99838,62.99775,-147.99838,0.5439714352921013,0.7266536620531794,0.18268222676107804,33.583055085049
62.99792_-145.28606,62.99792,-145.28606,0.5872088159091599,0.7939591678047,0.20675035189554014,35.20899998332519
62.99795_-145.76610,62.99795,-145.7661,0.6389221015682192,0.9027658367765998,0.26384373520838067,41.29513356335342
62.99945_-148.71301,62.99945,-148.71301,0.30574192402884903,0.4876818724672757,0.18193994843842665,59.50768741196881
63.00150_-147.44037,63.0015,-147.44037,0.6912678146056905,0.9704674150933097,0.27919960048761916,40.38949804814489
63.35185_-148.54588,63.35185,-148.54588,0.43559527338091897,0.5956309871380743,0.1600357137571553,36.73954322667946
63.35210_-147.25580,63.3521,-147.2558,0.5804577306598867,0.7784392162335748,0.1979814855736881,34.10782131346844
63.35255_-146.69006,63.35255,-146.69006,0.19464590282954977,0.44055633049454124,0.24591042766499147,126.33732541513278
63.35361_-147.90085,63.35361,-147.90085,0.5542124290317649,0.7435537201001876,0.18934129106842268,34.16402829492849
63.35529_-144.74319,63.35529,-144.74319,0.47199544013537864,0.6937651389199476,0.22176969878456898,46.98555958950802
63.35586_-148.62540,63.35586,-148.6254,0.5356910798552792,0.7287723073145065,0.1930812274592273,36.0433904390175
63.35601_-146.20341,63.35601,-146.20341,0.09233796282892506,0.3706394458135128,0.2783014829845878,301.39443676074825
63.35691_-147.33508,63.35691,-147.33508,0.5461953781113391,0.7373823294341068,0.19118695132276764,35.00339969625213
63.35738_-145.22992,63.35738,-145.22992,0.0,0.19014570407506046,0.19014570407506046,inf
63.35764_-145.71667,63.35764,-145.71667,0.7129948937120746,1.039621451248299,0.3266265575362245,45.810504453363535
62.94185_-147.06039,62.94185,-147.06039,0.6064843545804411,0.8085362310400954,0.20205187645965428,33.31526607960586
62.94365_-148.33025,62.94365,-148.33025,0.5331594751395586,0.7258286400800908,0.1926691649405322,36.13724859529122
62.94421_-146.02458,62.94421,-146.02458,0.599709987086674,0.8052435260787865,0.20553353899211246,34.27215544476291
62.94427_-145.06647,62.94427,-145.06647,0.5650939728055697,0.761769787052978,0.19667581424740832,34.80408988808628
62.94434_-147.69531,62.94434,-147.69531,0.42233641994118776,0.6098241546145989,0.18748773467341118,44.39298289726462
62.94515_-145.54553,62.94515,-145.54553,0.6502598310684343,0.8855933219627107,0.23533349089427635,36.19068557681053
62.94673_-146.58147,62.94673,-146.58147,0.5534008851333578,0.7414081784854017,0.1880072933520439,33.97307420401725
62.94677_-147.13841,62.94677,-147.13841,0.6003198239602657,0.8138396924184834,0.2135198684582177,35.56768574618157
62.94778_-148.40848,62.94778,-148.40848,0.5291031469494638,0.7341699342326062,0.20506678728314243,38.75743103503577
62.94803_-144.66495,62.94803,-144.66495,0.6106050263918835,0.839351014759022,0.22874598836713844,37.46218561593208
62.92167_-146.74866,62.92167,-146.74866,0.6099065493393608,0.8308681791284473,0.2209616297890865,36.22876816594738
62.92223_-147.93945,62.92223,-147.93945,0.5239811881641359,0.7251011244196207,0.20111993625548485,38.38304519292867
62.92431_-148.65204,62.92431,-148.65204,0.43673740291130425,0.6196124255362134,0.18287502262490918,41.87299310887022
62.92537_-146.27007,62.92537,-146.27007,0.57787373900988,0.7810762300879961,0.20320249107811605,35.16382167258199
62.92551_-144.83391,62.92551,-144.83391,0.634457652614574,0.8515282057345971,0.2170705531200231,34.21356054663132
62.92573_-147.38306,62.92573,-147.38306,0.5520600751816032,0.7373895663047224,0.18532949112311925,33.57052963160832
62.92662_-148.01756,62.92662,-148.01756,0.60570339614672,0.8634630000106743,0.25775960386395436,42.55541664513254
62.92679_-146.82655,62.92679,-146.82655,0.6262463734504491,0.8486827709568721,0.22243639750642297,35.518991715809584
62.92723_-145.79135,62.92723,-145.79135,0.6351277407265185,0.8909465491810409,0.25581880845452243,40.27832387889293
62.92728_-145.31262,62.92728,-145.31262,0.6041043738193959,0.8041719091104327,0.20006753529103682,33.1180411798921
62.81915_-146.30576,62.81915,-146.30576,0.5521817557757627,0.782405057511321,0.23022330173555827,41.69339159207035
62.81926_-147.41422,62.81926,-147.41422,0.4838117783080583,0.6609248842175333,0.17711310590947493,36.60785327071996
62.81977_-144.87541,62.81977,-144.87541,0.7352738524391407,1.029690936656374,0.29441708421723334,40.04182703363608
62.81999_-148.04614,62.81999,-148.04614,0.7685085278445714,1.1802546771596636,0.41174614931509224,53.57730388105293
62.82043_-146.85999,62.82043,-146.85999,0.5081349284353291,0.7071007655648185,0.19896583712948934,39.156103230721314
62.82117_-145.82898,62.82117,-145.82898,0.6107551780393323,0.846734184375328,0.23597900633599567,38.63725021432381
62.82139_-145.35219,62.82139,-145.35219,0.6583683887453843,0.9002328355532341,0.2418644468078498,36.73694711691084
62.82143_-148.75595,62.82143,-148.75595,0.7505875263887185,1.1121539857585885,0.36156645936987,48.17112550610385
62.82395_-147.49194,62.82395,-147.49194,0.5007073301103004,0.6781273051183009,0.17741997500800044,35.43386811791166
62.82430_-148.12396,62.8243,-148.12396,0.8574249042872224,1.327558418897164,0.4701335146099417,54.830867666570036
63.03927_-145.35062,63.03927,-145.35062,0.5304189651735124,0.7181209268362584,0.187701961662746,35.387490641731546
63.04171_-147.50833,63.04171,-147.50833,0.6821505717648582,0.9742016469350019,0.2920510751701437,42.813285989711915
63.04196_-148.14566,63.04196,-148.14566,0.4240859083077248,0.6127678750296957,0.18868196672197085,44.49144926198765
63.04241_-146.39035,63.04241,-146.39035,0.555938507251025,0.7666635729102153,0.21072506565919025,37.9043838321566
63.04330_-146.94934,63.0433,-146.94934,0.551482772866225,0.74489029177121,0.19340751890498498,35.07045522016704
63.04391_-144.94768,63.04391,-144.94768,0.5053508143849663,0.6779745675940048,0.17262375320903844,34.15919165364935
63.04475_-145.90948,63.04475,-145.90948,0.6054027493114051,0.8496291437776378,0.24422639446623262,40.34114393170822
63.04525_-145.42857,63.04525,-145.42857,0.550100621337394,0.7432735341277141,0.19317291279032012,35.11592339610195
63.04622_-148.22417,63.04622,-148.22417,0.448675299887596,0.6322917840326145,0.18361648414501852,40.92413471189943
63.04636_-147.58672,63.04636,-147.58672,0.5987094938164992,0.8209522120560391,0.2222427182395399,37.120292985976256
62.98746_-148.47778,62.98746,-148.47778,0.38438756723469714,0.5800267939661377,0.19563922673144052,50.896346138060245
62.98891_-147.84177,62.98891,-147.84177,0.4417062334685476,0.6300429448950254,0.18833671142647784,42.638454510261894
62.98968_-144.72839,62.98968,-144.72839,0.6418868074070483,0.8870334393291074,0.2451466319220591,38.191567281519305
62.99069_-146.16814,62.99069,-146.16814,0.5725603409661011,0.7718899180741228,0.19932957710802168,34.813724047265644
62.99150_-148.55618,62.9915,-148.55618,0.47724370946397193,0.6806863366176176,0.20344262715364564,42.62866605033878
62.99185_-145.20828,62.99185,-145.20828,0.5180850814407025,0.7103952479328481,0.1923101664921456,37.119417906681505
62.99197_-147.28394,62.99197,-147.28394,0.6798840972852371,0.9769673593858497,0.29708326210061253,43.69616281464146
62.99218_-145.68823,62.99218,-145.68823,0.5404413979143856,0.7591221023345021,0.21868070442011645,40.46335185720893
62.99257_-146.72601,62.99257,-146.72601,0.4780133450942939,0.6479268792240883,0.16991353412979443,35.545772073848056
62.99335_-147.92006,62.99335,-147.92006,0.5487213966134145,0.7593060529808418,0.2105846563674273,38.377336416459904
63.76274_-147.45753,63.76274,-147.45753,0.4813947357219994,0.6512727868546256,0.16987805113262622,35.28872223287649
63.76287_-146.30768,63.76287,-146.30768,0.6349276257877293,0.8181839859885973,0.183256360200868,28.862558937092892
63.76317_-144.82396,63.76317,-144.82396,1.4745520086199488,2.2022117850868295,0.7276597764668806,49.347854277985505
63.76321_-148.11304,63.76321,-148.11304,0.40931954329450726,0.5942725853563338,0.1849530420618265,45.18549018529319
63.76407_-146.88261,63.76407,-146.88261,0.8371738083825928,1.106679005164305,0.26950519678171214,32.19226331296629
63.76486_-145.81313,63.76486,-145.81313,0.8802490296936427,1.2109387559347018,0.3306897262410591,37.5677467495932
63.76497_-145.31853,63.76497,-145.31853,0.5841858697045987,0.7609855053113993,0.17679963560680056,30.264277993612136
63.76744_-147.53815,63.76744,-147.53815,0.38616517906142867,0.5518466571941634,0.1656814781327347,42.90430290359742
63.76748_-148.19379,63.76748,-148.19379,0.3994792487514291,0.5857722584552887,0.1862930097038596,46.633964163624945
63.76828_-146.38808,63.76828,-146.38808,0.6536819010235737,0.8423230867755706,0.18864118575199684,28.85825436754656
63.85846_-146.10934,63.85846,-146.10934,0.8972762532813875,1.2187305418188412,0.3214542885374537,35.82556513246373
63.85904_-145.11646,63.85904,-145.11646,1.367948553732769,2.054316615117052,0.6863680613842831,50.17499082925061
63.85961_-148.57965,63.85961,-148.57965,0.6589618308043201,0.9361017812525971,0.277139950448277,42.0570566446927
63.85971_-145.61290,63.85971,-145.6129,1.0972601739413699,1.5548451258957194,0.45758495195434956,41.70250254419603
63.86008_-147.26358,63.86008,-147.26358,0.7687142591206102,1.0140150033213242,0.24530074420071402,31.910523486494434
63.86055_-146.68643,63.86055,-146.68643,0.581641108103377,0.766231255323125,0.18459014721974798,31.736090287989093
63.86152_-147.92162,63.86152,-147.92162,0.777660796266193,1.0937888774069324,0.3161280811407394,40.65115313239076
63.86293_-144.70035,63.86293,-144.70035,1.375885685738372,2.1059895972786085,0.7301039115402363,53.06428572577412
63.86361_-148.66077,63.86361,-148.66077,0.7800782979505991,1.1547772759094477,0.37469897795884854,48.03350880844239
63.86399_-146.18999,63.86399,-146.18999,0.8552858139423688,1.1328997137119394,0.2776138997695706,32.45861152424971
63.11312_-148.12674,63.11312,-148.12674,0.41307426373119505,0.5960301180903564,0.1829558543591614,44.29127409356554
63.11329_-146.36661,63.11329,-146.36661,0.44112175474370563,0.633518646942765,0.19239689219905942,43.615371522731444
63.11429_-146.92714,63.11429,-146.92714,0.5042543277681439,0.6926824080501379,0.18842808028199398,37.36766744590702
63.11451_-144.92001,63.11451,-144.92001,0.4229145757286753,0.5969682303427271,0.17405365461405176,41.155747425862536
63.11553_-145.88443,63.11553,-145.88443,0.4762410785915593,0.673923240454375,0.19768216186281573,41.508843052229594
63.11592_-145.40221,63.11592,-145.40221,0.43976373756481135,0.6319835705512178,0.19221983298640644,43.7097960943352
63.11739_-148.20544,63.11739,-148.20544,0.4206899522812687,0.6070348852429757,0.18634493296170695,44.2950757324289
63.11744_-147.56625,63.11744,-147.56625,0.6110960689721083,0.8115177460161935,0.2004216770440852,32.797081706187974
63.11779_-144.51584,63.11779,-144.51584,0.34670461874131486,0.538742073406342,0.19203745466502709,55.389355746746226
63.11865_-146.44499,63.11865,-146.44499,0.5428953833036667,0.7586104222154221,0.21571503891175536,39.73418186006122
63.00782_-146.96040,63.00782,-146.9604,0.5937468884363596,0.8105348167904012,0.2167879283540416,36.51184243254824
63.00864_-144.96146,63.00864,-144.96146,0.5124543894553091,0.6897636990691046,0.17730930961379554,34.600017730799166
63.00935_-145.92197,63.00935,-145.92197,0.5419352779314055,0.7468154453188816,0.20488016738747605,37.80528334850502
63.00992_-145.44171,63.00992,-145.44171,0.5666105818472071,0.7710123133711844,0.20440173152397723,36.07446420389947
63.01064_-148.23349,63.01064,-148.23349,0.5164148037013041,0.7171814654416349,0.20076666174033075,38.877015201999285
63.01083_-147.59691,63.01083,-147.59691,0.49641423875881435,0.6770778601774958,0.18066362141868147,36.393722684183096
63.01204_-144.55893,63.01204,-144.55893,0.6795898627567063,0.9637236803643102,0.2841338176076039,41.809602111343445
63.01232_-146.48024,63.01232,-146.48024,0.5858853811512816,0.7849765759946563,0.19909119484337467,33.98125320214591
63.01280_-147.03859,63.0128,-147.03859,0.6150990137691169,0.8235198637735114,0.20842085000439448,33.884113831895554
63.01483_-148.31190,63.01483,-148.3119,0.49283001819328354,0.6706278520587909,0.1777978338655074,36.0769083257783
63.97301_-147.97267,63.97301,-147.97267,0.6099128110708648,0.8158036365129999,0.2058908254421351,33.757419372883604
63.97481_-148.71509,63.97481,-148.71509,0.7564846855479163,1.0611283093934878,0.30464362384557153,40.27095718731179
63.97553_-144.73705,63.97553,-144.73705,1.518513542241415,2.294538733798089,0.776025191556674,51.10426545233276
63.97612_-146.23334,63.97612,-146.23334,0.9017712311796748,1.1859220045661805,0.28415077338650563,31.510294802240097
63.97663_-147.39296,63.97663,-147.39296,0.5603959640724194,0.731061858998181,0.17066589492576156,30.454518923642098
63.97738_-148.05405,63.97738,-148.05405,0.6176798856008086,0.8477118692098868,0.23003198360907828,37.24129423209717
63.97762_-145.23578,63.97762,-145.23578,1.2723201480075124,1.8665577372815454,0.594237589274033,46.70503648037211
63.97767_-146.81314,63.97767,-146.81314,0.7369727774040625,0.9734922436591068,0.23651946625504428,32.09337895602716
63.97782_-145.73459,63.97782,-145.73459,1.2978442093892415,1.9452077467866928,0.6473635373974513,49.879911064371676
63.97872_-148.79660,63.97872,-148.7966,0.7288096378284358,0.9886886395020652,0.25987900167362943,35.65800837211292
63.17328_-146.18564,63.17328,-146.18564,0.30743676695085786,0.48973636701878875,0.1822996000679309,59.29661630128661
63.17360_-148.59055,63.1736,-148.59055,0.2624882790516271,0.4181157674948617,0.1556274884432346,59.28930960480153
63.17438_-147.30933,63.17438,-147.30933,0.380346251332032,0.5700004507851593,0.18965419945312728,49.86356478838129
63.17455_-145.21902,63.17455,-145.21902,0.41812588602430234,0.6099981164583174,0.19187223043401502,45.888627527563074
63.17485_-145.70235,63.17485,-145.70235,0.534088102834541,0.7437459212360811,0.20965781840154007,39.25528714997261
63.17507_-146.74747,63.17507,-146.74747,0.3952284046824408,0.5760590312013363,0.18083062651889548,45.7534489870964
63.17562_-147.94995,63.17562,-147.94995,0.41731182342921785,0.6087645915994766,0.19145276817025875,45.87762853134975
63.17759_-148.66951,63.17759,-148.66951,0.2771559521234802,0.449857585336822,0.1727016332133418,62.31207805214255
63.17875_-146.26419,63.17875,-146.26419,0.3033801151885423,0.495087476683812,0.19170736149526968,63.1904834554265
63.17878_-144.81393,63.17878,-144.81393,0.2706238750491801,0.4750063141430317,0.20438243909385156,75.52269327926422
63.11930_-147.00565,63.1193,-147.00565,0.45418035494801334,0.6355300406734207,0.18134968572540733,39.92900259769384
63.12077_-144.99808,63.12077,-144.99808,0.46450058125270943,0.6385851476477888,0.1740845663950794,37.477793014939095
63.12118_-145.96274,63.12118,-145.96274,0.49034595671376535,0.6935227103748883,0.20317675366112298,41.43538880646373
63.12160_-148.28419,63.1216,-148.28419,0.40220017017146764,0.5870409228001559,0.1848407526286882,45.95740288968205
63.12187_-145.48039,63.12187,-145.48039,0.5137684896811683,0.7157979906120694,0.2020295009309011,39.32306184372567
63.12205_-147.64490,63.12205,-147.6449,0.4452025486348809,0.6219089665412018,0.17670641790632086,39.691241312106946
63.12395_-146.52342,63.12395,-146.52342,0.538943187203788,0.7417955591336376,0.20285237192984962,37.63891570506968
63.12426_-147.08417,63.12426,-147.08417,0.3441936074781072,0.5257241707909828,0.1815305633128756,52.740829396264154
63.12428_-144.59381,63.12428,-144.59381,0.4265190306385065,0.6141383062532614,0.1876192756147549,43.98848870445137
63.12577_-148.36296,63.12577,-148.36296,0.3707119576604337,0.5425143386075839,0.17180238094715022,46.34390053976044
63.41909_-148.44815,63.41909,-148.44815,0.5610102334672521,0.7546134503197541,0.19360321685250204,34.50974782687333
63.41947_-144.63568,63.41947,-144.63568,0.39677787975395484,0.5585980032026415,0.16182012344868668,40.78355465507115
63.42035_-147.80141,63.42035,-147.80141,0.5725691226581531,0.7705363781766914,0.19796725551853833,34.575258721510345
63.42143_-146.09961,63.42143,-146.09961,0.21219679009728942,0.46299626435875996,0.25079947426147053,118.19192653502549
63.42198_-145.12363,63.42198,-145.12363,0.13413084704545875,0.36753544029963264,0.2334045932541739,174.01261409694217
63.42264_-145.61162,63.42264,-145.61162,0.3758932567886359,0.573203429832343,0.19731017304370707,52.491011605098905
63.42316_-148.52785,63.42316,-148.52785,0.5830623156861701,0.7899940996076525,0.20693178392148248,35.490509050984926
63.42321_-147.23418,63.42321,-147.23418,0.5017775035075762,0.6633257134865258,0.1615482099789496,32.195187877032915
63.42359_-146.66687,63.42359,-146.66687,0.0,0.048106769864222396,0.048106769864222396,inf
63.42482_-147.88101,63.42482,-147.88101,0.47678550948239073,0.6676102822062495,0.19082477272385878,40.02319049734177
63.88561_-146.51294,63.88561,-146.51294,0.7837246954051248,1.0263718807927797,0.24264718538765495,30.96076808734797
63.88592_-147.09065,63.88592,-147.09065,0.8416415855137813,1.109184326180811,0.26754274066702965,31.788203585937097
63.88720_-148.40811,63.8872,-148.40811,0.5087522380555952,0.7002057462467726,0.19145350819117735,37.631973654385334
63.88823_-147.74936,63.88823,-147.74936,0.5786058232125129,0.7786161271350303,0.2000103039225174,34.56762719946853
63.88825_-145.02193,63.88825,-145.02193,1.2805179917082106,1.865102404413598,0.5845844127053874,45.65218267066689
63.88841_-146.01598,63.88841,-146.01598,1.0682079213429598,1.48151889703105,0.41331097568809017,38.69199688844024
63.88928_-145.51895,63.88928,-145.51895,1.300325539077083,1.9604120990228169,0.660086559945734,50.76317738204511
63.89085_-147.17160,63.89085,-147.1716,0.8268835831379129,1.0629857710480184,0.2361021879101055,28.55325619286444
63.89090_-146.59377,63.8909,-146.59377,0.8003417624177798,1.073074074885087,0.27273231246730734,34.076981269026994
63.89131_-148.48929,63.89131,-148.48929,0.5859304597039587,0.8092889243229039,0.22335846461894515,38.12030266045513
63.45215_-145.51927,63.45215,-145.51927,0.0,0.24137564000541523,0.24137564000541523,inf
63.45387_-146.57574,63.45387,-146.57574,0.0,0.030594500573343612,0.030594500573343612,inf
63.45392_-147.14374,63.45392,-147.14374,0.4761409846033415,0.6466100916394251,0.1704691070360836,35.80223348722988
63.45475_-148.43898,63.45475,-148.43898,0.45603863994156446,0.6413392123082216,0.1853005723666571,40.63264735426827
63.45480_-144.62125,63.4548,-144.62125,0.28054714841393313,0.4595192346410686,0.17897208622713545,63.793942386850134
63.45596_-147.79135,63.45596,-147.79135,0.5556558738488853,0.7762828803592564,0.22062700651037115,39.705691398912904
63.45689_-146.08716,63.45689,-146.08716,0.4538941964022833,0.6845331788244629,0.23063898242217956,50.813379913270765
63.45734_-145.10983,63.45734,-145.10983,0.26231029597072375,0.4677361970650086,0.20542590109428482,78.31408231006391
63.45805_-145.59851,63.45805,-145.59851,0.07335183329743211,0.3305656759377739,0.2572138426403418,350.6576878554258
63.45880_-147.22333,63.4588,-147.22333,0.37601345908917005,0.5445281037961853,0.16851464470701527,44.81612044292614
63.12662_-147.72354,63.12662,-147.72354,0.3758715508751983,0.5498786041602076,0.17400705328500932,46.29428667315803
63.12679_-146.04105,63.12679,-146.04105,0.3888974079237991,0.5709951070822094,0.18209769915841023,46.82409690786384
63.12697_-145.07617,63.12697,-145.07617,0.43431912000444595,0.6222718449575976,0.18795272495315163,43.275259203699726
63.12778_-145.55862,63.12778,-145.55862,0.5197723817388081,0.7204197352683461,0.200647353529538,38.60292708479569
63.12917_-147.16273,63.12917,-147.16273,0.3285380306065213,0.5125053047405367,0.18396727413401537,55.99573169486325
63.12922_-146.60187,63.12922,-146.60187,0.4804070136248285,0.6398029631704685,0.15939594954563996,33.17935521859792
63.12989_-148.44174,63.12989,-148.44174,0.33173257246238685,0.5016505706462715,0.16991799818388464,51.2213789929087
63.13074_-144.67181,63.13074,-144.67181,0.4616466100216016,0.6459683826315228,0.18432177260992116,39.92702829579888
63.13113_-147.80225,63.13113,-147.80225,0.369326117449604,0.5553925596582027,0.1860664422085987,50.379984901552
63.13234_-146.11942,63.13234,-146.11942,0.3352580086131991,0.5191435989982023,0.18388559038500318,54.84897770098001
63.25967_-147.52499,63.25967,-147.52499,0.6181893434577925,0.8413049556347498,0.2231156121769573,36.09179202750051
63.25981_-148.16772,63.25981,-148.16772,0.52858266708296,0.6994230341327179,0.1708403670497579,32.32046332365735
63.26048_-146.39755,63.26048,-146.39755,0.438200778633391,0.6356053560064934,0.19740457737310235,45.048887861118025
63.26134_-146.96129,63.26134,-146.96129,0.2540058971700322,0.4435243432120811,0.18951844604204893,74.6118291557557
63.26198_-144.94269,63.26198,-144.94269,0.0,0.30573657101168716,0.30573657101168716,inf
63.26283_-145.91263,63.26283,-145.91263,0.4842141026399493,0.6604847082207012,0.17627060558075186,36.403443150399674
63.26333_-145.42764,63.26333,-145.42764,0.03908625581007174,0.34778063315710783,0.3086943773470361,789.7773039378507
63.26406_-148.24689,63.26406,-148.24689,0.49415809457633025,0.6522370567618041,0.15807896218547385,31.989552315439436
63.26430_-147.60406,63.2643,-147.60406,0.5827525640816484,0.7930777307669294,0.210325166685281,36.091675892791564
63.26535_-144.53619,63.26535,-144.53619,0.36035581858323473,0.5910556134808902,0.23069979489765546,64.01999995578498
63.21325_-148.66074,63.21325,-148.66074,0.3615859394327371,0.5208595151858442,0.15927357575310708,44.0486087492723
63.21407_-144.79987,63.21407,-144.79987,0.07836355453473869,0.33710846371295744,0.25874490917821874,330.18526369106536
63.21422_-146.25211,63.21422,-146.25211,0.23959222045384165,0.4222347815071798,0.18264256105333815,76.23058908480917
63.21469_-147.37755,63.21469,-147.37755,0.4359983739332966,0.6331289079337546,0.19713053400045805,45.21359385404888
63.21559_-148.01917,63.21559,-148.01917,0.4206295218435041,0.5947391490150633,0.1741096271715592,41.392631313295446
63.21569_-146.81482,63.21569,-146.81482,0.3199880967885136,0.5096025394557291,0.1896144426672155,59.256717537382464
63.21596_-145.28394,63.21596,-145.28394,0.20080992713852638,0.4200625673663841,0.2192526402278577,109.18416402621811
63.21601_-145.76804,63.21601,-145.76804,0.5392577552275554,0.7523650133271451,0.21310725809958975,39.51862648867479
63.21718_-148.73984,63.21718,-148.73984,0.41681834151100783,0.5776647564475311,0.1608464149365233,38.58909239776712
63.21942_-147.45644,63.21942,-147.45644,0.6089601812165173,0.8523640792304398,0.24340389801392248,39.97041276618046
63.46486_-147.95079,63.46486,-147.95079,0.3783524354891606,0.5682670661103593,0.18991463062119868,50.19516535572547
63.46683_-148.67850,63.46683,-148.6785,0.4751108119603847,0.6603494652707913,0.18523865331040662,38.9885156572383
63.46764_-144.77934,63.46764,-144.77934,0.53862701600441,0.7233542959727285,0.1847272799683185,34.295955174815454
63.46791_-146.24597,63.46791,-146.24597,0.33342324661908784,0.548004446256932,0.21458119963784417,64.35700024329371
63.46841_-147.38258,63.46841,-147.38258,0.21153977576231442,0.411943865432489,0.2004040896701746,94.7358901880222
63.46925_-148.03056,63.46925,-148.03056,0.47269272285738745,0.6764913528180411,0.20379862996065362,43.11439971588904
63.46943_-146.81427,63.46943,-146.81427,0.03594982010092755,0.3140346309349278,0.2780848108340002,773.536028979531
63.46957_-145.26820,63.46957,-145.2682,0.0,0.25531041992480075,0.25531041992480075,inf
63.46968_-145.75711,63.46968,-145.75711,0.5408711147166412,0.756142628086611,0.21527151336996986,39.80088925302457
63.47076_-148.75839,63.47076,-148.75839,0.5366566077708812,0.7456459235068666,0.20898931573598545,38.94283843891675
63.54560_-146.87109,63.5456,-146.87109,0.1272285833763355,0.3978470743220802,0.27061849094574475,212.7025891228148
63.54633_-145.81076,63.54633,-145.81076,0.8101360453764556,1.2484800815031047,0.4383440361266492,54.10745992951821
63.54643_-145.32040,63.54643,-145.3204,0.30923340530288057,0.5075719555451943,0.19833855024231373,64.13878540969719
63.54903_-147.52103,63.54903,-147.52103,0.0,0.1160097157306572,0.1160097157306572,inf
63.54918_-148.17105,63.54918,-148.17105,0.5161095319696207,0.7152697768226071,0.19916024485298633,38.58875539324651
63.54974_-146.38080,63.54974,-146.3808,0.0,0.0,0.0,
63.55064_-146.95093,63.55064,-146.95093,0.0952061801530479,0.37056592467890015,0.27535974452585227,289.2246533609478
63.55098_-144.90942,63.55098,-144.90942,0.8929243545741834,1.2258501874463794,0.332925832872196,37.28488658268944
63.55204_-145.89038,63.55204,-145.89038,1.4859289086576066,2.558525734621993,1.0725968259643863,72.18358965324755
63.55244_-145.39990,63.55244,-145.3999,0.3479596642388142,0.5314313197440859,0.18347165550527167,52.727851633788816
63.79457_-146.79053,63.79457,-146.79053,0.7611656803637102,1.0000080980819046,0.23884241771819437,31.378505873263695
63.79608_-148.75966,63.79608,-148.75966,0.6795911437505057,0.9583068185891761,0.27871567483867044,41.01225823816705
63.79837_-147.44684,63.79837,-147.44684,0.6204106902057192,0.8338077864617007,0.21339709625598158,34.39610239230762
63.79840_-146.29538,63.7984,-146.29538,0.6702124758650683,0.8663944431756354,0.19618196731056714,29.271607792341936
63.79858_-144.80957,63.79858,-144.80957,1.3630279144075126,2.014428358605266,0.6514004441977534,47.79068992735246
63.79889_-148.10327,63.79889,-148.10327,0.5132779673221152,0.694587777408076,0.1813098100859608,35.32390276401192
63.79967_-146.87112,63.79967,-146.87112,0.6432509501689219,0.8279011078652434,0.18465015769632154,28.70577301873106
63.80034_-145.80014,63.80034,-145.80014,0.9425826594730113,1.3315229914783648,0.3889403320053535,41.26325984214543
63.80040_-145.30484,63.8004,-145.30484,0.8673520564867754,1.2634966782072223,0.39614462172044695,45.672875132738795
63.80307_-147.52759,63.80307,-147.52759,0.427535386426318,0.5853208366827796,0.15778545025646157,36.90582236370147
63.47955_-146.97345,63.47955,-146.97345,0.34222426879155,0.5147415571394401,0.17251728834789015,50.410594478608125
63.48028_-144.93761,63.48028,-144.93761,0.5326501168946185,0.7090936785024293,0.17644356160781083,33.12560271956517
63.48111_-145.91583,63.48111,-145.91583,0.8221246589138784,1.2708616039868794,0.448736945073001,54.58259160670771
63.48162_-145.42671,63.48162,-145.42671,0.0,0.16440059787660022,0.16440059787660022,inf
63.48209_-148.27002,63.48209,-148.27002,0.41568688014680477,0.5964764608017061,0.18078958065490136,43.491769716439784
63.48247_-147.62170,63.48247,-147.6217,0.288783255026257,0.48857141944097654,0.19978816441471953,69.18273858938055
63.48361_-144.52765,63.48361,-144.52765,0.23617535319660907,0.4169382224074861,0.18076286921087706,76.53756700869513
63.48409_-146.48442,63.48409,-146.48442,0.0,0.2955448552507533,0.2955448552507533,inf
63.48454_-147.05307,63.48454,-147.05307,0.45180882378579434,0.6256821592736462,0.1738733354878519,38.48382907419409
63.48628_-148.34988,63.48628,-148.34988,0.35262372970107664,0.5349826299712482,0.1823589002701716,51.7148691112647
62.96217_-148.00798,62.96217,-148.00798,0.6098501532475498,0.8495425246298979,0.2396923713823481,39.303486291828875
62.96225_-146.81534,62.96225,-146.81534,0.4957755233375687,0.6732056524419436,0.17743012910437495,35.78840034496106
62.96259_-145.29935,62.96259,-145.29935,0.5916553236867637,0.8038402104957354,0.21218488680897174,35.862921926703976
62.96259_-145.77875,62.96259,-145.77875,0.6201511993956385,0.8701535993923424,0.25000239999670393,40.3131365770704
62.96384_-148.72165,62.96384,-148.72165,0.32838141616771077,0.5137961778365732,0.1854147616688624,56.463232247639574
62.96599_-147.45074,62.96599,-147.45074,0.5790407102662949,0.7938957957332143,0.21485508546691945,37.10535056647568
62.96618_-146.33601,62.96618,-146.33601,0.5832350697586617,0.7888749000186981,0.2056398302600364,35.258481686488544
62.96651_-148.08621,62.96651,-148.08621,0.6146087193043934,0.8237386282783975,0.20912990897400408,34.02651189372886
62.96710_-144.89758,62.9671,-144.89758,0.5932241020556539,0.7850466505889937,0.1918225485333398,32.33559591874839
62.96731_-146.89337,62.96731,-146.89337,0.5705841652801344,0.786342955007599,0.21575878972746454,37.81366586321852
63.22668_-144.95659,63.22668,-144.95659,0.10039058923706898,0.4026271264482919,0.3022365372112229,301.0606268058668
63.22742_-145.92520,63.22742,-145.9252,0.46798480289752264,0.6383624590307104,0.17037765613318778,36.406664293006195
63.22797_-145.44089,63.22797,-145.44089,0.3175251165983146,0.5038309800865516,0.18630586348823697,58.674370545597924
63.22844_-148.25626,63.22844,-148.25626,0.47060175920114056,0.6347365191815147,0.1641347599803742,34.87763417183086
63.22874_-147.61432,63.22874,-147.61432,0.6188926009801685,0.8499809136317691,0.23108831265160057,37.33900070636091
63.23007_-144.55066,63.23007,-144.55066,0.021752648772235914,0.359493806725698,0.33774115795346205,1552.6438250800031
63.23036_-146.48820,63.23036,-146.4882,0.4884724232653337,0.6716971841326622,0.18322476086732853,37.50974510342061
63.23079_-147.05127,63.23079,-147.05127,0.26723880303133873,0.4501700918170268,0.18293128878568804,68.45236796103893
63.23263_-148.33534,63.23263,-148.33534,0.4557306544393674,0.6250915981027694,0.16936094366340199,37.16250860318956
63.23290_-145.03500,63.2329,-145.035,0.0,0.29077789277220384,0.29077789277220384,inf
63.15954_-144.57947,63.15954,-144.57947,0.29232479475034157,0.502895673758549,0.21057087900820748,72.03319143285277
63.15977_-147.07324,63.15977,-147.07324,0.41321822444878475,0.6024210778067943,0.18920285335800957,45.78763524053132
63.16138_-148.35379,63.16138,-148.35379,0.3916916283460439,0.5674300404244632,0.17573841207841934,44.86652237641431
63.16220_-146.02869,63.1622,-146.02869,0.35030033211664824,0.5337516780858178,0.18345134596916957,52.3697322410991
63.16220_-147.71350,63.1622,-147.7135,0.3935787534956311,0.5805881507640128,0.18700939726838173,47.515114982053426
63.16227_-145.06250,63.16227,-145.0625,0.4301095488431445,0.6236200973495578,0.1935105485064133,44.99099102237884
63.16317_-145.54559,63.16317,-145.54559,0.5315157598615892,0.7290656798280913,0.19754991996650217,37.16727421552763
63.16468_-146.59027,63.16468,-146.59027,0.4950959237969884,0.6652142365946835,0.17011831279769507,34.36067731946248
63.16468_-147.15192,63.16468,-147.15192,0.3342581447011641,0.5175781605954837,0.18332001589431957,54.84384413675624
63.16550_-148.43268,63.1655,-148.43268,0.3176182698798682,0.48866962859642327,0.17105135871655508,53.85438274103418
63.89936_-148.65173,63.89936,-148.65173,0.9029774621111372,1.368404274809179,0.46542681269804176,51.54356916172485
63.89954_-146.17746,63.89954,-146.17746,0.9036118522966204,1.219082173236709,0.31547032094008853,34.912149518434155
63.90054_-147.33357,63.90054,-147.33357,0.5922256859703342,0.7542248112143368,0.16199912524400262,27.354288927636528
63.90062_-145.18295,63.90062,-145.18295,1.3116822841652047,1.9230212133975053,0.6113389292323006,46.60724144958439
63.90103_-145.68022,63.90103,-145.68022,1.2076988867118743,1.760231067336926,0.5525321806250516,45.75082304906285
63.90131_-146.75551,63.90131,-146.75551,0.7867402502364763,1.0332920041143028,0.24655175387782646,31.33839330118404
63.90162_-147.99268,63.90162,-147.99268,0.40828502501828895,0.5536757333924638,0.14539070837417484,35.61010065643777
63.90332_-148.73300,63.90332,-148.733,0.9247722070207515,1.3839199968246318,0.4591477898038804,49.649825796892415
63.90473_-144.76617,63.90473,-144.76617,1.2489520388570394,1.897250353988408,0.6482983151313686,51.90738274663049
63.90503_-146.25827,63.90503,-146.25827,0.8910571927552532,1.1820700630708707,0.2910128703156175,32.659280760168905
62.68829_-146.50710,62.68829,-146.5071,0.6653521910358634,0.8564465983717684,0.191094407335905,28.720790268744263
62.68860_-144.60944,62.6886,-144.60944,0.9114288468291378,1.3374646007423587,0.4260357539132209,46.74372063111672
62.68867_-147.05856,62.68867,-147.05856,0.6719501888172906,0.901435396320161,0.22948520750287038,34.15211593388948
62.69057_-148.31619,62.69057,-148.31619,0.38749676004284483,0.5386579459653834,0.15116118592253858,39.009664469407426
62.69109_-146.03271,62.69109,-146.03271,0.7489488302917358,1.0596942177929702,0.3107453875012345,41.490870261482456
62.69120_-147.68735,62.6912,-147.68735,0.5561079573242047,0.7605602070566495,0.2044522497324448,36.764848810327564
62.69123_-145.08382,62.69123,-145.08382,0.8190524649119897,1.1758941875021962,0.3568417225902065,43.56762696862777
62.69205_-145.55827,62.69205,-145.55827,0.7490635287893004,1.058120342696209,0.30905681390690853,41.25909245727558
62.69355_-146.58424,62.69355,-146.58424,0.6474961258991685,0.8354443692813178,0.18794824338214933,29.026929407669943
62.69359_-147.13583,62.69359,-147.13583,0.6697195575715502,0.8889431616770449,0.21922360410549468,32.73364225772572
62.89025_-144.84778,62.89025,-144.84778,0.6764429334984968,0.9216163208725957,0.24517338737409888,36.24450418989316
62.89108_-148.02713,62.89108,-148.02713,0.5714778748392049,0.8214873338362425,0.25000945899703764,43.74788071495893
62.89131_-146.83774,62.89131,-146.83774,0.6765856869869102,0.938849800892896,0.2622641139059858,38.762882359209556
62.89188_-145.80392,62.89188,-145.80392,0.6333680675222787,0.8730120350896379,0.23964396756735917,37.83644611336989
62.89198_-145.32584,62.89198,-145.32584,0.6103629052561108,0.8129261692028509,0.20256326394674007,33.18734841229312
62.89264_-148.73885,62.89264,-148.73885,0.43385348995969386,0.6318903267251144,0.1980368367654205,45.64601676566406
62.89495_-147.47139,62.89495,-147.47139,0.5227253372732484,0.6945805583486807,0.17185522107543227,32.87677271813534
62.89537_-146.35970,62.89537,-146.3597,0.5535671758759689,0.7582818936833517,0.20471471780738282,36.98100731558743
62.89540_-148.10515,62.8954,-148.10515,0.6437080570759794,0.9029268026881845,0.25921874561220504,40.2696133383349
62.89638_-146.91556,62.89638,-146.91556,0.6721902792951837,0.9246747729449881,0.2524844936498044,37.561461601995155
62.98216_-146.56992,62.98216,-146.56992,0.5375045286353641,0.711107380357707,0.1736028517223429,32.29793284962493
62.98226_-147.12762,62.98226,-147.12762,0.6502695410991999,0.9011631862531337,0.25089364515393386,38.58302277695943
62.98328_-144.65079,62.98328,-144.65079,0.6309131880379093,0.8688279386177152,0.23791475057980593,37.70958589718218
62.98337_-148.39943,62.98337,-148.39943,0.41735813469603145,0.5974940901816953,0.18013595548566386,43.161002628320574
62.98443_-147.76352,62.98443,-147.76352,0.38539871292998484,0.5680596175876952,0.18266090465771034,47.39530738674113
62.98516_-146.09018,62.98516,-146.09018,0.6115956345550553,0.8318943719292128,0.2202987373741575,36.020325346898204
62.98574_-145.13055,62.98574,-145.13055,0.46625313464910684,0.6426399612562942,0.17638682660718735,37.83070042841271
62.98635_-145.61038,62.98635,-145.61038,0.5240826193985287,0.7092620617717278,0.18517944237319905,35.334017103204644
62.98715_-147.20576,62.98715,-147.20576,0.6818614112635617,0.9729582162217949,0.2910968049582332,42.69149128395459
62.98738_-146.64795,62.98738,-146.64795,0.521122505356765,0.6933019821142561,0.17217947675749112,33.04011532559231
62.75296_-147.51236,62.75296,-147.51236,0.5778022389225779,0.7675493229390492,0.18974708401647133,32.83945115378764
62.75320_-148.14268,62.7532,-148.14268,0.40189581245531697,0.5695633768971943,0.1676675644418773,41.719161843846955
62.75377_-146.40668,62.75377,-146.40668,0.7463929803672895,1.0931185447600598,0.34672556439277025,46.453486770755994
62.75459_-146.95953,62.75459,-146.95953,0.6026194073956075,0.8326129548213668,0.22999354742575928,38.16563897597363
62.75552_-144.97987,62.75552,-144.97987,0.7680819254582048,1.0661470645605327,0.2980651391023279,38.80642535944522
62.75616_-145.93111,62.75616,-145.93111,0.6620372902089563,0.9135667035881613,0.251529413379205,37.99323951975813
62.75674_-145.45547,62.75674,-145.45547,0.7158286781371808,1.002225457486199,0.2863967793490183,40.009123425219
62.75745_-148.22032,62.75745,-148.22032,0.40723936844115705,0.5845515624000657,0.17731219395890863,43.540042466333624
62.75760_-147.58989,62.7576,-147.58989,0.5312406286772815,0.7130434825077587,0.18180285383047723,34.22231734856992
62.75902_-144.58124,62.75902,-144.58124,0.7559811682868187,1.0402002936693644,0.2842191253825457,37.59605891065175
63.01486_-145.03922,63.01486,-145.03922,0.4466431354503548,0.6365456201917281,0.18990248474137333,42.51772156979257
63.01498_-145.99994,63.01498,-145.99994,0.5458175596059474,0.7731783006910011,0.22736074108505377,41.65507999581338
63.01542_-147.67523,63.01542,-147.67523,0.3926303191688061,0.5754800024483184,0.18284968327951234,46.57044409270355
63.01584_-145.51958,63.01584,-145.51958,0.5674367658327792,0.764775774525031,0.19733900869225174,34.77726868872056
63.01760_-146.55835,63.0176,-146.55835,0.5387473201222412,0.7140002403424512,0.17525292022021,32.529706167344884
63.01775_-147.11681,63.01775,-147.11681,0.6399900522777706,0.8744202581077115,0.2344302058299409,36.63028901708502
63.01851_-144.63660,63.01851,-144.6366,0.6458092751140219,0.8868008346664589,0.240991559552437,37.316212206752276
63.01898_-148.39035,63.01898,-148.39035,0.36103365737600773,0.5300820935338126,0.1690484361578049,46.82345612496319
63.01997_-147.75356,63.01997,-147.75356,0.44708718649695756,0.6417121717202265,0.194624985223269,43.531774361105164
63.02056_-146.07796,63.02056,-146.07796,0.5928636569733639,0.8170351334234853,0.22417147645012148,37.81164080701831
63.98138_-147.47424,63.98138,-147.47424,0.4321752594981346,0.593575723101105,0.16140046360297033,37.3460673779423
63.98158_-146.31439,63.98158,-146.31439,0.8644083256195659,1.1098401424228646,0.24543181680329862,28.39304175227431
63.98171_-148.13547,63.98171,-148.13547,0.6986916454219447,1.000083705879729,0.3013920604577842,43.13663436976858
63.98192_-144.81775,63.98192,-144.81775,1.383039530171613,2.0865992188465228,0.7035596886749098,50.87054081437638
63.98277_-146.89432,63.98277,-146.89432,0.8157377152723111,1.0735116906781617,0.25777397540585056,31.60010510483752
63.98359_-145.81552,63.98359,-145.81552,1.2418167356224745,1.8476500795141235,0.605833343891649,48.786050832852425
63.98369_-145.31662,63.98369,-145.31662,1.2255103938742304,1.798856535142539,0.5733461412683085,46.784274057095345
63.98599_-148.21690,63.98599,-148.2169,0.8038297686817055,1.2232463257791584,0.41941655709745285,52.1772859675629
63.98606_-147.55557,63.98606,-147.55557,0.5270588403789238,0.7210123942796094,0.19395355390068558,36.7992222199033
63.98699_-146.39548,63.98699,-146.39548,0.8425353469263908,1.075025064629294,0.23248971770290328,27.594061014892358
63.34511_-145.07227,63.34511,-145.07227,0.0,0.3263404507221224,0.3263404507221224,inf
63.34597_-145.55881,63.34597,-145.55881,0.30128646496378503,0.544932482872169,0.24364601790838397,80.86855741683267
63.34724_-147.17654,63.34724,-147.17654,0.5954138099000669,0.8080418149560125,0.2126280050559456,35.71096295056251
63.34734_-146.61090,63.34734,-146.6109,0.11621533900638267,0.40633858811798507,0.29012324911160237,249.64281960720217
63.34779_-148.46640,63.34779,-148.4664,0.3943477557547188,0.5591262715314341,0.16477851577671532,41.78507760526124
63.34887_-144.66447,63.34887,-144.66447,0.7564043905938256,1.1038797663596955,0.34747537576586995,45.93777879753972
63.34915_-147.82147,63.34915,-147.82147,0.5537471561710909,0.7434285689188953,0.18968141274780437,34.254155643771576
63.35050_-146.12436,63.3505,-146.12436,0.23804749627989633,0.47091583053171526,0.23286833425181894,97.8243156895094
63.35128_-145.15106,63.35128,-145.15106,0.0,0.30633844931136983,0.30633844931136983,inf
63.35183_-145.63771,63.35183,-145.63771,0.5843551708993215,0.825951470486064,0.24159629958674245,41.34408517596005
62.79204_-145.44250,62.79204,-145.4425,0.7065772188864348,1.0035625566659734,0.2969853377795386,42.03154727342998
62.79299_-148.21107,62.79299,-148.21107,0.6280612417312001,0.9030455798127838,0.2749843380815836,43.78304531634709
62.79311_-147.57979,62.79311,-147.57979,0.4846791755112405,0.6560912539386655,0.171412078427425,35.366091032613326
62.79422_-144.56708,62.79422,-144.56708,0.7289901599739231,1.0018629624682989,0.27287280249437573,37.43161670441981
62.79449_-146.47240,62.79449,-146.4724,0.6969534153802599,1.0196886151894287,0.32273519980916876,46.30656693648362
62.79502_-147.02612,62.79502,-147.02612,0.5992085070592896,0.823974870197125,0.22476636313783538,37.51054273927315
62.79700_-145.04337,62.797,-145.04337,0.7499396272865547,1.0586832381096092,0.30874361082305446,41.16912876575895
62.79713_-145.99609,62.79713,-145.99609,0.6240610880811978,0.8680672050475412,0.24400611696634344,39.09971661854286
62.79720_-148.28885,62.7972,-148.28885,0.6548419064014404,0.9368840539347263,0.28204214753328594,43.070265475707735
62.79771_-147.65744,62.79771,-147.65744,0.4742772800207661,0.643173427595145,0.16889614757437887,35.611266803036365
63.08014_-145.89697,63.08014,-145.89697,0.5959322843105168,0.8286250835089704,0.23269279919845354,39.04685235633358
63.08059_-145.41541,63.08059,-145.41541,0.4735302284654797,0.656101320395833,0.1825710919303533,38.55531937675711
63.08180_-148.21483,63.0818,-148.21483,0.38368837055199645,0.5495875926092533,0.16589922205725682,43.238011571365725
63.08189_-147.57651,63.08189,-147.57651,0.6336480785157664,0.8532693853327128,0.21962130681694636,34.65982368815496
63.08255_-144.53024,63.08255,-144.53024,0.39905490216518724,0.5855100277896408,0.18645512562445354,46.724178706435524
63.08321_-146.45679,63.08321,-146.45679,0.5759737320437797,0.8054116537465033,0.2294379217027236,39.83478914716966
63.08378_-147.01666,63.08378,-147.01666,0.4690316130866438,0.641269390630262,0.1722377775436182,36.72199756646272
63.08544_-145.01183,63.08544,-145.01183,0.44301617796299214,0.6296524018754879,0.18663622391249574,42.128534621615245
63.08579_-145.97516,63.08579,-145.97516,0.6014977462983828,0.8340640170265972,0.23256627072821434,38.664529029315105
63.08601_-148.29346,63.08601,-148.29346,0.36905974333864844,0.5488501071742606,0.1797903638356122,48.71578845450964
63.51959_-146.47250,63.51959,-146.4725,0.0,0.0033956088245041586,0.0033956088245041586,inf
63.52009_-147.04193,63.52009,-147.04193,0.32681215932241336,0.525094458203743,0.19828229888132964,60.67164064287955
63.52189_-145.00284,63.52189,-145.00284,0.5265833292892923,0.6894518892987822,0.1628685600094899,30.929304243130307
63.52197_-148.34056,63.52197,-148.34056,0.31100084778856174,0.4977884297387296,0.18678758195016787,60.060152015134705
63.52222_-145.98264,63.52222,-145.98264,0.7468620748593424,1.067866149206916,0.3210040743475735,42.98036881950776
63.52267_-147.69122,63.52267,-147.69122,0.1095876144156425,0.38157701141006733,0.2719893969944248,248.19355585461227
63.52299_-145.49274,63.52299,-145.49274,0.0,0.23547229845242734,0.23547229845242734,inf
63.52489_-146.55215,63.52489,-146.55215,0.0,0.0,0.0,
63.52504_-147.12172,63.52504,-147.12172,0.19042857876799224,0.4136570915122724,0.22322851274428018,117.22427074155166
63.52542_-144.59221,63.52542,-144.59221,0.3918059906826535,0.5464463076014899,0.15464031691883645,39.468594303370075
63.96022_-145.49196,63.96022,-145.49196,1.295244099106574,1.9761009475836602,0.6808568484770863,52.5659100818698
63.96207_-146.56979,63.96207,-146.56979,0.8314656918475073,1.0940054883765753,0.262539796529068,31.575541733502867
63.96212_-147.14926,63.96212,-147.14926,0.6136248409483297,0.8009080882562223,0.1872832473078926,30.52080600558066
63.96262_-144.57576,63.96262,-144.57576,1.0134658822043057,1.4059577276302822,0.3924918454259765,38.727682136896405
63.96277_-148.47070,63.96277,-148.4707,0.7119088139182315,1.041849461991157,0.32994064807292545,46.34591419889652
63.96411_-147.81000,63.96411,-147.81,0.9185572083653466,1.3916188421704714,0.4730616338051248,51.500508568974126
63.96505_-146.07133,63.96505,-146.07133,1.032296060160094,1.448902168223419,0.4166061080633252,40.35723123836351
63.96531_-145.07425,63.96531,-145.07425,1.2917917714541947,1.8897876292359408,0.5979958577817461,46.29196988215607
63.96614_-145.57278,63.96614,-145.57278,1.3143191778177876,2.0146345236635486,0.7003153458457609,53.283506599098715
63.96683_-148.55215,63.96683,-148.55215,0.7898581963209574,1.1960171686778758,0.40615897235691834,51.42175826607189
62.72648_-145.07037,62.72648,-145.07037,0.7877090712683683,1.116724956350923,0.32901588508255464,41.768705869131814
62.72669_-147.67741,62.72669,-147.67741,0.6269482658728934,0.8528542364945317,0.2259059706216383,36.03263345933525
62.72736_-145.54546,62.72736,-145.54546,0.7213695951441559,0.9886022945467773,0.2672326994026214,37.04518477095207
62.72897_-146.57281,62.72897,-146.57281,0.682329479421798,0.9112430220751515,0.2289135426533535,33.54882788405002
62.72904_-147.12514,62.72904,-147.12514,0.6948300423367184,0.9612796061718154,0.266449563835097,38.34744435330188
62.73024_-144.67218,62.73024,-144.67218,0.8186659960428442,1.1375903462038166,0.3189243501609724,38.95658934199605
62.73026_-148.38467,62.73026,-148.38467,0.5128544668097679,0.7080515462109751,0.19519707940120723,38.06091045973308
62.73124_-147.75490,62.73124,-147.7549,0.5865606549679516,0.7970043166427736,0.21044366167482198,35.87756183311002
62.73199_-146.09772,62.73199,-146.09772,0.7083103956030431,1.000727675820484,0.29241728021744084,41.2837764393507
62.73263_-145.14732,62.73263,-145.14732,0.7885313818819281,1.1142722029459398,0.3257408210640117,41.3098106871271
63.57390_-148.65184,63.5739,-148.65184,0.5181825526806,0.6917907749555423,0.17360822227494233,33.5032936514078
63.57439_-146.20912,63.57439,-146.20912,0.28487633846438043,0.48220418069693416,0.19732784223255373,69.26789472802307
63.57517_-147.35049,63.57517,-147.35049,0.0,0.010933475466361685,0.010933475466361685,inf
63.57575_-145.22726,63.57575,-145.22726,0.28149378482940024,0.44348103636296843,0.1619872515335682,57.54558724333499
63.57600_-145.71820,63.576,-145.7182,0.4394948357056412,0.6121816107115787,0.17268677500593754,39.29210561227102
63.57603_-146.77980,63.57603,-146.7798,0.0,0.0,0.0,
63.57618_-148.00117,63.57618,-148.00117,0.6139926152402052,0.8578462453062433,0.2438536300660381,39.7160526060461
63.57786_-148.73206,63.57786,-148.73206,0.6410554753023625,0.8799600468371586,0.23890457153479605,37.26737868077852
63.57985_-146.28889,63.57985,-146.28889,0.0,0.22882559434931884,0.22882559434931884,inf
63.57993_-147.43048,63.57993,-147.43048,0.0,0.0009662361609963888,0.0009662361609963888,inf
62.97503_-148.24277,62.97503,-148.24277,0.5037479081706357,0.6921757846152354,0.18842787644459968,37.40519283323218
62.97530_-147.60706,62.9753,-147.60706,0.4197800347965027,0.5920849668760878,0.17230493207958508,41.04648096546887
62.97681_-144.57321,62.97681,-144.57321,0.6307208225171317,0.8732643047893554,0.24254348227222366,38.454966700522355
62.97688_-146.49191,62.97688,-146.49191,0.5698054315134372,0.7494542239489036,0.1796487924354664,31.528094065075596
62.97733_-147.04950,62.97733,-147.0495,0.6248977146948095,0.8542987040459981,0.22940098935118858,36.71016615306787
62.97923_-148.32108,62.97923,-148.32108,0.5134623616319128,0.7000731787382639,0.18661081710635108,36.343621470764646
62.97956_-145.05286,62.97956,-145.05286,0.49910029981019666,0.6818588379951425,0.1827585381849458,36.617597355571064
62.97959_-146.01227,62.97959,-146.01227,0.5970687576539425,0.8250431349581863,0.22797437730424375,38.1822653390912
62.97989_-147.68527,62.97989,-147.68527,0.40286411040523074,0.583152203749324,0.18028809334409324,44.751589602445854
62.98048_-145.53256,62.98048,-145.53256,0.6094239880633916,0.8244416440532751,0.21501765598988354,35.282112322680284
63.85146_-148.41748,63.85146,-148.41748,0.4835060065080282,0.6714650070047411,0.18795900049671288,38.874181078780865
63.85257_-147.75967,63.85257,-147.75967,0.520699534230738,0.7019546329958887,0.18125509876515067,34.80992143250717
63.85284_-145.03607,63.85284,-145.03607,1.3721067718777364,2.055602866647307,0.6834960947695707,49.813623019599426
63.85287_-146.02872,63.85287,-146.02872,1.0587594089460488,1.4844648579135296,0.42570544896748075,40.20794954646523
63.85382_-145.53239,63.85382,-145.53239,1.1992926337716403,1.7317106645515339,0.5324180307798936,44.39433844477964
63.85523_-147.18271,63.85523,-147.18271,0.764083668615698,0.9900959293358302,0.22601226072013225,29.57951727061542
63.85533_-146.60568,63.85533,-146.60568,0.5997049019670129,0.793011550393629,0.19330664842661616,32.233628204901535
63.85556_-148.49855,63.85556,-148.49855,0.5467006026491162,0.7523683929039167,0.20566779025480042,37.61982139002731
63.85648_-144.62006,63.85648,-144.62006,1.158726640020679,1.7567533920275902,0.5980267520069111,51.61068463880648
63.85707_-147.84064,63.85707,-147.84064,0.818560264411972,1.1795502559390862,0.3609899915271142,44.10060043489138
63.33142_-146.37366,63.33142,-146.37366,0.1767152840425238,0.4228226965788478,0.246107412536324,139.26775709853263
63.33237_-146.93893,63.33237,-146.93893,0.36778185300642774,0.5504617677490349,0.18267991474260714,49.670725526366425
63.33265_-144.91476,63.33265,-144.91476,0.0,0.2954247757634799,0.2954247757634799,inf
63.33368_-145.88737,63.33368,-145.88737,0.29484358418246204,0.5102857037880156,0.2154421196055536,73.0699703718934
63.33410_-145.40106,63.3341,-145.40106,0.0,0.08864904701042425,0.08864904701042425,inf
63.33532_-148.22809,63.33532,-148.22809,0.5820946213250491,0.7598335826768698,0.17773896135182077,30.53437617190575
63.33548_-147.58348,63.33548,-147.58348,0.5520688409801466,0.7443146035556908,0.19224576257554415,34.82278808458557
63.33678_-146.45270,63.33678,-146.4527,0.08995595856397422,0.3689667423876296,0.2790107838236554,310.16376044198404
63.33738_-147.01810,63.33738,-147.0181,0.46617554433178987,0.6489846200289904,0.1828090756972005,39.214643050234805
63.33890_-144.99350,63.3389,-144.9935,0.0,0.27134088050848715,0.27134088050848715,inf
63.37225_-146.44080,63.37225,-146.4408,0.0,0.006787567265607044,0.006787567265607044,inf
63.37290_-147.00699,63.3729,-147.00699,0.49870059700676905,0.6843949914365491,0.18569439442978009,37.235647108571555
63.37423_-144.97958,63.37423,-144.97958,0.25614957121499216,0.48860369531392145,0.2324541240989293,90.74937076659218
63.37479_-145.95377,63.37479,-145.95377,0.07470866358000217,0.3641606517967588,0.28945198821675666,387.4409932481197
63.37517_-148.29817,63.37517,-148.29817,0.5961652088625544,0.7892472083379953,0.1930819994754409,32.38733099568644
63.37544_-145.46667,63.37544,-145.46667,0.0,0.207326097805926,0.207326097805926,inf
63.37566_-147.65256,63.37566,-147.65256,0.5538217563319228,0.7485184609610627,0.1946967046291399,35.155120289722255
63.37757_-146.51999,63.37757,-146.51999,0.0,0.07841163095143464,0.07841163095143464,inf
63.37770_-144.57132,63.3777,-144.57132,0.7733044841010538,1.0765516660457144,0.3032471819446606,39.21446056234596
63.37788_-147.08629,63.37788,-147.08629,0.5408000243482979,0.7298353149062872,0.1890352905579893,34.9547488992424
63.66055_-147.56970,63.66055,-147.5697,0.0,0.2532390149494448,0.2532390149494448,inf
63.66167_-146.42445,63.66167,-146.42445,0.6057626192178547,0.797627037133954,0.19186441791609932,31.6732019819628
63.66238_-146.99710,63.66238,-146.9971,0.0,0.27882767301468747,0.27882767301468747,inf
63.66338_-144.94659,63.66338,-144.94659,0.922944221382487,1.2701773446949907,0.34723312331250367,37.622330284746766
63.66411_-145.93187,63.66411,-145.93187,1.5404961083217488,2.2608103420796257,0.720314233757877,46.758588344803
63.66464_-148.30299,63.66464,-148.30299,0.6787969516627801,0.9284264724091539,0.2496295207463738,36.775286060858356
63.66467_-145.43924,63.66467,-145.43924,0.5523623339899193,0.7289876738619361,0.17662533987201678,31.976354831471948
63.66517_-147.65001,63.66517,-147.65001,0.014029162872609472,0.28627717904539374,0.27224801617278427,1940.5863246788665
63.66673_-144.53369,63.66673,-144.53369,1.3230185437847497,1.9475717075167456,0.6245531637319959,47.2066825265609
63.66700_-146.50455,63.667,-146.50455,0.3888606497971009,0.5238447728434203,0.13498412304631946,34.71272372680323
63.64690_-145.69211,63.6469,-145.69211,0.7865043313744136,1.1042203377839748,0.3177160064095612,40.39596398081542
63.64715_-146.75665,63.64715,-146.75665,0.0,0.09761116728144742,0.09761116728144742,inf
63.64748_-147.98145,63.64748,-147.98145,0.40865898044381144,0.5800064793149309,0.17134749887111944,41.92921410537285
63.64926_-148.71439,63.64926,-148.71439,0.8253382079635019,1.1589966493002435,0.3336584413367416,40.426874476105276
63.65073_-144.78719,63.65073,-144.78719,0.7785052302633566,1.0984139420256471,0.3199087117622905,41.092686256464866
63.65085_-146.26437,63.65085,-146.26437,0.46437664591468364,0.621351030660632,0.15697438474594838,33.80324702521498
63.65116_-147.40916,63.65116,-147.40916,0.0,0.08217549872668281,0.08217549872668281,inf
63.65185_-148.06180,63.65185,-148.0618,0.45706470728335247,0.6207882170845425,0.16372350980119,35.82064140858973
63.65228_-146.83676,63.65228,-146.83676,0.0,0.006617113068041813,0.006617113068041813,inf
63.65263_-145.27957,63.65263,-145.27957,0.9807419662614089,1.4246042159046937,0.4438622496432848,45.25780122729824
63.13922_-145.23250,63.13922,-145.2325,0.46037592597987653,0.6502584863289069,0.1898825603490304,41.2451107092273
63.13945_-145.71518,63.13945,-145.71518,0.5045239641600463,0.7142777907571121,0.20975382659706576,41.57460130685233
63.13959_-146.75888,63.13959,-146.75888,0.39658038724876926,0.5755533966722263,0.178973009423457,45.129062146784825
63.14001_-147.95969,63.14001,-147.95969,0.46075402173947366,0.6546156297512014,0.1938616080117277,42.07485965718684
63.14195_-148.67825,63.14195,-148.67825,0.30720171358487003,0.4892322751746411,0.18203056158977104,59.25440957525186
63.14332_-146.27625,63.14332,-146.27625,0.3644019662400336,0.5445955307369944,0.18019356449696078,49.44911970597499
63.14349_-144.82797,63.14349,-144.82797,0.29512488558845884,0.47994181361544397,0.18481692802698513,62.623295103858425
63.14361_-147.39859,63.14361,-147.39859,0.4553991832748583,0.6613254805144444,0.2059262972395861,45.218855193971294
63.14439_-148.03845,63.14439,-148.03845,0.3448291902405101,0.5156306467129961,0.17080145647248596,49.5321919682484
63.14471_-146.83742,63.14471,-146.83742,0.36115678988549693,0.5352244920511864,0.17406770216568945,48.19726696011358
63.81736_-146.04143,63.81736,-146.04143,1.0725893320387214,1.4903638370896624,0.41777450505094094,38.95008952371894
63.81743_-145.05017,63.81743,-145.05017,1.322732377440381,1.9643632222850593,0.6416308448446784,48.50798663341847
63.81833_-145.54579,63.81833,-145.54579,1.0518442790091653,1.5302775642249422,0.4784332852157769,45.48518205246692
63.81961_-147.19379,63.81961,-147.19379,0.5464694632669977,0.7187199421084569,0.17225047884145916,31.520604611954294
63.81976_-146.61758,63.81976,-146.61758,0.40403570056006166,0.5591951399889544,0.15515943942889276,38.40240830545806
63.81984_-148.50778,63.81984,-148.50778,0.46232271382310863,0.6440487602163892,0.1817260463932806,39.307185426933536
63.82112_-144.63474,63.82112,-144.63474,1.2245004679230242,1.8477274793177638,0.6232270113947396,50.896429010913
63.82137_-147.85078,63.82137,-147.85078,0.4702387960311874,0.6480633077085337,0.1778245116773463,37.815789164608304
63.82294_-146.12193,63.82294,-146.12193,0.8572590553503523,1.1353023810692457,0.27804332571889345,32.43399110030517
63.82363_-145.13043,63.82363,-145.13043,1.3795497988627563,1.9974399850599334,0.6178901861971771,44.78926289623906
63.65268_-145.77199,63.65268,-145.77199,0.8089397194139976,1.1340178604410263,0.3250781410270287,40.18570645319752
63.65317_-148.79486,63.65317,-148.79486,0.8181890156279131,1.0985331220843664,0.28034410645645325,34.26397826195518
63.65588_-147.48941,63.65588,-147.48941,0.0,0.1890264266582381,0.1890264266582381,inf
63.65617_-148.14218,63.65617,-148.14218,0.5358853365364329,0.7250308383913883,0.18914550185495538,35.2958905495441
63.65629_-146.34439,63.65629,-146.34439,0.5970768042568746,0.7760791533494249,0.1790023490925503,29.97978615420134
63.65708_-144.86688,63.65708,-144.86688,0.9533945226453877,1.382674487959423,0.42927996531403534,45.02647698488035
63.65735_-146.91692,63.65735,-146.91692,0.0,0.040709671123224524,0.040709671123224524,inf
63.65842_-145.85190,63.65842,-145.8519,1.1497714945458917,1.771409301821755,0.6216378072758633,54.06620447842834
63.65867_-145.35938,63.65867,-145.35938,0.6405276712827873,0.8294823029500362,0.1889546316672489,29.49983898257334
63.66043_-148.22256,63.66043,-148.22256,0.6255098158797072,0.8418569650464838,0.21634714916677655,34.58733079392356
62.70142_-144.76294,62.70142,-144.76294,0.8626266549083016,1.192349850214991,0.32972319530668937,38.223163338459486
62.70214_-146.18686,62.70214,-146.18686,0.7241824305054946,1.0160690696004329,0.2918866390949383,40.305678072194496
62.70285_-148.54871,62.70285,-148.54871,0.4815389004236579,0.6652615276702797,0.1837226272466218,38.153226475572936
62.70329_-147.29042,62.70329,-147.29042,0.5907415490910127,0.7786752785987261,0.18793372950771337,31.813189676075975
62.70346_-145.23756,62.70346,-145.23756,0.8049937434398176,1.160580256772694,0.3555865133328764,44.172580995899445
62.70370_-145.71223,62.7037,-145.71223,0.7357931718822,1.05108633655433,0.31529316467213,42.8507869766707
62.70393_-146.73865,62.70393,-146.73865,0.6112618157893703,0.8234695980227912,0.21220778223342085,34.716348502708335
62.70466_-147.91956,62.70466,-147.91956,0.5124782808165247,0.6882099203524609,0.17573163953593618,34.29055359301185
62.70684_-148.62625,62.70684,-148.62625,0.5345547614461722,0.7364415022008893,0.20188674075471713,37.76727013122797
62.70761_-146.26399,62.70761,-146.26399,0.7500350361762137,1.0790668265285275,0.3290317903523138,43.86885605101398
63.75449_-147.95166,63.75449,-147.95166,0.6328377525125116,0.8657445929842904,0.2329068404717788,36.8035629270038
63.75642_-148.68768,63.75642,-148.68768,0.5999683375021342,0.8273448227291609,0.2273764852270267,37.89808078434104
63.75680_-144.74396,63.7568,-144.74396,1.5033353742493742,2.2124803302842557,0.7091449560348815,47.17144079636671
63.75742_-146.22734,63.75742,-146.22734,0.7490288278103758,0.9708332893435065,0.22180446153313071,29.612273025796377
63.75800_-147.37695,63.758,-147.37695,0.3242784429872061,0.491428697915484,0.1671502549282779,51.545287250214336
63.75887_-148.03235,63.75887,-148.03235,0.5449502303415618,0.7422156637318487,0.1972654333902869,36.19879805659421
63.75890_-145.23840,63.7589,-145.2384,0.8091197065971105,1.1087874868118712,0.2996677802147607,37.036272602364875
63.75897_-146.80214,63.75897,-146.80214,0.8872110534951427,1.2290664365088257,0.341855383013683,38.53146121962226
63.75909_-145.73288,63.75909,-145.73288,0.9279043569351592,1.2789994605188322,0.351095103583673,37.83742375597091
63.76035_-148.76849,63.76035,-148.76849,0.6431058110112091,0.8953952667492854,0.25228945573807626,39.22985166956903
63.42590_-144.71461,63.4259,-144.71461,0.2467885366027628,0.43752397113942365,0.19073543453666086,77.28699118779312
63.42696_-146.17886,63.42696,-146.17886,0.15238484487742507,0.4292663887309506,0.2768815438535255,181.69887174557465
63.42719_-148.60757,63.42719,-148.60757,0.6167084831181693,0.8499314182773741,0.23322293515920478,37.81737101782598
63.42804_-147.31369,63.42804,-147.31369,0.37811186479163866,0.5426766291322376,0.1645647643405989,43.5227718736844
63.42812_-145.20267,63.42812,-145.20267,0.0,0.22294481453117004,0.22294481453117004,inf
63.42847_-145.69080,63.42847,-145.6908,0.5265421007706356,0.7103483477428354,0.18380624697219983,34.90817670670304
63.42877_-146.74628,63.42877,-146.74628,0.0,0.26178777985686014,0.26178777985686014,inf
63.42924_-147.96063,63.42924,-147.96063,0.39996715570758556,0.5817350129389508,0.18176785723136524,45.44569588715305
63.43116_-148.68733,63.43116,-148.68733,0.5779223052854088,0.782270788749627,0.2043484834642182,35.35916187960595
63.43229_-144.79358,63.43229,-144.79358,0.3803330890332296,0.5588334401689967,0.17850035113576712,46.93263780690183
63.86490_-147.34445,63.8649,-147.34445,0.6520300871332207,0.8322606110448483,0.18023052391162753,27.64144285182401
63.86519_-145.19687,63.86519,-145.19687,1.4016153865091083,2.060898350686667,0.6592829641775588,47.037366350520905
63.86554_-145.69345,63.86554,-145.69345,1.085410154713783,1.5403072209573228,0.45489706624353965,41.910153896016716
63.86573_-146.76721,63.86573,-146.76721,0.6815808306032454,0.8854889622802947,0.20390813167704935,29.916940518496798
63.86593_-148.00262,63.86593,-148.00262,0.42158888940274286,0.5800765628881296,0.15848767348538673,37.59294361621181
63.86755_-148.74191,63.86755,-148.74191,0.875747688289942,1.3423319877499882,0.4665842994600462,53.27839350294349
63.86934_-144.78069,63.86934,-144.78069,1.2810021902960889,1.9210174540131608,0.640015263717072,49.962074113951346
63.86947_-146.27066,63.86947,-146.27066,0.8495004503281369,1.1278629465060916,0.2783624961779547,32.76778677049924
63.86967_-147.42538,63.86967,-147.42538,0.47388910123333977,0.6119920772645836,0.13810297603124383,29.142467229530748
63.87029_-148.08368,63.87029,-148.08368,0.25296071272883974,0.40477514814344506,0.15181443541460532,60.01502517007145
63.67427_-147.81073,63.67427,-147.81073,0.18207649095384223,0.40614157115968363,0.2240650802058414,123.0609613750979
63.67533_-146.09189,63.67533,-146.09189,0.7436139059195206,0.9793303099287505,0.23571640400922989,31.69876223841635
63.67582_-145.10617,63.67582,-145.10617,0.8518197142757418,1.1395382239064547,0.2877185096307129,33.77692542316246
63.67651_-145.59903,63.67651,-145.59903,0.8298733179345896,1.1809929123802767,0.3511195944456871,42.31002333218312
63.67699_-148.54443,63.67699,-148.54443,0.7130766352077587,0.9348261384617013,0.2217495032539426,31.097569644717737
63.67717_-147.23782,63.67717,-147.23782,0.012561571060728274,0.3242508356020656,0.31168926454133733,2481.292053633192
63.67752_-146.66484,63.67752,-146.66484,0.3665350730119704,0.5225811113295541,0.15604603831758368,42.57328965419019
63.67874_-147.89111,63.67874,-147.89111,0.34734785027301085,0.5259151318072399,0.17856728153422907,51.40877693467155
63.67968_-144.69305,63.67968,-144.69305,1.4890952167705385,2.138781619525689,0.6496864027551503,43.62960779392951
63.68088_-146.17197,63.68088,-146.17197,0.5976605950596318,0.7770350385458527,0.1793744434862209,30.012760581668225
62.89652_-148.81699,62.89652,-148.81699,0.42392510107432235,0.6172960037459763,0.1933709026716539,45.614402681419
62.89655_-144.92517,62.89655,-144.92517,0.6365894027428873,0.8553180990108151,0.2187286962679278,34.35946236702755
62.89758_-145.88153,62.89758,-145.88153,0.6204761419700036,0.8392300860608723,0.2187539440908688,35.25581876465514
62.89798_-145.40334,62.89798,-145.40334,0.5981806263743981,0.8123423660786533,0.21416173970425523,35.802185871899596
62.89962_-147.54933,62.89962,-147.54933,0.5230077283436286,0.693110163855646,0.17010243551201742,32.523885650931724
62.89967_-148.18320,62.89967,-148.1832,0.6425963281752574,0.8412663761840518,0.1986700480087944,30.916772987630655
62.89985_-144.52435,62.89985,-144.52435,0.686237555325414,0.9369886374598777,0.25075108213446373,36.53998242861505
62.90073_-146.43742,62.90073,-146.43742,0.5627444690959368,0.7771308409106136,0.2143863718146768,38.0965755485956
62.90139_-146.99339,62.90139,-146.99339,0.6535374043791761,0.882951918193142,0.22941451381396594,35.10350169351008
62.90279_-145.00258,62.90279,-145.00258,0.6332439840880315,0.8538383766593998,0.22059439257136826,34.83560809330989
63.21965_-146.33076,63.21965,-146.33076,0.3164139298708838,0.4968432502759096,0.1804293204050258,57.023191260464415
63.21992_-148.09818,63.21992,-148.09818,0.5155673787695989,0.6992459428961052,0.1836785641265063,35.62649067612754
63.22039_-144.87820,63.22039,-144.8782,0.11890472163189036,0.381673427100108,0.2627687054682176,220.9909765246385
63.22078_-146.89360,63.22078,-146.8936,0.2572253897924863,0.4437114124516841,0.18648602265919778,72.49907282078307
63.22174_-145.84660,63.22174,-145.8466,0.5068807018315553,0.6912573434799653,0.18437664164840994,36.37476056637905
63.22199_-145.36240,63.22199,-145.3624,0.18289229681214336,0.3945310415363784,0.21163874472423505,115.71769200406423
63.22411_-147.53537,63.22411,-147.53537,0.6602653488710718,0.9178491526554342,0.2575838037843624,39.01216446157317
63.22421_-148.17720,63.22421,-148.1772,0.5214065533581149,0.6927268689297577,0.17132031557164273,32.85733837986031
63.22503_-146.40947,63.22503,-146.40947,0.4143748031893534,0.6026733681499421,0.18829856496058872,45.44160588706054
63.22580_-146.97241,63.2258,-146.97241,0.27562460815594464,0.4552238224612363,0.1795992143052917,65.16080530939999
63.27962_-146.14897,63.27962,-146.14897,0.4597595500304944,0.6491282884059952,0.18936873837550083,41.18864705756315
63.28053_-148.56381,63.28053,-148.56381,0.3886500478152608,0.5513352800664512,0.16268523225119036,41.8590537080084
63.28057_-145.17836,63.28057,-145.17836,0.0,0.07381985661307748,0.07381985661307748,inf
63.28101_-145.66367,63.28101,-145.66367,0.5789155264747644,0.8188126341687009,0.23989710769393646,41.4390522836312
63.28101_-147.27730,63.28101,-147.2773,0.4220100947214582,0.6057750602258216,0.18376496550436344,43.54515870660746
63.28156_-146.71312,63.28156,-146.71312,0.3060920447889257,0.532102290347077,0.2260102455581513,73.83734710060922
63.28238_-147.92056,63.28238,-147.92056,0.5814331487891855,0.7722884937575134,0.1908553449683279,32.82498518802679
63.28453_-148.64313,63.28453,-148.64313,0.43192149315087836,0.6070750963675275,0.1751536032166492,40.55218506004394
63.28468_-144.77161,63.28468,-144.77161,0.2183536832746752,0.47801989808686446,0.25966621481218927,118.92000671476903
63.28511_-146.22781,63.28511,-146.22781,0.4469994976011515,0.63371107222897,0.18671157462781857,41.7699741565297
63.26583_-146.47641,63.26583,-146.47641,0.48808419634955824,0.673853195003163,0.18576899865360474,38.06085098493128
63.26633_-147.04025,63.26633,-147.04025,0.40192924151996967,0.5825255973864544,0.1805963558664847,44.93237545582059
63.26822_-145.02121,63.26822,-145.02121,0.0,0.16415856767612352,0.16415856767612352,inf
63.26825_-148.32608,63.26825,-148.32608,0.4787873211303265,0.6350157684807585,0.15622844735043195,32.63003017323142
63.26847_-145.99138,63.26847,-145.99138,0.4648642335337707,0.6357514308939323,0.17088719736016156,36.76066796129353
63.26890_-147.68314,63.2689,-147.68314,0.5980618757482463,0.8088298662504723,0.21076799050222594,35.24183684815726
63.26927_-145.50629,63.26927,-145.50629,0.15846821489122373,0.41115734921868874,0.252689134327465,159.4572984247451
63.27113_-146.55527,63.27113,-146.55527,0.42027982376279505,0.6190207215746821,0.19874089781188709,47.28775605560737
63.27127_-147.11923,63.27127,-147.11923,0.4038284927743067,0.5943305792290281,0.1905020864547214,47.1740082394805
63.27184_-144.61462,63.27184,-144.61462,0.04888107769595765,0.34899996865477617,0.3001188909588185,613.9776475992828
63.64106_-145.61224,63.64106,-145.61224,0.757116168420915,1.0760880944240232,0.3189719260031082,42.12985263125134
63.64129_-148.55353,63.64129,-148.55353,0.6784491524105449,0.9212325158193433,0.24278336340879836,35.78504926215674
63.64157_-147.24875,63.64157,-147.24875,0.0,0.0,0.0,
63.64197_-146.67657,63.64197,-146.67657,0.0,0.13640405672795297,0.13640405672795297,inf
63.64306_-147.90114,63.64306,-147.90114,0.3301908562203971,0.5080242355723724,0.1778333793519753,53.85775408428463
63.64433_-144.70755,63.64433,-144.70755,0.8086124039197191,1.156147933756924,0.3475355298372049,42.97924792552515
63.64530_-148.63394,63.6453,-148.63394,0.7845572280925797,1.0868173816906115,0.3022601535980318,38.526208512907154
63.64537_-146.18439,63.64537,-146.18439,0.5180020491362802,0.6719473383956377,0.15394528925935747,29.719050246238748
63.64639_-147.32893,63.64639,-147.32893,0.0,0.0,0.0,
63.64654_-145.19980,63.64654,-145.1998,0.8450799631674585,1.1704529414883167,0.3253729783208582,38.5020344230293
62.70774_-144.83974,62.70774,-144.83974,0.8477831234746467,1.169472269286978,0.3216891458123312,37.944745171841284
62.70807_-147.36777,62.70807,-147.36777,0.5766567612404723,0.7691184343359372,0.1924616730954649,33.37542989723244
62.70904_-146.81587,62.70904,-146.81587,0.6542998390016914,0.8990903065442382,0.24479046754254674,37.41258257315786
62.70904_-147.99701,62.70904,-147.99701,0.5284689905708042,0.69697650763957,0.16850751706876577,31.88598008120765
62.70945_-145.78925,62.70945,-145.78925,0.7638454011366437,1.1208787621826486,0.3570333610460049,46.741573689482166
62.70951_-145.31448,62.70951,-145.31448,0.7798026306137635,1.112120090091183,0.3323174594774194,42.61558584585185
62.71079_-148.70383,62.71079,-148.70383,0.5621621079512655,0.7589646409134259,0.19680253296216033,35.00814625862712
62.71280_-147.44513,62.7128,-147.44513,0.6309187543820312,0.84085619684392,0.20993744246188883,33.274877470953804
62.71301_-146.34116,62.71301,-146.34116,0.7531052524774937,1.0971659665868776,0.3440607141093839,45.68560808433161
62.71338_-148.07449,62.71338,-148.07449,0.44567756077681,0.5844413743027568,0.1387638135259468,31.13547230964093
63.32601_-146.29462,63.32601,-146.29462,0.2724599056568425,0.4833476164131397,0.2108877107562972,77.40137406562336
63.32611_-147.42496,63.32611,-147.42496,0.5592692175146349,0.755317409190488,0.19604819167585308,35.05435048742387
63.32634_-144.83606,63.32634,-144.83606,0.2511124992388799,0.4978516143783749,0.24673911513949498,98.25839649056076
63.32676_-148.06935,63.32676,-148.06935,0.5989550139845281,0.7979690908202292,0.19901407683570105,33.22688218465133
63.32731_-146.85980,63.32731,-146.8598,0.27512182000841406,0.48469776413420596,0.2095759441257919,76.17568977967012
63.32797_-145.80846,63.32797,-145.80846,0.5398283196592848,0.7518282968401289,0.21199997718084407,39.27174056274944
63.32804_-148.79315,63.32804,-148.79315,0.5031280326204212,0.6789509921368216,0.17582295951640048,34.94596764975884
63.32809_-145.32225,63.32809,-145.32225,0.0,0.033839059257774105,0.033839059257774105,inf
63.33082_-147.50421,63.33082,-147.50421,0.5409948642501381,0.7272480068040953,0.1862531425539572,34.42789476608412
63.33107_-148.14871,63.33107,-148.14871,0.6139370726274882,0.8057153367338449,0.19177826410635668,31.237446418669013
62.72028_-144.99345,62.72028,-144.99345,0.794642265293741,1.1048172506939253,0.3101749854001843,39.033285661633855
62.72082_-145.94342,62.72082,-145.94342,0.7439002696963635,1.0665033641227946,0.3226030944264311,43.36644407429876
62.72145_-145.46843,62.72145,-145.46843,0.7210634397932671,1.006361879757719,0.2852984399644518,39.56634384989044
62.72192_-148.22954,62.72192,-148.22954,0.3980554559690118,0.5583663909913017,0.16031093502228988,40.273517827317484
62.72211_-147.59996,62.72211,-147.59996,0.597455881941148,0.8056388484499525,0.20818296650880452,34.844910360981515
62.72370_-146.49557,62.7237,-146.49557,0.6973427424406742,0.9545524638546503,0.25720972141397613,36.88426160624422
62.72380_-144.59535,62.7238,-144.59535,0.802691235534235,1.1386223694029531,0.3359311338687181,41.85060444133759
62.72411_-147.04779,62.72411,-147.04779,0.6825559585972298,0.9498706656152374,0.2673147070180075,39.16377897680145
62.72611_-148.30710,62.72611,-148.3071,0.4750351201015147,0.66481081473546,0.18977569463394528,39.949824045302236
62.72643_-146.02054,62.72643,-146.02054,0.7251597219896075,1.0398841308122404,0.31472440882263286,43.40070184250295
63.06018_-144.70020,63.06018,-144.7002,0.46679422717181557,0.646079088543134,0.17928486137131844,38.40768607134639
63.06153_-146.14383,63.06153,-146.14383,0.5534888530693411,0.743746961217566,0.19025810814822486,34.374334206219196
63.06247_-145.18138,63.06247,-145.18138,0.43048760121455604,0.625216960879697,0.194729359665141,45.23460353230648
63.06274_-148.53842,63.06274,-148.53842,0.3454254693429343,0.5337382708088236,0.18831280146588936,54.516188926108015
63.06291_-145.66263,63.06291,-145.66263,0.4522641787189201,0.6450140039111804,0.19274982519226025,42.618857354177784
63.06298_-147.26270,63.06298,-147.2627,0.48425802306118787,0.687694540162766,0.20343651710157812,42.00994251278995
63.06348_-146.70325,63.06348,-146.70325,0.4872105010494386,0.6707219896293622,0.18351148857992367,37.66574985240358
63.06446_-147.90056,63.06446,-147.90056,0.5022912620631295,0.6849493465345832,0.1826580844714537,36.36497352575819
63.06657_-144.77805,63.06657,-144.77805,0.4626971234859072,0.6405750549558754,0.17787793146996822,38.443708084860404
63.06675_-148.61703,63.06675,-148.61703,0.4260172482344988,0.6247744455033125,0.1987571972688137,46.654730082526825
63.19283_-148.26559,63.19283,-148.26559,0.4935920245875466,0.6693547433826044,0.17576271879505778,35.60890574395482
63.19318_-147.62454,63.19318,-147.62454,0.5852295598519612,0.8013317817459862,0.21610222189402495,36.92606059555328
63.19480_-144.56508,63.1948,-144.56508,0.0,0.24647778528716638,0.24647778528716638,inf
63.19487_-146.49997,63.19487,-146.49997,0.5293348426639068,0.7196622763852867,0.19032743372137984,35.95596178092991
63.19527_-147.06227,63.19527,-147.06227,0.34427988727828684,0.5282302170589858,0.18395032978069892,53.43046067399487
63.19701_-148.34457,63.19701,-148.34457,0.43872765597645524,0.6113761438834184,0.1726484879069632,39.352086779828745
63.19759_-145.04877,63.19759,-145.04877,0.288389054277953,0.4917721178817152,0.20338306360376218,70.52384984339211
63.19763_-146.01628,63.19763,-146.01628,0.4341085495586376,0.6166787606406847,0.18257021108204713,42.056350022976524
63.19776_-147.70340,63.19776,-147.7034,0.5188609713400655,0.7216742171436192,0.20281324580355375,39.08816754510302
63.19854_-145.53253,63.19854,-145.53253,0.5344494598585822,0.7276113554043778,0.19316189554579566,36.142219246868954
62.87754_-144.69313,62.87754,-144.69313,0.7027379709659654,0.9796498578973298,0.2769118869313645,39.4047139007913
62.87781_-147.79318,62.87781,-147.79318,0.49007216336504766,0.6729026278368553,0.18283046447180762,37.30684542790892
62.87901_-146.12668,62.87901,-146.12668,0.5678485719842626,0.8165960200169033,0.2487474480326407,43.805243211835446
62.87985_-145.17096,62.87985,-145.17096,0.6550858823791332,0.8783797001430477,0.22329381776391444,34.08618988291406
62.88034_-145.64883,62.88034,-145.64883,0.6380155320423637,0.868069436592876,0.23005390455051233,36.05772790735711
62.88066_-147.23773,62.88066,-147.23773,0.5988533364499159,0.7977349823379571,0.19888164588804125,33.210409591610315
62.88071_-148.50455,62.88071,-148.50455,0.6919749125897332,0.9552512257243857,0.2632763131346525,38.04708933006464
62.88105_-146.68219,62.88105,-146.68219,0.6030124329218705,0.9502313389703159,0.3472189060484454,57.580720909187775
62.88228_-147.87115,62.88228,-147.87115,0.4255494013594077,0.6082610835247635,0.18271168216535577,42.935480952784225
62.88392_-144.77045,62.88392,-144.77045,0.7034038912398506,1.0011136570059491,0.29770976576609853,42.324156785846355
62.80501_-146.62735,62.80501,-146.62735,0.5896513464155043,0.8180073781296587,0.22835603171415442,38.72729759752653
62.80547_-148.44446,62.80547,-148.44446,0.7072772433685708,0.9854988827076185,0.27822163933904775,39.33699860240846
62.80677_-147.81285,62.80677,-147.81285,0.6390303431007514,0.8913941882901489,0.2523638451893976,39.49168422345309
62.80709_-144.72116,62.80709,-144.72116,0.7193787893347678,0.9807414376814515,0.26136264834668366,36.3317145600545
62.80824_-146.15085,62.80824,-146.15085,0.5903728720175987,0.8140172755064101,0.22364440348881143,37.88189025767849
62.80929_-145.19771,62.80929,-145.19771,0.7051268017949833,0.9697307824684039,0.2646039806734206,37.5257301239777
62.80954_-148.52228,62.80954,-148.52228,0.7520674197824977,1.093340730709505,0.3412733109270074,45.37802089947011
62.80966_-145.67429,62.80966,-145.67429,0.6452110972211135,0.8727415538740867,0.22753045665297322,35.26449833751057
62.80971_-147.25890,62.80971,-147.2589,0.5785923956474298,0.767536324265985,0.18894392861855513,32.65579189078899
62.81020_-146.70486,62.8102,-146.70486,0.5806370350480712,0.8200348098931847,0.2393977748451135,41.23019380348235
62.74478_-145.77673,62.74478,-145.77673,0.6900322059392476,0.9630481928265313,0.2730159868872837,39.56568759217027
62.74637_-148.69525,62.74637,-148.69525,0.6996433284048028,0.9918799403756609,0.29223661197085804,41.76937020712566
62.74827_-147.43486,62.74827,-147.43486,0.5792960730039444,0.7842857186635276,0.20498964565958322,35.385989170720215
62.74839_-146.32938,62.74839,-146.32938,0.7005045557693947,0.9970583005248678,0.296553744755473,42.334306367180595
62.74891_-148.06506,62.74891,-148.06506,0.5033698752723549,0.6785501733955251,0.17518029812317026,34.80150615457205
62.74926_-144.90289,62.74926,-144.90289,0.7959750006504679,1.112727594315313,0.3167525936648451,39.79428919325306
62.74957_-146.88213,62.74957,-146.88213,0.6202463600567834,0.84914314363681,0.22889678358002663,36.90417200659931
62.75027_-148.77295,62.75027,-148.77295,0.8421761149848612,1.2697021128477135,0.4275259978628523,50.7644411015548
62.75050_-145.85391,62.7505,-145.85391,0.702033674912204,0.9837922668967721,0.2817585919845681,40.134626308318424
62.75078_-145.37839,62.75078,-145.37839,0.7363313008056404,1.054254459165961,0.3179231583603207,43.176645894649894
63.68100_-148.62497,63.681,-148.62497,0.7187454707342782,0.9346593091497603,0.21591383841548206,30.04037551637051
63.68196_-145.18600,63.68196,-145.186,0.9603031737440594,1.3506260734431204,0.390322899699061,40.645799198732014
63.68200_-147.31812,63.682,-147.31812,0.0,0.15948119854802123,0.15948119854802123,inf
63.68234_-145.67899,63.68234,-145.67899,0.8640660000484635,1.2053642704283016,0.3412982703798382,39.49909733292313
63.68270_-146.74503,63.6827,-146.74503,0.307374012360032,0.4769966400253843,0.1696226276653523,55.18444007773522
63.68316_-147.97156,63.68316,-147.97156,0.3951134572121848,0.5699921540603619,0.17487869684817703,44.26037474959078
63.68497_-148.70551,63.68497,-148.70551,0.7574241894518885,1.0153266826873875,0.25790249323549896,34.049941476272444
63.68608_-144.77281,63.68608,-144.77281,1.201970650069998,1.8069930865538852,0.6050224364838872,50.33587437835134
63.68636_-146.25206,63.68636,-146.25206,0.5700930811026432,0.7446197917060657,0.1745267106034225,30.613721932190856
63.68677_-147.39845,63.68677,-147.39845,0.0,0.11577858039714164,0.11577858039714164,inf
63.61355_-148.72324,63.61355,-148.72324,0.7785855969604583,1.127166897385972,0.34858130042551383,44.77109540509739
63.61535_-144.80151,63.61535,-144.80151,0.7442824427980215,1.002751829684422,0.25846938688640053,34.72732554522212
63.61535_-146.27664,63.61535,-146.27664,0.32155434520571746,0.465435763603922,0.14388141839820456,44.745599163387155
63.61552_-147.41983,63.61552,-147.41983,0.0,0.0684875099654115,0.0684875099654115,inf
63.61619_-148.07156,63.61619,-148.07156,0.6021635107446729,0.8024461853168331,0.2002826745721602,33.260513298867636
63.61672_-146.84824,63.61672,-146.84824,0.0,0.0,0.0,
63.61723_-145.29321,63.61723,-145.29321,0.8756148028333521,1.2729443659732378,0.39732956313988566,45.37720945947802
63.61723_-145.78494,63.61723,-145.78494,0.7273979021617845,1.0445496071470963,0.31715170498531187,43.60085505371343
63.61746_-148.80359,63.61746,-148.80359,0.8724737178720003,1.2528977604520661,0.3804240425800658,43.60292290614047
63.62024_-147.49998,63.62024,-147.49998,0.0,0.2779224507283119,0.2779224507283119,inf
62.85668_-145.33902,62.85668,-145.33902,0.6083024298334163,0.8210308417142913,0.212728411880875,34.97083053558255
62.85704_-148.74741,62.85704,-148.74741,0.6154183799938173,0.8629074427033628,0.24748906270954552,40.21476620702031
62.85946_-147.48167,62.85946,-147.48167,0.5177262024615337,0.6950020722155392,0.17727586975400556,34.241239657399205
62.85985_-148.11456,62.85985,-148.11456,0.7520715507676277,1.0976351487965208,0.34556359802889314,45.94823427055335
62.85994_-146.37149,62.85994,-146.37149,0.5703682415367405,0.8022082699217339,0.2318400283849934,40.647429415135015
62.86092_-146.92657,62.86092,-146.92657,0.64871666307096,0.8816515590581437,0.23293489598718375,35.90703141252657
62.86129_-144.93889,62.86129,-144.93889,0.6932921681986666,0.9375784678484385,0.2442862996497719,35.23569295243652
62.86222_-145.89398,62.86222,-145.89398,0.5750404081685209,0.7932903213549538,0.21824991318643294,37.95383943218001
62.86267_-145.41643,62.86267,-145.41643,0.6313800268002976,0.8658160962086026,0.23443606940830497,37.1307389301461
62.86412_-147.55951,62.86412,-147.55951,0.5287709259352829,0.6962607373830227,0.1674898114477399,31.675306495243888
64.00750_-147.30072,64.0075,-147.30072,0.731282530177318,0.9735160929267612,0.2422335627494432,33.12448373280673
64.00812_-146.72018,64.00812,-146.72018,0.6297185442605169,0.8411683849536045,0.2114498406930876,33.578468129979356
64.00873_-147.96262,64.00873,-147.96262,0.5942014352977418,0.7959336247379317,0.2017321894401899,33.95013499741988
64.01056_-148.70610,64.01056,-148.7061,0.8479728436687265,1.2451601301486037,0.3971872864798772,46.839623396600714
64.01093_-144.72241,64.01093,-144.72241,1.4134075736929625,2.1406042695632657,0.7271966958703031,51.44989381727153
64.01167_-146.22083,64.01167,-146.22083,0.8723283773689338,1.1601353651448254,0.28780698777589164,32.99296403081124
64.01229_-147.38208,64.01229,-147.38208,0.6387837724756402,0.8677017752928831,0.22891800281724284,35.836540106530734
64.01309_-145.22186,64.01309,-145.22186,1.2246279621861258,1.824533024587255,0.5999050624011293,48.98671930781476
64.01311_-148.04413,64.01311,-148.04413,0.6750152374876641,0.9483892917630741,0.27337405427540995,40.49894566719405
64.01328_-146.80145,64.01328,-146.80145,0.740501199611019,0.9958623073619871,0.2553611077509681,34.48490129186932
63.49273_-145.09602,63.49273,-145.09602,0.4112879682783877,0.5922077643574575,0.18091979607906977,43.9885943749784
63.49346_-145.58536,63.49346,-145.58536,0.0,0.15596223543027501,0.15596223543027501,inf
63.49437_-147.21243,63.49437,-147.21243,0.18655689083297455,0.3983549601418007,0.21179806930882616,113.53001669525582
63.49450_-148.50970,63.4945,-148.5097,0.31326930291842037,0.4959895168718762,0.18272021395345583,58.32688113748531
63.49462_-146.64355,63.49462,-146.64355,0.0,0.17993990167001878,0.17993990167001878,inf
63.49608_-147.86107,63.49608,-147.86107,0.32056044362090685,0.5175289721365517,0.19696852851564484,61.44505113942842
63.49656_-144.68588,63.49656,-144.68588,0.40952540912859403,0.5678151639331599,0.15828975480456586,38.65199845386436
63.49790_-146.15419,63.4979,-146.15419,0.18631792491584243,0.40399368877888303,0.2176757638630406,116.83028563213236
63.49852_-148.58966,63.49852,-148.58966,0.32368928508412365,0.5022287062399033,0.1785394211557797,55.15765562316314
63.49888_-145.17529,63.49888,-145.17529,0.10098569613301107,0.32619565956798335,0.2252099634349723,223.0117452855323
63.95379_-145.90948,63.95379,-145.90948,1.1480773751889735,1.662178674203786,0.5141012990148126,44.77932499368273
63.95425_-145.41116,63.95425,-145.41116,1.276754668581781,1.9230171372837597,0.6462624687019787,50.61759197793629
63.95449_-148.30792,63.95449,-148.30792,0.6065250140553455,0.8499218464104725,0.243396832355127,40.12972700461732
63.95500_-147.64743,63.955,-147.64743,0.6512848303486625,0.9040224667332537,0.25273763638459124,38.806006927766035
63.95677_-146.48875,63.95677,-146.48875,0.8244248061031989,1.061676242291997,0.23725143618879807,28.77781386882477
63.95718_-147.06812,63.95718,-147.06812,0.7087506428359038,0.8989278302351487,0.19017718739924483,26.832735789599322
63.95865_-148.38931,63.95865,-148.38931,0.6605315840124286,0.9506172577617293,0.2900856737493007,43.91700272486023
63.95909_-144.99353,63.95909,-144.99353,1.1889279130008479,1.731308817253091,0.5423809042522432,45.61932631249918
63.95945_-145.99039,63.95945,-145.99039,1.0792105629672926,1.5513387892034713,0.4721282262361788,43.74755422501248
63.95958_-147.72870,63.95958,-147.7287,0.8972211468342883,1.3931327564382632,0.49591160960397485,55.27194843252696
62.86412_-148.19252,62.86412,-148.19252,0.7417616290168406,1.0144662818888686,0.27270465287202794,36.76445939020614
62.86463_-144.53864,62.86463,-144.53864,0.6871104830685608,0.9319709744179931,0.24486049134943233,35.63626190884353
62.86529_-146.44911,62.86529,-146.44911,0.5628984793741896,0.7894691412108399,0.2265706618366503,40.25071485155609
62.86593_-147.00433,62.86593,-147.00433,0.6418371926937504,0.8641437694747245,0.2223065767809741,34.635976118486894
62.86753_-145.01620,62.86753,-145.0162,0.6905967199765644,0.9411161256732102,0.2505194056966459,36.275788524617866
62.86787_-145.97153,62.86787,-145.97153,0.5315834800150432,0.745849109842329,0.2142656298272858,40.30705202148538
62.86834_-148.27049,62.86834,-148.27049,0.7383126958765488,1.0248927761561046,0.28658008027955584,38.81554277477494
62.86860_-145.49387,62.8686,-145.49387,0.6564415484227359,0.919818162884084,0.2633766144613481,40.12186844269316
62.86872_-147.63739,62.86872,-147.63739,0.5251221117122711,0.6973787025044271,0.17225659079215605,32.80314939138198
62.87059_-146.52676,62.87059,-146.52676,0.5243617589610466,0.7352439472602097,0.21088218829916305,40.216927473315025
63.74152_-145.49234,63.74152,-145.49234,0.5932500159915886,0.8019934053421816,0.208743389350593,35.186411078588606
63.74337_-146.56090,63.74337,-146.5609,0.7319910508047609,0.9596839593955083,0.22769290859074742,31.10596889680806
63.74347_-147.13538,63.74347,-147.13538,0.42704495461476444,0.5852776998660615,0.15823274525129705,37.05294806586304
63.74390_-144.58406,63.7439,-144.58406,1.7050355801295058,2.536895753663718,0.8318601735342122,48.78843487072735
63.74434_-148.44543,63.74434,-148.44543,0.5725942347809807,0.7626468748626998,0.19005264008171907,33.191504303988474
63.74556_-147.79039,63.74556,-147.79039,0.5898179316437866,0.8023659096083091,0.21254797796452252,36.03620143798685
63.74636_-146.06674,63.74636,-146.06674,1.03300380169393,1.4323190788752003,0.39931527718127025,38.6557412979961
63.74661_-145.07825,63.74661,-145.07825,1.0759025954355736,1.4739132716517411,0.3980106762161675,36.993188593901934
63.74742_-145.57248,63.74742,-145.57248,0.7588275262276832,1.0450004933149475,0.28617296708726425,37.7125179564716
63.74836_-147.21588,63.74836,-147.21588,0.21022336878698628,0.369818441568196,0.1595950727812097,75.91690386377698
63.33932_-145.96634,63.33932,-145.96634,0.20363795424620473,0.4238991681685016,0.22026121392229686,108.16314411408499
63.33953_-148.30750,63.33953,-148.3075,0.5303422926316033,0.7007713239723271,0.17042903134072385,32.13566666445563
63.34006_-145.47992,63.34006,-145.47992,0.0,0.3007391831768656,0.3007391831768656,inf
63.34008_-147.66278,63.34008,-147.66278,0.5635745864463408,0.7534589919507702,0.1898844055044293,33.6928616142468
63.34209_-146.53178,63.34209,-146.53178,0.10364324149814286,0.39355698748612744,0.2899137459879846,279.7227699532916
63.34234_-147.09731,63.34234,-147.09731,0.5333976184851024,0.7265087974931175,0.1931111790080151,36.20398222932985
63.34241_-144.58578,63.34241,-144.58578,0.6937354977098862,0.9362172086201505,0.24248171091026427,34.953049355370865
63.34369_-148.38693,63.34369,-148.38693,0.4360297076311024,0.605165860474985,0.16913615284388261,38.79005257755928
63.34464_-147.74210,63.34464,-147.7421,0.5577219139379428,0.7449329644107439,0.18721105047280107,33.56709603733302
63.34494_-146.04532,63.34494,-146.04532,0.21497055145643568,0.4427231948450213,0.22775264338858564,105.94597345801584
63.36373_-148.78448,63.36373,-148.78448,0.6110055086055091,0.8159470407095186,0.20494153210400956,33.54168321194768
63.36639_-147.49377,63.36639,-147.49377,0.5679329517384011,0.7687777585068745,0.20084480676847338,35.3641756749106
63.36669_-148.13916,63.36669,-148.13916,0.6100392291826022,0.8200348470411936,0.20999561785859133,34.423297357444795
63.36689_-146.36163,63.36689,-146.36163,0.0,0.11462744439954267,0.11462744439954267,inf
63.36789_-146.92770,63.36789,-146.9277,0.4384820012171171,0.6255630617449426,0.18708106052782547,42.66561911515978
63.36797_-144.90074,63.36797,-144.90074,0.046776442642466096,0.3299638867248694,0.2831874440824033,605.4061148833729
63.36912_-145.87469,63.36912,-145.87469,0.26263056459547707,0.51422502201309,0.2515944574176129,95.79785879268744
63.36947_-145.38771,63.36947,-145.38771,0.0,0.00887407922667347,0.00887407922667347,inf
63.37096_-148.21866,63.37096,-148.21866,0.6304435473948538,0.8538497420468041,0.22340619465195033,35.43635200568221
63.37105_-147.57314,63.37105,-147.57314,0.5668220499292653,0.7674347604314415,0.20061271050217622,35.39253819205005
63.35771_-146.76924,63.35771,-146.76924,0.22166779338286602,0.4525122876939667,0.23084449431110066,104.13984403786823
63.35802_-147.98026,63.35802,-147.98026,0.5641090672349203,0.7693488462265454,0.20523977899162515,36.3829959333297
63.35982_-148.70493,63.35982,-148.70493,0.6372371544179343,0.8549206660097451,0.21768351159181087,34.160517804497374
63.36148_-146.28250,63.36148,-146.2825,0.0,0.23242081073190318,0.23242081073190318,inf
63.36165_-144.82196,63.36165,-144.82196,0.07137434718947581,0.3473374139341332,0.27596306674465737,386.64180845264286
63.36168_-147.41441,63.36168,-147.41441,0.5442394239275286,0.734329727034432,0.19009030310690345,34.92769813239697
63.36238_-148.05969,63.36238,-148.05969,0.5693517300652756,0.7852904043143353,0.21593867424905966,37.927113038596104
63.36283_-146.84845,63.36283,-146.84845,0.304226276527026,0.510062604571532,0.20583632804450597,67.65895779755911
63.36340_-145.79567,63.3634,-145.79567,0.5596062971375646,0.8126160260558939,0.2530097289183293,45.212094683797574
63.36346_-145.30879,63.36346,-145.30879,0.0,0.06156682153367053,0.06156682153367053,inf
63.60109_-147.17960,63.60109,-147.1796,0.0,0.0,0.0,
63.60122_-146.60832,63.60122,-146.60832,0.0,0.0,0.0,
63.60154_-148.48232,63.60154,-148.48232,0.5459162915256142,0.7343235442129892,0.18840725268737502,34.512113965467734
63.60254_-144.64249,63.60254,-144.64249,0.6682735616559787,0.9167880394130938,0.2485144777571151,37.18753696335037
63.60296_-147.83095,63.60296,-147.83095,0.4750399217356943,0.6858604432930452,0.21082052155735087,44.37953778433142
63.60436_-146.11691,63.60436,-146.11691,0.5712118534291225,0.7426305474318595,0.17141869400273702,30.00965280633958
63.60501_-145.13393,63.60501,-145.13393,0.4220859083308475,0.5673943258231408,0.14530841749229323,34.42626598621122
63.60560_-148.56259,63.6056,-148.56259,0.5729549142349958,0.7699590500251152,0.19700413579011944,34.38388098183216
63.60562_-145.62543,63.60562,-145.62543,0.5606896874219811,0.7648681411367425,0.2041784537147614,36.4155892814013
63.60595_-147.25964,63.60595,-147.25964,0.0,0.0,0.0,
62.78500_-146.87106,62.785,-146.87106,0.4583692963276954,0.6353159929627388,0.17694669663504337,38.60352297867294
62.78583_-145.84146,62.78583,-145.84146,0.6587899433783606,0.9149925790331924,0.2562026356548318,38.8898826143264
62.78585_-148.76447,62.78585,-148.76447,0.8920399509323106,1.4055880751761993,0.5135481242438887,57.57008121745633
62.78607_-145.36530,62.78607,-145.3653,0.716162773468371,1.0216296829063827,0.3054669094380117,42.65327949938499
62.78846_-147.50217,62.78846,-147.50217,0.5199852262105948,0.7034402298743531,0.18345500366375822,35.2808107647002
62.78874_-148.13333,62.78874,-148.13333,0.6610846947436466,0.9605197851991376,0.299435090455491,45.29451261484809
62.78915_-146.39497,62.78915,-146.39497,0.6720008952887906,0.9819058652957559,0.30990497000696526,46.11674957274936
62.79004_-146.94858,62.79004,-146.94858,0.49580536943434894,0.6799276486588546,0.18412227922450564,37.1359994415885
62.79079_-144.96625,62.79079,-144.96625,0.7516365372125811,1.051762939093988,0.30012640188140693,39.929724943177405
62.79150_-145.91876,62.7915,-145.91876,0.6300538279007474,0.8710260696421968,0.24097224174144938,38.24629437524977
63.44622_-145.44006,63.44622,-145.44006,0.0,0.13131744756244315,0.13131744756244315,inf
63.44644_-148.27942,63.44644,-148.27942,0.48875739756533615,0.6664811082464532,0.1777237106811171,36.36235718710719
63.44685_-147.63200,63.44685,-147.632,0.32168191194023155,0.4962161809639653,0.17453426902373376,54.25678676523229
63.44831_-144.54224,63.44831,-144.54224,0.2601517465044989,0.42492716809490677,0.16477542159040787,63.338195420324936
63.44859_-146.49631,63.44859,-146.49631,0.0,0.0709619399044652,0.0709619399044652,inf
63.44899_-147.06418,63.44899,-147.06418,0.414680018651857,0.5964481488562112,0.18176813020435423,43.83334668385769
63.45062_-148.35919,63.45062,-148.35919,0.4368811965345682,0.6182882112776995,0.1814070147431313,41.52319124331493
63.45116_-145.03073,63.45116,-145.03073,0.32109270547987534,0.49152219116064577,0.17042948568077043,53.07796869008978
63.45130_-146.00781,63.4513,-146.00781,0.4629282791875695,0.6863320855533073,0.22340380636573776,48.25883758015546
63.45143_-147.71167,63.45143,-147.71167,0.3971879027794205,0.5812709599713055,0.184083057191885,46.34659210507629
63.53959_-147.36121,63.53959,-147.36121,0.0,0.2759122844344414,0.2759122844344414,inf
63.54037_-145.24097,63.54037,-145.24097,0.041336616783122115,0.27354775081766536,0.23221113403454324,561.7565057461496
63.54049_-146.79132,63.54049,-146.79132,0.0,0.2962769610333721,0.2962769610333721,inf
63.54054_-148.01100,63.54054,-148.011,0.3812552735955792,0.5780720857470252,0.19681681215144597,51.623367801653444
63.54056_-145.73122,63.54056,-145.73122,0.3838088343577595,0.5812908494350114,0.19748201507725194,51.45322290658196
63.54216_-148.74086,63.54216,-148.74086,0.5459328671071086,0.7474872088063138,0.20155434169920516,36.91925396747756
63.54433_-146.30110,63.54433,-146.3011,0.0,0.023216942226884404,0.023216942226884404,inf
63.54433_-147.44110,63.54433,-147.4411,0.0,0.1508991586048845,0.1508991586048845,inf
63.54466_-144.83006,63.54466,-144.83006,0.9981602626942496,1.394650047751595,0.39648978505734545,39.72205665522429
63.54489_-148.09102,63.54489,-148.09102,0.44019900542129264,0.6316108640302138,0.19141185860892118,43.48302841478035
63.52610_-148.42056,63.5261,-148.42056,0.2680934212078995,0.4459739605301437,0.17788053932224424,66.35020677523545
63.52721_-147.77113,63.52721,-147.77113,0.14367784531475247,0.3930837442409483,0.2494058989261958,173.58688695520647
63.52782_-146.06221,63.52782,-146.06221,0.43845505643155613,0.6166773253730319,0.17822226894147575,40.64778506421368
63.52809_-145.08217,63.52809,-145.08217,0.41011925457465753,0.5563853205884931,0.14626606601383557,35.66427676396976
63.52890_-145.57219,63.5289,-145.57219,0.023749249864514085,0.31675341701029974,0.29300416714578564,1233.740723674771
63.52993_-147.20151,63.52993,-147.20151,0.02492590584924633,0.32773921012297835,0.30281330427373204,1214.85375939863
63.53013_-146.63184,63.53013,-146.63184,0.0,0.0,0.0,
63.53019_-148.50061,63.53019,-148.50061,0.31782322420464776,0.4874935082785912,0.16967028407394347,53.38511195918522
63.53170_-147.85106,63.5317,-147.85106,0.15396969231452762,0.3918670836196544,0.23789739130512677,154.50923342702575
63.53188_-144.67146,63.53188,-144.67146,0.440464506522923,0.5841229670312604,0.14365846050833742,32.61521833901979
62.90323_-145.95917,62.90323,-145.95917,0.5913933842731633,0.8037671644837016,0.2123737802105382,35.91074669723448
62.90390_-148.26128,62.9039,-148.26128,0.6278341645824812,0.8376736908350817,0.2098395262526005,33.42276322158206
62.90392_-145.48087,62.90392,-145.48087,0.6415782291381693,0.8860729455974421,0.2444947164592728,38.1083249641594
62.90424_-147.62730,62.90424,-147.6273,0.475181439736389,0.6458167121045849,0.17063527236819592,35.90949858286917
62.90604_-146.51520,62.90604,-146.5152,0.5561717702961056,0.7773301396739555,0.22115836937784983,39.7644003506516
62.90633_-144.60168,62.90633,-144.60168,0.6786309868430205,0.9327778177884103,0.2541468309453898,37.4499302084151
62.90635_-147.07126,62.90635,-147.07126,0.6160180724987647,0.820935886479181,0.2049178139804163,33.26490295150021
62.90807_-148.33939,62.90807,-148.33939,0.5987927469023937,0.809794598823116,0.2110018519207223,35.23787704715078
62.90881_-147.70529,62.90881,-147.70529,0.4470685174254124,0.6189497397945958,0.17188122236918335,38.44628187174005
62.90884_-146.03685,62.90884,-146.03685,0.5868847434522835,0.8003513822244495,0.21346663877216598,36.37283830492381
63.72753_-148.12277,63.72753,-148.12277,0.41898683301671164,0.5969478387546209,0.17796100573790924,42.47412847238832
63.72781_-144.83830,63.72781,-144.8383,1.2819438143383755,2.00528852119767,0.7233447068592946,56.42561700199165
63.72850_-146.89407,63.7285,-146.89407,0.6481653694346137,0.8799792531363718,0.23181388370175815,35.76462036285067
63.72939_-145.82608,63.72939,-145.82608,0.9637275596300516,1.3871136321636315,0.42338607253357985,43.9321329252124
63.72953_-145.33218,63.72953,-145.33218,0.4593802150031035,0.603280530262351,0.14390031525924746,31.324883083672923
63.73181_-147.54871,63.73181,-147.54871,0.3209764249765177,0.5238957257585299,0.20291930078201226,63.219378431564756
63.73181_-148.20340,63.73181,-148.2034,0.48471874604451193,0.6839528846108124,0.19923413856630046,41.10303968891781
63.73272_-146.40024,63.73272,-146.40024,0.6944442950597032,0.8935845212572722,0.199140226197569,28.67619874110254
63.73354_-146.97449,63.73354,-146.97449,0.6887438691639025,0.9429025325130528,0.25415866334915027,36.901767801967516
63.73412_-144.91824,63.73412,-144.91824,1.2563034715120547,1.9564265449032439,0.7001230733911892,55.72881785867702
63.09364_-147.17354,63.09364,-147.17354,0.27238956965368744,0.44220282464078564,0.1698132549870982,62.34205487493393
63.09377_-146.61343,63.09377,-146.61343,0.46381305616585455,0.6335337063713568,0.1697206502055022,36.59246930401457
63.09428_-148.45081,63.09428,-148.45081,0.35258018239177324,0.5295867565386198,0.1770065741468465,50.20321135070597
63.09547_-144.68604,63.09547,-144.68604,0.42343217225935653,0.6159805227247559,0.19254835046539936,45.47324532238461
63.09557_-147.81216,63.09557,-147.81216,0.45704411915758897,0.6432947973695899,0.18625067821200098,40.751137670317924
63.09694_-146.13164,63.09694,-146.13164,0.46484326503006657,0.6428352093998095,0.17799194436974297,38.29074394747448
63.09777_-145.16788,63.09777,-145.16788,0.4197375201619613,0.6134017482360729,0.19366422807411154,46.13936538229502
63.09827_-145.64977,63.09827,-145.64977,0.4850951631577478,0.68714585561114,0.20205069245339224,41.65176398340783
63.09834_-148.52951,63.09834,-148.52951,0.3104925306262766,0.48792781756674625,0.17743528694046967,57.146394659663855
63.09849_-147.25201,63.09849,-147.25201,0.34953520578200103,0.5382922898844712,0.18875708410247016,54.00230963292283
62.83227_-145.02982,62.83227,-145.02982,0.7324693273541001,1.0239795320097373,0.29151020465563726,39.79828148008053
62.83249_-145.98383,62.83249,-145.98383,0.5529465079210658,0.7847662624515397,0.23181975453047388,41.92444498873055
62.83278_-148.27968,62.83278,-148.27968,0.7933939538535629,1.1715799812262004,0.3781860273726375,47.66686531145906
62.83322_-147.64743,62.83322,-147.64743,0.49620105656739333,0.6613634013055494,0.16516234473815605,33.285367403429525
62.83330_-145.50681,62.8333,-145.50681,0.6578686547312139,0.9063034596205644,0.24843480488935044,37.763587473376994
62.83518_-146.53833,62.83518,-146.53833,0.5538716105022394,0.7653709333034855,0.21149932280124606,38.185622586697086
62.83543_-147.09290,62.83543,-147.0929,0.6275653943824007,0.8425468615854983,0.21498146720309763,34.25642476903384
62.83589_-144.63000,62.83589,-144.63,0.7141133463046998,0.9870071877688068,0.272893841464107,38.21435950976723
62.83694_-148.35757,62.83694,-148.35757,0.7972741351594452,1.188611221891241,0.3913370867317958,49.08438258235144
62.83778_-147.72522,62.83778,-147.72522,0.5237291633081858,0.705255119147332,0.1815259558391462,34.66027262879921
62.87089_-147.08209,62.87089,-147.08209,0.6181421664253562,0.8258026497426004,0.20766048331724418,33.594291830651265
62.87111_-144.61586,62.87111,-144.61586,0.7127477382386103,0.9945029140851419,0.28175517584653165,39.53084109994145
62.87251_-148.34848,62.87251,-148.34848,0.7350321439767613,1.0367596679364721,0.3017275239597108,41.04956857087466
62.87329_-147.71527,62.87329,-147.71527,0.5233322475025751,0.7046549769810373,0.18132272947846217,34.647727202702136
62.87347_-146.04909,62.87347,-146.04909,0.5302062396847042,0.7535306409741942,0.22332440128949005,42.12028915810074
62.87370_-145.09357,62.8737,-145.09357,0.6751692497375994,0.9127350914034971,0.23756584166589767,35.18611692671523
62.87449_-145.57132,62.87449,-145.57132,0.6604641141188021,0.9084046708152697,0.24794055669646753,37.54035251820946
62.87579_-147.15990,62.87579,-147.1599,0.6148609677041531,0.8158603940322202,0.2009994263280671,32.6902237880841
62.87585_-146.60446,62.87585,-146.60446,0.5357661335663693,0.7580066112524487,0.22224047768607946,41.48087453880638
62.87663_-148.42651,62.87663,-148.42651,0.7263067522375344,1.0294823883145812,0.3031756360770468,41.742092462042116
63.28580_-147.35638,63.2858,-147.35638,0.5684406066694774,0.7751626719500899,0.20672206528061254,36.366519712905045
63.28666_-145.25699,63.28666,-145.25699,0.0,0.009025851919174606,0.009025851919174606,inf
63.28671_-146.79208,63.28671,-146.79208,0.35857122081105225,0.5614896591156897,0.20291843830463746,56.590832316563564
63.28678_-147.99976,63.28678,-147.99976,0.5813224638226696,0.7799403693623742,0.1986179055397046,34.16656294918138
63.28681_-145.74243,63.28681,-145.74243,0.6336742466191627,0.8726909590320355,0.2390167124128728,37.71917727256501
63.28848_-148.72244,63.28848,-148.72244,0.4453986185602497,0.6248334875276256,0.17943486896737587,40.286355073888366
63.29055_-146.30670,63.29055,-146.3067,0.45599920777941805,0.6476064223958735,0.19160721461645547,42.0191990134207
63.29055_-147.43549,63.29055,-147.43549,0.59836181164977,0.8073018164438484,0.20894000479407837,34.91867307139815
63.29103_-144.85016,63.29103,-144.85016,0.2157360641368592,0.5221749570072342,0.30643889287037496,142.04342426307335
63.29113_-148.07898,63.29113,-148.07898,0.5745522015776326,0.7569667625128129,0.18241456093518027,31.748996946543368
63.78883_-147.28549,63.78883,-147.28549,0.3349039385038416,0.4917390641314676,0.15683512562762603,46.82988391485489
63.78941_-146.70996,63.78941,-146.70996,0.5216669515995319,0.7061657523727737,0.18449880077324177,35.36716293940659
63.79015_-147.94168,63.79015,-147.94168,0.5417543447265875,0.7336421341359843,0.19188778940939688,35.41970475681903
63.79214_-148.67874,63.79214,-148.67874,0.6248151749976409,0.8805502960348877,0.2557351210372467,40.92972310383023
63.79219_-144.72946,63.79219,-144.72946,1.2993833057283979,1.9329512567087095,0.6335679509803116,48.75912659391535
63.79293_-146.21492,63.79293,-146.21492,0.7508589734552802,0.9685210350005402,0.21766206154526002,28.988407842238246
63.79363_-147.36615,63.79363,-147.36615,0.5779794555648304,0.7723324104548176,0.19435295488998716,33.626273913154186
63.79432_-145.22459,63.79432,-145.22459,1.1956606281504414,1.6995266910616114,0.50386606291117,42.14122728876644
63.79454_-148.02246,63.79454,-148.02246,0.640067404420153,0.8830505762386014,0.24298317181844842,37.96212244842723
63.79457_-145.71977,63.79457,-145.71977,1.0030469320506952,1.395964205128649,0.39291727307795377,39.172371752800025
63.41299_-144.55679,63.41299,-144.55679,0.5237287927864727,0.6829888213642705,0.15926002857779786,30.408873976636443
63.41309_-146.50818,63.41309,-146.50818,0.0,0.0,0.0,
63.41342_-147.07526,63.41342,-147.07526,0.43986500436667936,0.6061658672285475,0.16630086286186813,37.80725022698936
63.41498_-148.36847,63.41498,-148.36847,0.5502865904685657,0.738654252280862,0.18836766181229636,34.230829003465715
63.41580_-145.04460,63.4158,-145.0446,0.34742848626685185,0.5446806809727563,0.1972521947059045,56.774905484980756
63.41583_-147.72183,63.41583,-147.72183,0.4944047560011832,0.6869805223868948,0.19257576638571156,38.951034359639266
63.41585_-146.02036,63.41585,-146.02036,0.18873538069537335,0.43214372356942515,0.2434083428740518,128.9680514470802
63.41676_-145.53247,63.41676,-145.53247,0.17859620748554322,0.397717497562709,0.2191212900771658,122.69089761881027
63.41834_-147.15469,63.41834,-147.15469,0.5398059133745862,0.7245159439131532,0.18471003053856705,34.217859782946036
63.41837_-146.58749,63.41837,-146.58749,0.0,0.0014379597928525659,0.0014379597928525659,inf
63.14521_-145.79349,63.14521,-145.79349,0.4555390988464574,0.6585050021264787,0.2029659032800213,44.55510049389468
63.14529_-145.31073,63.14529,-145.31073,0.43132422480128896,0.611289190732254,0.179964965930965,41.723825276420506
63.14587_-148.75714,63.14587,-148.75714,0.32754371211113686,0.49508105490832827,0.1675373427971914,51.14961350268429
63.14834_-147.47728,63.14834,-147.47728,0.6220148908639025,0.8558703291685296,0.23385543830462707,37.596437278186464
63.14871_-148.11725,63.14871,-148.11725,0.3418080167304799,0.5151680887261825,0.17336007199570258,50.71855062205849
63.14874_-146.35469,63.14874,-146.35469,0.39849326663339835,0.5967178593807397,0.1982245927473414,49.74352375436797
63.14977_-146.91599,63.14977,-146.91599,0.430151123960702,0.6090153949814092,0.17886427102070723,41.58172815492818
63.14980_-144.90611,63.1498,-144.90611,0.36871214064488217,0.5619838101684013,0.1932716695235191,52.41803787244014
63.15091_-145.87186,63.15091,-145.87186,0.4485851169456576,0.6529381491434934,0.20435303219783574,45.555018318316485
63.15129_-145.38898,63.15129,-145.38898,0.4331296958240396,0.6203011717346572,0.18717147591061756,43.213725060924155
63.03331_-147.98874,63.03331,-147.98874,0.43233530813392385,0.6039815393894757,0.1716462312555519,39.70210806894849
63.03333_-145.75342,63.03333,-145.75342,0.6094992738775727,0.8473445028059622,0.23784522892838944,39.02305369705236
63.03509_-148.70438,63.03509,-148.70438,0.3106443234248206,0.4894283548364332,0.1787840314116126,57.552647169128235
63.03701_-146.31219,63.03701,-146.31219,0.5338227578198109,0.7409340560233464,0.20711129820353547,38.79776483291947
63.03701_-147.42996,63.03701,-147.42996,0.6925253683168031,0.9996578033984078,0.3071324350816047,44.34962950571706
63.03764_-144.86984,63.03764,-144.86984,0.5590999488153257,0.7453888183221904,0.18628886950686474,33.31942167077486
63.03765_-148.06720,63.03765,-148.0672,0.36375191266796253,0.5259753306381398,0.1622234179701773,44.59726872096393
63.03825_-146.87109,63.03825,-146.87109,0.546324636355595,0.7543733536453455,0.2080487172897505,38.081518468139244
63.03899_-148.78293,63.03899,-148.78293,0.34648817150168115,0.5377971487252801,0.1913089772235989,55.21371087343761
63.03906_-145.83142,63.03906,-145.83142,0.6159589655068285,0.8571054191367002,0.24114645362987175,39.14975950247751
63.13311_-145.15433,63.13311,-145.15433,0.4349705775956671,0.629705880133557,0.1947353025378899,44.76976433999377
63.13363_-145.63687,63.13363,-145.63687,0.4926401368201114,0.6913482626526453,0.1987081258325339,40.335350488320564
63.13396_-148.52057,63.13396,-148.52057,0.2908637132199662,0.45795651096548223,0.16709279774551605,57.44711015882268
63.13404_-147.24133,63.13404,-147.24133,0.35614411246106215,0.5539708728996947,0.19782676043863257,55.54682880241669
63.13443_-146.68036,63.13443,-146.68036,0.442550655130802,0.6276031516716039,0.18505249654080186,41.814986464342034
63.13560_-147.88095,63.1356,-147.88095,0.44604644603820165,0.6513781759058248,0.20533172986762316,46.03371054547927
63.13714_-144.74988,63.13714,-144.74988,0.3294725267886447,0.5199859525211173,0.19051342573247265,57.823766852246905
63.13786_-146.19780,63.13786,-146.1978,0.34049463849554173,0.5287617298746075,0.18826709137906572,55.292233737046296
63.13799_-148.59940,63.13799,-148.5994,0.28634432493840767,0.46428043641862365,0.17793611148021599,62.14061044111485
63.13885_-147.31995,63.13885,-147.31995,0.37231293414789923,0.5631389617324616,0.19082602758456235,51.254203139974116
63.96701_-147.23047,63.96701,-147.23047,0.6891288456987723,0.9029932670000357,0.21386442130126337,31.034025441846975
63.96732_-146.65088,63.96732,-146.65088,0.8004055863839646,1.048559351841924,0.24815376545795942,31.003502434191777
63.96858_-147.89130,63.96858,-147.8913,0.7492363175314769,1.0234482115244565,0.2742118939929796,36.59885240166023
63.96910_-144.65637,63.9691,-144.65637,1.2364365724124973,1.8092137203058882,0.572777147893391,46.324830619965056
63.97061_-146.15231,63.97061,-146.15231,0.9481912901521709,1.2748496842030432,0.3266583940508724,34.45068494548695
63.97084_-148.63361,63.97084,-148.63361,0.7681972499640736,1.1113591314543796,0.343161881490306,44.67106351999499
63.97149_-145.15500,63.97149,-145.155,1.3192898544012035,1.9478166199121154,0.6285267655109119,47.64129455055851
63.97185_-147.31171,63.97185,-147.31171,0.7383445487729189,0.9713489804790456,0.23300443170612672,31.55768293994519
63.97201_-145.65367,63.97201,-145.65367,1.325091573327132,2.021534184431249,0.6964426111041169,52.5580741076966
63.97252_-146.73199,63.97252,-146.73199,0.7036305764959436,0.9097369658585108,0.2061063893625672,29.291846637616292
63.25140_-145.75525,63.2514,-145.75525,0.5747347999165233,0.7923363412256366,0.21760154130911324,37.86120856797231
63.25283_-148.73114,63.25283,-148.73114,0.44338303744956836,0.6245182618587475,0.18113522440917912,40.852989201189715
63.25498_-147.44598,63.25498,-147.44598,0.6240152221636466,0.8655998312560611,0.24158460909241453,38.7145378048261
63.25510_-146.31876,63.2551,-146.31876,0.3919350352419152,0.587450606817361,0.19551557157544586,49.88468853129377
63.25553_-148.08859,63.25553,-148.08859,0.5627893182884394,0.7500982851405211,0.18730896685208176,33.28225337000491
63.25570_-144.86420,63.2557,-144.8642,0.0,0.34533138464742363,0.34533138464742363,inf
63.25630_-146.88235,63.2563,-146.88235,0.2167285362585338,0.40227215455612286,0.18554361829758906,85.61106972837923
63.25672_-148.81039,63.25672,-148.81039,0.4054326333044294,0.5850150871257067,0.1795824538212773,44.29403039356066
63.25714_-145.83392,63.25714,-145.83392,0.528182298395106,0.7201892860598862,0.1920069876647802,36.35240867560269
63.25734_-145.34906,63.25734,-145.34906,0.0,0.24823727392556125,0.24823727392556125,inf
63.39835_-146.83710,63.39835,-146.8371,0.3703338805108817,0.5620931492025556,0.19175926869167392,51.780104058299735
63.39882_-145.29529,63.39882,-145.29529,0.0,0.007211957589242086,0.007211957589242086,inf
63.39882_-145.78285,63.39882,-145.78285,0.7061573470157236,1.046298870268994,0.3401415232532703,48.167950767734
63.39940_-148.77582,63.3994,-148.77582,0.5531642524038358,0.7323290588090108,0.17916480640517496,32.38907894474284
63.40197_-147.48328,63.40197,-147.48328,0.5202216607866773,0.7177968671765664,0.19757520638988912,37.979042643306435
63.40232_-148.12958,63.40232,-148.12958,0.5228632318566753,0.7257326862274457,0.20286945437077042,38.799717021674226
63.40240_-146.34959,63.4024,-146.34959,0.0,0.046498387304482205,0.046498387304482205,inf
63.40329_-144.88669,63.40329,-144.88669,0.38557670770353475,0.6047263516481567,0.21914964394462194,56.83684713474017
63.40342_-146.91644,63.40342,-146.91644,0.44228314557084697,0.6221821259292865,0.1798989803584395,40.67507029377009
63.40455_-145.86198,63.40455,-145.86198,0.5266463330779791,0.7596119710880136,0.23296563801003445,44.23568975567895
63.91153_-146.91739,63.91153,-146.91739,0.8123303636151529,1.0369012673673246,0.2245709037521717,27.645267715065213
63.91257_-145.84164,63.91257,-145.84164,1.2263121904575829,1.7737041808028722,0.5473919903452893,44.63724609481676
63.91278_-145.34413,63.91278,-145.34413,1.3212022766786014,1.9717303435491342,0.6505280668705329,49.23758294648941
63.91456_-148.23622,63.91456,-148.23622,0.39464358226833307,0.5538824434279457,0.1592388611596126,40.35004452481888
63.91471_-147.57677,63.91471,-147.57677,0.4624140676242845,0.6123153906203754,0.14990132299609094,32.41711995619629
63.91586_-146.41995,63.91586,-146.41995,0.8132893306065277,1.0557930052957718,0.24250367468924405,29.817638761889548
63.91655_-146.99838,63.91655,-146.99838,0.8463709232076284,1.0848975602181015,0.23852663701047305,28.18228160609419
63.91740_-144.92719,63.9174,-144.92719,1.1196624073001087,1.5689448793028191,0.44928247200271043,40.1266014714279
63.91828_-145.92239,63.91828,-145.92239,1.1568137050288216,1.6318318001472227,0.4750180951184011,41.06262685628938
63.91877_-148.31747,63.91877,-148.31747,0.4383408065868062,0.6075040124478245,0.1691632058610183,38.59170839653924
63.24562_-145.67661,63.24562,-145.67661,0.5807637440412967,0.801533437762707,0.2207696937214103,38.01368387516145
63.24607_-146.72461,63.24607,-146.72461,0.35861277277347503,0.5536510359667396,0.19503826319326456,54.386870184477345
63.24679_-147.93039,63.24679,-147.93039,0.5120041484430156,0.6964640614108433,0.1844599129678277,36.02703484508144
63.24889_-148.65195,63.24889,-148.65195,0.4428993738515271,0.6057889843298017,0.16288961047827455,36.77801778353381
63.24937_-144.78577,63.24937,-144.78577,0.0,0.2571926803596223,0.2571926803596223,inf
63.24966_-146.23997,63.24966,-146.23997,0.3485551435823492,0.5210010523327377,0.17244590875038857,49.47449834710206
63.25023_-147.36697,63.25023,-147.36697,0.45391860700169817,0.656413834258458,0.20249522725675984,44.61047071727603
63.25118_-148.00948,63.25118,-148.00948,0.5341329763013525,0.7249572318292226,0.19082425552787008,35.72598285341756
63.25121_-146.80347,63.25121,-146.80347,0.34605360187427925,0.5504368620896942,0.20438326021541497,59.06115674232083
63.25130_-145.27048,63.2513,-145.27048,0.0,0.2861855350873152,0.2861855350873152,inf
63.45883_-148.51880,63.45883,-148.5188,0.4738664956830684,0.6566655737481243,0.1827990780650559,38.57607147379242
63.45910_-146.65521,63.4591,-146.65521,0.0,0.05763546939254634,0.05763546939254634,inf
63.46044_-147.87106,63.46044,-147.87106,0.42882527616136135,0.6154892808131529,0.18666400465179156,43.52915162154582
63.46124_-144.70027,63.46124,-144.70027,0.37034375538038,0.5358890742772581,0.16554531889687807,44.70044829751389
63.46243_-146.16655,63.46243,-146.16655,0.36282122679717876,0.597740990424236,0.23491976362705724,64.74807598795208
63.46286_-148.59863,63.46286,-148.59863,0.4881478838324016,0.6700486626260908,0.18190077879368916,37.263457410816535
63.46348_-145.18900,63.46348,-145.189,0.09450752138662463,0.357946927538793,0.2634394061521683,278.74967228740815
63.46363_-147.30293,63.46363,-147.30293,0.23224136065820616,0.4219815716898381,0.1897402110316319,81.69957775560746
63.46389_-145.67780,63.46389,-145.6778,0.18475439347060058,0.4114707127796577,0.2267163193090571,122.71227495606692
63.46429_-146.73474,63.46429,-146.73474,0.0,0.1878929818529254,0.1878929818529254,inf
63.62798_-144.96072,63.62798,-144.96072,0.908963016552234,1.2097338602755112,0.3007708437232772,33.089447892404245
63.62863_-145.94461,63.62863,-145.94461,1.3924310107520221,2.1705743009064546,0.7781432901544325,55.88379489869118
63.62896_-148.31242,63.62896,-148.31242,0.6469356329111983,0.9060091110628905,0.25907347815169224,40.04625266749745
63.62924_-145.45267,63.62924,-145.45267,0.5468439123639048,0.7117735106272729,0.16492959826336806,30.160269600590045
63.62953_-147.66037,63.62953,-147.66037,0.23533139680324072,0.478735971598619,0.2434045747953783,103.43055712149089
63.63140_-144.54837,63.6314,-144.54837,0.9567762818641028,1.3772598624575898,0.420483580593487,43.947951946953786
63.63147_-146.51651,63.63147,-146.51651,0.18979964023854506,0.36938427590280304,0.17958463566425797,94.61800635583471
63.63177_-147.08846,63.63177,-147.08846,0.0,0.06379038294400104,0.06379038294400104,inf
63.63312_-148.39276,63.63312,-148.39276,0.558388471249547,0.7729956131035506,0.21460714185400354,38.43330457266808
63.63408_-147.74060,63.63408,-147.7406,0.2385296124566896,0.4650989499208377,0.22656933746414812,94.98583221204322
63.89184_-144.60533,63.89184,-144.60533,1.1214132257536624,1.654844669815464,0.5334314440618015,47.56778605881886
63.89274_-147.83044,63.89274,-147.83044,0.9004419340641658,1.3604206995155201,0.4599787654513543,51.08366770250574
63.89400_-146.09671,63.894,-146.09671,0.9492919587296591,1.2983565162194088,0.34906455748974974,36.771043331797244
63.89446_-145.10242,63.89446,-145.10242,1.2864232368588744,1.8999908775062369,0.6135676406473625,47.69562792922974
63.89518_-145.59958,63.89518,-145.59958,1.24471607257099,1.8472199369392581,0.6025038643682681,48.40492363240577
63.89536_-148.57051,63.89536,-148.57051,0.7333281306338035,1.055401618765756,0.32207348813195247,43.91942360830882
63.89572_-147.25256,63.89572,-147.25256,0.7388152648320088,0.9397915707850222,0.2009763059530134,27.202511306897705
63.89613_-146.67462,63.89613,-146.67462,0.800114943172257,1.0577048563644824,0.25758991319222546,32.194113532106456
63.89721_-147.91153,63.89721,-147.91153,0.7860747643479655,1.1004978404671557,0.3144230761191902,39.999131174246294
63.89831_-144.68573,63.89831,-144.68573,1.2713345397382831,1.973251505760504,0.7019169660222209,55.211035654448395
63.02103_-145.11700,63.02103,-145.117,0.4030837221627565,0.5903976534163021,0.18731393125354562,46.470229620910445
63.02172_-145.59749,63.02172,-145.59749,0.43795899047977893,0.6210879247267622,0.1831289342469833,41.81417398153368
63.02263_-147.19505,63.02263,-147.19505,0.6560788752591656,0.9341480821526644,0.2780692068934988,42.3835025603675
63.02283_-146.63647,63.02283,-146.63647,0.5014357214842701,0.6742794984944505,0.1728437770101804,34.46977740208771
63.02308_-148.46881,63.02308,-148.46881,0.30725190343121334,0.4939011569358094,0.18664925350459605,60.7479567808056
63.02446_-147.83192,63.02446,-147.83192,0.5677976452387374,0.7906138032808989,0.22281615804216148,39.24217719298144
63.02493_-144.71432,63.02493,-144.71432,0.5869749169375647,0.7979627244042584,0.21098780746669377,35.9449443883368
63.02610_-146.15601,63.0261,-146.15601,0.5573955983618164,0.7473012454358658,0.18990564707404944,34.07017343376615
63.02713_-148.54730,63.02713,-148.5473,0.43511627065891256,0.63632615081409,0.2012098801551775,46.24278468154684
63.02716_-145.19485,63.02716,-145.19485,0.46925371206403543,0.6633808189491082,0.19412710688507273,41.369327912441044
63.51344_-147.53152,63.51344,-147.53152,0.15856067295044116,0.4259473022094672,0.267386629259026,168.63363675468185
63.51353_-148.18063,63.51353,-148.18063,0.38539864190762707,0.5807465279345195,0.19534788602689246,50.68722740172855
63.51423_-146.39287,63.51423,-146.39287,0.0,0.11266215946852942,0.11266215946852942,inf
63.51509_-146.96219,63.51509,-146.96219,0.3265520807794595,0.5137369774158483,0.18718489663638882,57.32160584908542
63.51562_-144.92354,63.51562,-144.92354,0.6983529724214833,0.9321750308434,0.23382205842191672,33.48193072210423
63.51656_-145.90312,63.51656,-145.90312,1.2730553335526476,2.236044244156602,0.9629889106039546,75.64391627161979
63.51704_-145.41333,63.51704,-145.41333,0.06475830898049316,0.32241860433990244,0.25766029535940926,397.8799005344983
63.51777_-148.26059,63.51777,-148.26059,0.3742713761513795,0.562165484425834,0.18789410827445452,50.202639113512646
63.51807_-147.61136,63.51807,-147.61136,0.042516292242143636,0.3284029483802372,0.28588665613809355,672.4167161846551
63.51891_-144.51300,63.51891,-144.513,0.513374420656539,0.678416928712077,0.165042508055538,32.148564754058086
63.20015_-146.57864,63.20015,-146.57864,0.48842971925919937,0.66422317361746,0.1757934543582606,35.99155567865245
63.20020_-147.14105,63.2002,-147.14105,0.3075363998540718,0.4896554995282384,0.18211909967416662,59.218713544342535
63.20115_-148.42358,63.20115,-148.42358,0.3931349546998971,0.5637269403982825,0.1705919856983854,43.39272905117487
63.20127_-144.64331,63.20127,-144.64331,0.0,0.14354814976349964,0.14354814976349964,inf
63.20229_-147.78229,63.20229,-147.78229,0.5095891847089403,0.7131979827277788,0.20360879801883847,39.95547867349908
63.20321_-146.09485,63.20321,-146.09485,0.38186389361702333,0.5604612684788175,0.17859737486179417,46.76990358269168
63.20376_-145.12711,63.20376,-145.12711,0.2724291343578603,0.4813441577558204,0.2089150233979601,76.68600639589866
63.20440_-145.61099,63.2044,-145.61099,0.541983274845144,0.7310476333000042,0.18906435845486025,34.883799414083384
63.20508_-147.21985,63.20508,-147.21985,0.3902524801638795,0.5777760799141523,0.18752359975027277,48.051866235808575
63.20523_-148.50261,63.20523,-148.50261,0.3613293911715797,0.5234812942071585,0.1621519030355788,44.87647752921929
63.29181_-146.87109,63.29181,-146.87109,0.2527779933093794,0.45922435329256905,0.20644635998318966,81.67101782888052
63.29237_-148.80179,63.29237,-148.80179,0.3822302532486173,0.5472646417442654,0.16503438849564805,43.176694438235195
63.29255_-145.82120,63.29255,-145.8212,0.5644874314621704,0.767154650952248,0.2026672194900776,35.902875457318224
63.29270_-145.33566,63.2927,-145.33566,0.0,0.06705076085613185,0.06705076085613185,inf
63.29525_-147.51462,63.29525,-147.51462,0.5604518732333752,0.7560605060921253,0.19560863285875008,34.90195005152522
63.29542_-148.15823,63.29542,-148.15823,0.5464158917826218,0.7164197251164661,0.17000383333384428,31.11253458958257
63.29596_-146.38562,63.29596,-146.38562,0.4259974976005963,0.6179338812582339,0.1919363836576376,45.05575378698396
63.29685_-146.95013,63.29685,-146.95013,0.32881954453311707,0.5172297136325512,0.18841016909943414,57.29895689958248
63.29732_-144.92874,63.29732,-144.92874,0.007702296736295876,0.3589035092898749,0.35120121255357906,4559.694654434669
63.29825_-145.90002,63.29825,-145.90002,0.43736185802610017,0.6163943639709004,0.17903250594480025,40.93464088359443
63.05376_-144.62238,63.05376,-144.62238,0.5812100389314057,0.7965765654538701,0.21536652652246446,37.05485316778604
63.05457_-148.38124,63.05457,-148.38124,0.39722114092495775,0.5687760383665603,0.17155489744160257,43.18876307593417
63.05551_-147.74359,63.05551,-147.74359,0.5428302369910711,0.7597747446149836,0.21694450762391249,39.96544275544491
63.05598_-146.06569,63.05598,-146.06569,0.5826201036779677,0.8023256245735434,0.2197055208955757,37.70991071345073
63.05632_-145.10345,63.05632,-145.10345,0.37043378353898465,0.5648301547613964,0.19439637122241177,52.47803517411997
63.05708_-145.58456,63.05708,-145.58456,0.4759016598512973,0.6677710465871824,0.19186938673588516,40.31702406666068
63.05813_-147.18431,63.05813,-147.18431,0.41561288144851033,0.588862752458926,0.17324987101041572,41.68539492967553
63.05828_-146.62497,63.05828,-146.62497,0.48809991474273273,0.6572102344552058,0.16911031971247303,34.646660366988094
63.05868_-148.45981,63.05868,-148.45981,0.30724114777942696,0.4870302699549833,0.17978912217555632,58.51726680328301
63.06001_-147.82205,63.06001,-147.82205,0.5462856638650153,0.7485223757380853,0.20223671187307002,37.02032201288771
63.71439_-147.88107,63.71439,-147.88107,0.5649403571882927,0.7740689567847031,0.2091285995964104,37.01781912647259
63.71503_-144.67854,63.71503,-144.67854,1.8001626849761727,2.5480299826712853,0.7478672976951126,41.54442839731519
63.71638_-146.15952,63.71638,-146.15952,0.7441970895157741,0.9658712689820542,0.2216741794662801,29.787025855007926
63.71674_-148.61594,63.71674,-148.61594,0.5458403309288441,0.7321533067554362,0.18631297582659212,34.13323737173242
63.71737_-145.17216,63.71737,-145.17216,0.8560638242755177,1.1456380773113994,0.2895742530358817,33.82624575696174
63.71759_-147.30728,63.71759,-147.30728,0.0,0.26493716999673256,0.26493716999673256,inf
63.71783_-145.66585,63.71783,-145.66585,0.8525861480736906,1.153144274027568,0.3005581259538773,35.25252276652043
63.71826_-146.73337,63.71826,-146.73337,0.5735166842511533,0.7479735014527092,0.17445681720155592,30.41878675758945
63.71883_-147.96161,63.71883,-147.96161,0.5626568185887044,0.7639768136766805,0.20131999508797604,35.78024622414443
63.72070_-148.69662,63.7207,-148.69662,0.566274252091278,0.7603940544474399,0.19411980235616189,34.28017460431374
63.10633_-148.68698,63.10633,-148.68698,0.39972710982360193,0.5877569386939803,0.18802982887037833,47.039548794515134
63.10788_-146.28825,63.10788,-146.28825,0.42322175376487886,0.6126673932258373,0.18944563946095844,44.762736739237916
63.10806_-147.40909,63.10806,-147.40909,0.5211314120527376,0.7385186541422317,0.21738724208949411,41.71447682134634
63.10821_-144.84198,63.10821,-144.84198,0.36450042292781926,0.5374837622134514,0.17298333928563214,47.457651186288864
63.10881_-148.04807,63.10881,-148.04807,0.4296967214132059,0.6064642004700258,0.1767674790568199,41.137730461488985
63.10923_-146.84866,63.10923,-146.84866,0.47396237126815194,0.6616125188253759,0.18765014755722392,39.591781738946906
63.10982_-145.80618,63.10982,-145.80618,0.41798701889306755,0.608103573707467,0.19011655481439949,45.4838418948691
63.10993_-145.32407,63.10993,-145.32407,0.4755077603686839,0.6520192324032477,0.17651147203456374,37.1206290929313
63.11024_-148.76578,63.11024,-148.76578,0.3277144292741381,0.5139286446825292,0.18621421540839111,56.822098380239495
63.11277_-147.48766,63.11277,-147.48766,0.6522946290618173,0.911555271925393,0.25926064286357564,39.74594168228323
62.90898_-145.08005,62.90898,-145.08005,0.6243144522525976,0.8366731965006513,0.21235874424805368,34.01470901111438
62.90982_-145.55844,62.90982,-145.55844,0.6571926479830623,0.9095780863919929,0.2523854384089306,38.40356997046553
62.91127_-147.14917,62.91127,-147.14917,0.6082413436246444,0.8132120762487332,0.20497073262408871,33.69891487524062
62.91129_-146.59299,62.91129,-146.59299,0.5650697476414996,0.7972254955476199,0.23215574790612026,41.084441146442
62.91220_-148.41751,62.9122,-148.41751,0.6109584502306227,0.8404316176637572,0.2294731674331345,37.559537370587755
62.91277_-144.67905,62.91277,-144.67905,0.6368289237073205,0.8687642229030161,0.23193529919569567,36.4203462753351
62.91333_-147.78333,62.91333,-147.78333,0.46037184344749416,0.6409449684279916,0.1805731249804975,39.22332078961993
62.91439_-146.11456,62.91439,-146.11456,0.5932177499842134,0.8125692078712358,0.21935145788702237,36.97654999245382
62.91513_-145.15753,62.91513,-145.15753,0.6037894539545948,0.8100722656190225,0.20628281166442763,34.16469272746526
62.91567_-145.63605,62.91567,-145.63605,0.5932238645779011,0.789685039883413,0.19646117530551188,33.117544157685
63.62050_-148.15182,63.6205,-148.15182,0.6628191894662865,0.9094360812445041,0.24661689177821766,37.207264921946184
63.62078_-146.35657,63.62078,-146.35657,0.4391145565979682,0.6129118128687268,0.17379725627075854,39.57902412009511
63.62169_-144.88110,63.62169,-144.8811,1.0262009452617804,1.4388549408759745,0.41265399561419414,40.21181207438154
63.62179_-146.92828,63.62179,-146.92828,0.0,0.0,0.0,
63.62296_-145.86478,63.62296,-145.86478,1.3223527269758604,2.116381303921262,0.7940285769454016,60.04665478032448
63.62326_-145.37292,63.62326,-145.37292,0.8279925727611068,1.148613903507889,0.32062133074678223,38.72273028701287
63.62476_-148.23212,63.62476,-148.23212,0.7206241886565667,1.0253755971187037,0.304751408462137,42.28992216182389
63.62491_-147.58017,63.62491,-147.58017,0.14329055210808098,0.4001183228769245,0.25682777076884356,179.23566277776914
63.62614_-146.43652,63.62614,-146.43652,0.4476206893619067,0.6223594596653474,0.17473877030344076,39.037241677218894
63.62681_-147.00835,63.62681,-147.00835,0.0,0.10342184379972699,0.10342184379972699,inf
63.98782_-146.97554,63.98782,-146.97554,0.7285325241133058,0.9365459855363125,0.2080134614230067,28.552391902637304
63.98825_-144.89850,63.98825,-144.8985,1.3313798583483585,1.9509099067022908,0.6195300483539323,46.53292931158576
63.98931_-145.89651,63.98931,-145.89651,1.152181842336859,1.6885743881831026,0.5363925458462435,46.554504344412365
63.98972_-145.39749,63.98972,-145.39749,1.2295840902165565,1.8133278967617996,0.5837438065452432,47.47489912970761
63.99021_-148.29837,63.99021,-148.29837,0.8107425571896588,1.2444173519371462,0.4336747947474874,53.491060867801075
63.99070_-147.63692,63.9907,-147.63692,0.8109935213097017,1.2088219127292241,0.3978283914195224,49.054447534556815
63.99235_-146.47661,63.99235,-146.47661,0.8423170650572076,1.07977136427668,0.23745429921947236,28.190607678516542
63.99281_-147.05678,63.99281,-147.05678,0.585455188157315,0.7508340369554587,0.16537884879814368,28.247909001996153
63.99438_-148.37987,63.99438,-148.37987,0.7125537344900101,1.0267669242069855,0.3142131897169753,44.096771163772566
63.99454_-144.97928,63.99454,-144.97928,1.3273774253831543,1.946200457467452,0.6188230320842978,46.619975618891615
63.48653_-145.01678,63.48653,-145.01678,0.4033252855697531,0.5589105511947717,0.15558526562501862,38.575628950521356
63.48676_-145.99525,63.48676,-145.99525,0.5958755856854738,0.8383095522079838,0.24243396652250992,40.685333037033665
63.48706_-147.70145,63.48706,-147.70145,0.3681982624021154,0.5663833072735853,0.19818504487146993,53.82563284750888
63.48756_-145.50601,63.48756,-145.50601,0.0,0.05460711224113642,0.05460711224113642,inf
63.48937_-146.56396,63.48937,-146.56396,0.0,0.19824280515380444,0.19824280515380444,inf
63.48948_-147.13275,63.48948,-147.13275,0.36709476545631115,0.5428175105427022,0.17572274508639107,47.86849653602709
63.49011_-144.60675,63.49011,-144.60675,0.22779363755447876,0.4046495979571774,0.17685596040269866,77.63867432882188
63.49041_-148.42978,63.49041,-148.42978,0.3068777588250246,0.49478354225227617,0.18790578342725156,61.23147671134797
63.49159_-147.78125,63.49159,-147.78125,0.43586765596712956,0.6330378207326173,0.1971701647654877,45.23624592607006
63.49235_-146.07471,63.49235,-146.07471,0.3448964875099573,0.5515916340326681,0.20669514652271082,59.929617728201265
63.93290_-147.90144,63.9329,-147.90144,0.7533476952336833,1.048099723994289,0.2947520287606058,39.12562958982382
63.93369_-144.67108,63.93369,-144.67108,1.1863214418681043,1.7568054288527415,0.5704839869846372,48.088483175883106
63.93507_-146.16492,63.93507,-146.16492,0.933742121349484,1.2511218692346793,0.3173797478851953,33.99008576656096
63.93510_-148.64268,63.9351,-148.64268,0.8183810726818033,1.1852904655919532,0.3669093929101499,44.83356289116047
63.93605_-145.16899,63.93605,-145.16899,1.2925303324052837,1.88684977955025,0.5943194471449662,45.98108317032612
63.93618_-147.32266,63.93618,-147.32266,0.6897447137528445,0.9014070350094056,0.21166232125656104,30.68705233055338
63.93652_-145.66696,63.93652,-145.66696,1.2941004776031784,1.931457760719054,0.6373572831158756,49.25098894147183
63.93693_-146.74377,63.93693,-146.74377,0.8247582844068468,1.0909492430669818,0.266190958660135,32.27502696157521
63.93731_-147.98268,63.93731,-147.98268,0.4994092756586168,0.6625224903048943,0.16311321464627748,32.661230497003714
63.93906_-148.72406,63.93906,-148.72406,0.7963419646482175,1.1204634733940577,0.3241215087458402,40.70129707267408
63.43244_-146.25818,63.43244,-146.25818,0.028906694069305988,0.38425090313063076,0.3553442090613248,1229.2800007131918
63.43281_-147.39322,63.43281,-147.39322,0.2800673812449487,0.45708920883614346,0.17702182759119478,63.20687071957529
63.43362_-148.04030,63.43362,-148.0403,0.4525110424683101,0.651547516230867,0.19903647376255695,43.98488767851355
63.43390_-146.82570,63.4339,-146.8257,0.23881420451819174,0.4547899998113949,0.21597579529320315,90.43674589161682
63.43420_-145.28177,63.4342,-145.28177,0.0,0.129588247601389,0.129588247601389,inf
63.43425_-145.76999,63.43425,-145.76999,0.6980610303519283,1.0161341320352468,0.3180731016833185,45.56522823268927
63.43509_-148.76712,63.43509,-148.76712,0.5516280977975362,0.7565468232471894,0.20491872544965317,37.147985439433576
63.43754_-147.47278,63.43754,-147.47278,0.3691554209401767,0.554666943454429,0.1855115225142523,50.25295904954766
63.43787_-146.33752,63.43787,-146.33752,0.0,0.3125178637015553,0.3125178637015553,inf
63.43795_-148.11998,63.43795,-148.11998,0.5651209830887951,0.7887197822943803,0.22359879920558523,39.56653635181904
63.47315_-147.46225,63.47315,-147.46225,0.32365778699982484,0.547341119664297,0.22368333266447216,69.11106163640464
63.47335_-146.32541,63.47335,-146.32541,0.283843398701669,0.521324023434661,0.23748062473299197,83.6660728483574
63.47358_-148.11035,63.47358,-148.11035,0.4995048497459465,0.7020044793403778,0.2024996295944313,40.5400727735526
63.47398_-144.85846,63.47398,-144.85846,0.7089852794571236,1.0104387524397316,0.30145347298260794,42.519003104469746
63.47451_-146.89383,63.47451,-146.89383,0.1713517551357659,0.39376035007494736,0.22240859493918147,129.79650821957563
63.47542_-145.83646,63.47542,-145.83646,0.8374496714762231,1.3331815969547067,0.49573192547848366,59.19542897480956
63.47562_-145.34744,63.47562,-145.34744,0.0,0.2636528454106355,0.2636528454106355,inf
63.47784_-147.54196,63.47784,-147.54196,0.36407702681138376,0.5780533189430332,0.21397629213164948,58.77225871834629
63.47786_-148.19017,63.47786,-148.19017,0.4672858197832498,0.6559861794971682,0.1887003597139184,40.382213995161884
63.47874_-146.40491,63.47874,-146.40491,0.11322087906522052,0.3956564338865083,0.2824355548212878,249.4553629623311
63.30465_-145.49312,63.30465,-145.49312,0.0,0.3186210299175144,0.3186210299175144,inf
63.30660_-146.54355,63.3066,-146.54355,0.3645598878865247,0.5697531649685806,0.20519327708205592,56.285204132475954
63.30680_-147.10828,63.3068,-147.10828,0.46375706242759196,0.6496059852138378,0.18584892278624587,40.074629120125394
63.30713_-144.60022,63.30713,-144.60022,0.3771540570194389,0.5711296711013738,0.19397561408193492,51.43140063635514
63.30802_-148.39613,63.30802,-148.39613,0.4047447567045189,0.5626537492886898,0.1579089925841709,39.01446281105286
63.30906_-147.75220,63.30906,-147.7522,0.5797600097852673,0.7821089150825115,0.20234890529724414,34.90218398681733
63.30950_-146.05775,63.3095,-146.05775,0.41706019683294,0.6029576562897863,0.18589745945684627,44.57329202558987
63.30977_-145.08603,63.30977,-145.08603,0.0,0.08881223762766019,0.08881223762766019,inf
63.31055_-145.57190,63.31055,-145.5719,0.22927767864835627,0.47358304609268076,0.2443053674443245,106.55436189190324
63.31170_-147.18741,63.3117,-147.18741,0.514365821666777,0.7044433251451465,0.1900775034783695,36.95375848699137
63.23979_-145.59799,63.23979,-145.59799,0.5153716364240182,0.7160926855889382,0.20072104916492006,38.946856012032896
63.24061_-147.20908,63.24061,-147.20908,0.33988522824830325,0.5165476638651205,0.17666243561681727,51.97708547891246
63.24086_-148.49359,63.24086,-148.49359,0.41170537290682924,0.5760294067906786,0.16432403388384936,39.91301661274084
63.24088_-146.64578,63.24088,-146.64578,0.3253061825170433,0.5046545892471803,0.17934840673013702,55.1321851132481
63.24235_-147.85132,63.24235,-147.85132,0.5413117088798299,0.738500512860659,0.19718880398082905,36.42795837335278
63.24297_-144.70735,63.24297,-144.70735,0.0,0.003931342620289852,0.003931342620289852,inf
63.24417_-146.16122,63.24417,-146.16122,0.35072489014685837,0.5209498486145738,0.17022495846771546,48.53518049330274
63.24489_-148.57275,63.24489,-148.57275,0.40128770561804694,0.5541586959471405,0.15287099032909357,38.09510936639534
63.24522_-145.19196,63.24522,-145.19196,0.04351280819309619,0.34895592870052244,0.3054431205074263,701.9614067471019
63.24545_-147.28799,63.24545,-147.28799,0.32807456669169466,0.5037613168559952,0.17568675016430058,53.55085946951832
63.43862_-144.87259,63.43862,-144.87259,0.6241769603556437,0.8906812394841088,0.2665042791284651,42.696910660819036
63.43898_-146.90515,63.43898,-146.90515,0.31034416132476084,0.4937962279394197,0.18345206661465885,59.112459480971104
63.43998_-145.84923,63.43998,-145.84923,0.7133001846778455,1.0743716868869257,0.36107150220908024,50.619852618172864
63.44024_-145.36090,63.44024,-145.3609,0.0,0.1282590904646786,0.1282590904646786,inf
63.44222_-147.55238,63.44222,-147.55238,0.4355601126834957,0.6455446559197309,0.20998454323623517,48.2102325537836
63.44222_-148.19969,63.44222,-148.19969,0.559543778853558,0.7624401581548288,0.2028963793012708,36.26103746823574
63.44325_-146.41690,63.44325,-146.4169,0.0,0.16995598500124903,0.16995598500124903,inf
63.44401_-146.98465,63.44401,-146.98465,0.2912857954692678,0.4539592496696418,0.162673454200374,55.84668278736472
63.44491_-144.95163,63.44491,-144.95163,0.5536105785548133,0.753790011230955,0.2001794326761417,36.15888865395331
63.44566_-145.92851,63.44566,-145.92851,0.555012849105766,0.788596408947297,0.233583559841531,42.08615354002699
63.31185_-146.62256,63.31185,-146.62256,0.2368006817317492,0.4683642796726505,0.23156359794090128,97.78840003645743
63.31212_-148.47549,63.31212,-148.47549,0.3634938167706001,0.5292213530335987,0.16572753626299863,45.592945083736815
63.31356_-147.83145,63.31356,-147.83145,0.5742259360235116,0.7708468534448796,0.196620917421368,34.24103738381427
63.31358_-144.67880,63.31358,-144.6788,0.5145004392957642,0.7771758134333184,0.26267537413755426,51.054450895532376
63.31505_-146.13669,63.31505,-146.13669,0.46226075672338207,0.64979912559696,0.1875383688735779,40.569822583014826
63.31593_-145.16473,63.31593,-145.16473,0.0,0.037416793432848525,0.037416793432848525,inf
63.31618_-148.55487,63.31618,-148.55487,0.34767713498414027,0.503670538330234,0.15599340334609374,44.86731730379957
63.31640_-145.65071,63.3164,-145.65071,0.5392704797572874,0.7732156833853543,0.23394520362806692,43.38179307225569
63.31656_-147.26657,63.31656,-147.26657,0.5916831856303875,0.8106620438751837,0.21897885824479624,37.009477971136384
63.31705_-146.70160,63.31705,-146.7016,0.27996295749121924,0.49784457408771854,0.2178816165964993,77.82515892422408
63.94012_-144.75162,63.94012,-144.75162,1.2513516782599376,1.9083121257960696,0.6569604475361319,52.50006524542052
63.94057_-146.24582,63.94057,-146.24582,0.9027920639552971,1.1742104556765163,0.2714183917212192,30.064330708899412
63.94096_-147.40379,63.94096,-147.40379,0.6046896695581943,0.7850604278057425,0.18037075824754822,29.82864886369448
63.94168_-148.06396,63.94168,-148.06396,0.4694523528494325,0.6522569599631979,0.1828046071137654,38.93997037275396
63.94207_-146.82480,63.94207,-146.8248,0.7940306795634778,1.0441792498285871,0.2501485702651093,31.50364043901045
63.94217_-145.24968,63.94217,-145.24968,1.2885681650719738,1.875036410108974,0.5864682450370002,45.51317197908911
63.94232_-145.74777,63.94232,-145.74777,1.2358732148211715,1.828402519959285,0.5925293051381135,47.94418214038657
63.94297_-148.80545,63.94297,-148.80545,0.7257214007130217,0.9688303066147228,0.2431089059017011,33.49893025930425
63.94569_-147.48497,63.94569,-147.48497,0.475507565829961,0.6321075233746499,0.15659995754468892,32.93322100382483
63.94600_-148.14525,63.946,-148.14525,0.5732286361224126,0.7886395018286656,0.215410865706253,37.57852489076491
63.80318_-148.18413,63.80318,-148.18413,0.3625266094709215,0.5463175583938937,0.1837909489229722,50.69722997470457
63.80381_-146.37589,63.80381,-146.37589,0.6658018254905237,0.8616606442112691,0.1958588187207454,29.41698433711084
63.80473_-146.95174,63.80473,-146.95174,0.502388032487994,0.6600575724204754,0.15766953993248134,31.384015887410555
63.80491_-144.88972,63.80491,-144.88972,1.2804602422465816,1.8932825596620346,0.612822317415453,47.85953497003933
63.80606_-145.88052,63.80606,-145.88052,1.0449683029932069,1.523304921561601,0.47833661856839416,45.77522755458198
63.80642_-145.38512,63.80642,-145.38512,0.6911793306866582,0.9657531409674291,0.274573810280771,39.72540816693596
63.80742_-148.26500,63.80742,-148.265,0.3560427888805057,0.5361145860033902,0.1800717971228845,50.575886591911804
63.80772_-147.60834,63.80772,-147.60834,0.26881527860237825,0.42827326176140973,0.15945798315903148,59.31879467122697
63.80918_-146.45642,63.80918,-146.45642,0.7347148228928664,0.9348162101380926,0.2001013872452262,27.235245704904514
63.80974_-147.03239,63.80974,-147.03239,0.6193270797550093,0.8136802033507975,0.19435312359578816,31.381337898654376
62.93522_-148.17386,62.93522,-148.17386,0.5959188443862877,0.7921812720215948,0.1962624276353071,32.934422108673154
62.93614_-146.42569,62.93614,-146.42569,0.5796717457440448,0.7856216516003819,0.2059499058563371,35.5287121320684
62.93688_-146.98242,62.93688,-146.98242,0.6398079246914141,0.8807133303716492,0.2409054056802351,37.652769899095304
62.93806_-144.98891,62.93806,-144.98891,0.5923266886866251,0.7953210585473823,0.20299436986075725,34.27067760712585
62.93861_-145.94681,62.93861,-145.94681,0.6103808661248641,0.8111792378106308,0.20079837168576675,32.897225786348606
62.93924_-145.46786,62.93924,-145.46786,0.6009427330235935,0.8045202229132631,0.20357748988966962,33.87635438494886
62.93946_-148.25204,62.93946,-148.25204,0.526171702331971,0.7119894779364416,0.18581777560447066,35.31504540835891
62.93976_-147.61719,62.93976,-147.61719,0.4075081675236111,0.5797903721943766,0.1722822046707655,42.27699427908606
62.94145_-146.50357,62.94145,-146.50357,0.5759542385549346,0.7712280376955841,0.19527379914064957,33.90439484056758
62.94158_-144.58748,62.94158,-144.58748,0.6023321775496552,0.8263409010454947,0.22400872349583956,37.19023021601277
62.75909_-146.48399,62.75909,-146.48399,0.7352578866683384,1.0640512536479994,0.328793366979661,44.7181013548208
62.75958_-147.03696,62.75958,-147.03696,0.6302816602847361,0.8677384110279511,0.23745675074321504,37.674704137185515
62.76165_-148.29797,62.76165,-148.29797,0.5561198771640409,0.7673664713451386,0.2112465941810977,37.98580177683263
62.76172_-145.05688,62.76172,-145.05688,0.7775184970417301,1.0917046237802244,0.3141861267384942,40.40882987786097
62.76178_-146.00833,62.76178,-146.00833,0.6724628571170419,0.9502964927685996,0.2778336356515577,41.31583368673712
62.76219_-147.66745,62.76219,-147.66745,0.5799699606751322,0.7895776389086013,0.20960767823346915,36.14112668688371
62.76265_-145.53261,62.76265,-145.53261,0.7146704247199909,0.9926565175834099,0.277986092863419,38.89710323081223
62.76437_-146.56134,62.76437,-146.56134,0.6911822909674046,0.9634231214094516,0.27224083044204705,39.38770335984862
62.76451_-147.11441,62.76451,-147.11441,0.6744265321746338,0.9279376218951387,0.25351108972050496,37.58913352698017
62.76546_-144.65816,62.76546,-144.65816,0.7571192585187889,1.0278766600011326,0.27075740148234373,35.76152613156974
62.82455_-146.38324,62.82455,-146.38324,0.6432971474408924,0.9302539885123848,0.28695684107149244,44.607199365493635
62.82548_-146.93759,62.82548,-146.93759,0.557077157336155,0.7754652108233928,0.21838805348723778,39.20247861742008
62.82604_-144.95259,62.82604,-144.95259,0.7304204079764853,1.0346528355286622,0.30423242755217683,41.65168774446005
62.82685_-145.90639,62.82685,-145.90639,0.5917947675883348,0.8233830501318788,0.23158828254354402,39.13320888038703
62.82736_-145.42947,62.82736,-145.42947,0.6784175623536065,0.9414922489933837,0.2630746866397772,38.777694039509065
62.82856_-148.20181,62.82856,-148.20181,0.9003659236312256,1.381549618023679,0.48118369439245345,53.4431259294902
62.82861_-147.56967,62.82861,-147.56967,0.493620425397333,0.6680987550756335,0.17447832967830057,35.34665923474634
62.82942_-144.55287,62.82942,-144.55287,0.6997207624723226,0.9479956145244101,0.24827485205208744,35.48199015488095
62.82988_-146.46077,62.82988,-146.46077,0.6403909415342623,0.9026613918214997,0.2622704502872374,40.95474081174294
62.83047_-147.01523,62.83047,-147.01523,0.6174238516913313,0.8286762340435226,0.21125238235219135,34.21513143256454
64.01332_-145.72136,64.01332,-145.72136,1.2737611347646656,1.9041265931087357,0.6303654583440701,49.488514065907154
64.01448_-148.78772,64.01448,-148.78772,0.8406966417125871,1.2245982015208141,0.38390155980822704,45.66469529676952
64.01704_-147.46350,64.01704,-147.4635,0.6241943098879709,0.8620584884755378,0.23786417858756692,38.107392973553104
64.01714_-146.30200,64.01714,-146.302,0.8340138037515825,1.093234188182448,0.2592203844308656,31.08106643617093
64.01733_-144.80322,64.01733,-144.80322,1.3153517595177715,1.9279087075560333,0.6125569480382618,46.56982009609617
64.01746_-148.12564,64.01746,-148.12564,0.7632598043537098,1.1093280962782095,0.3460682919244997,45.34082496556111
64.01838_-146.88275,64.01838,-146.88275,0.8162835245655078,1.0944623984804744,0.27817887391496665,34.07870740292547
64.01910_-145.80241,64.0191,-145.80241,1.1728376936109868,1.716838153618634,0.5440004600076471,46.383268799347114
64.01917_-145.30280,64.01917,-145.3028,1.1353798574810108,1.6616416564490328,0.526261798968022,46.35116569141916
64.02174_-147.54492,64.02174,-147.54492,0.7621474116155307,1.1051339713706425,0.34298655975511183,45.0026536241959
64.13144_-145.84430,64.13144,-145.8443,1.187721008112291,1.7707454771337878,0.5830244690214967,49.08766158376948
64.13165_-145.34244,64.13165,-145.34244,0.9992427204642282,1.3645356300900204,0.3652929096257922,36.55697481149369
64.13317_-148.25986,64.13317,-148.25986,0.8079344668765637,1.095629900661067,0.28769543378450335,35.60875857873971
64.13343_-147.59464,64.13343,-147.59464,0.8015294642689514,1.1090750206873183,0.3075455564183669,38.369837932142524
64.13470_-146.42769,64.1347,-146.42769,0.8699062763570707,1.1318185679038302,0.26191229154675943,30.108104593011603
64.13537_-147.01117,64.13537,-147.01117,0.8892930139871915,1.2801313870986766,0.39083837311148506,43.94933581667767
64.13626_-144.92184,64.13626,-144.92184,0.985692434812955,1.5111183122372913,0.5254258774243363,53.305256169896566
64.13714_-145.92578,64.13714,-145.92578,1.0830610377933017,1.5519869856903656,0.468925947897064,43.29635464059199
64.13737_-148.34180,64.13737,-148.3418,0.8218472649614528,1.1298905567573325,0.30804329179587975,37.48181747740293
64.13766_-145.42380,64.13766,-145.4238,1.0452588985698057,1.4598656267724617,0.414606728202656,39.66545788511814
64.05463_-145.78928,64.05463,-145.78928,1.208295780270807,1.7782289126289346,0.5699331323581276,47.16834583585092
64.05740_-147.53426,64.0574,-147.53426,0.7797048991483442,1.0704379754556883,0.29073307630734413,37.28757849603176
64.05746_-148.19748,64.05746,-148.19748,0.796873650370477,1.129653507990922,0.33277985762044504,41.76068031183254
64.05813_-146.37086,64.05813,-146.37086,0.8295390996046217,1.0758202220398783,0.24628112243525657,29.688910691809472
64.05906_-146.95258,64.05906,-146.95258,0.812868829050547,1.1124126686912652,0.2995438396407182,36.85020620000813
64.05909_-144.86963,64.05909,-144.86963,1.256307264668887,1.842177712612837,0.5858704479439498,46.63432779705864
64.06037_-145.87048,64.06037,-145.87048,1.0729899142253836,1.5274886297460677,0.4544987155206841,42.35815355718393
64.06069_-145.37006,64.06069,-145.37006,1.1126804113366178,1.6030160284523536,0.4903356171157358,44.06796525937898
64.06169_-148.27917,64.06169,-148.27917,0.839811444719023,1.2155446848924982,0.3757332401734752,44.7401904958779
64.06206_-147.61583,64.06206,-147.61583,0.8316957063711408,1.1474605186134155,0.3157648122422747,37.9663872042843
64.30338_-145.69620,64.30338,-145.6962,1.0368282273406555,1.4549565888963398,0.41812836155568434,40.327640638038496
64.30348_-146.78891,64.30348,-146.78891,1.0094742069417784,1.4818516302967544,0.472377423354976,46.79440248266001
64.30470_-148.79840,64.3047,-148.7984,1.0082594592334302,1.5275861647996296,0.5193267055661994,51.50724853710159
64.30717_-144.76733,64.30717,-144.76733,0.7121286118416311,0.9848471492557647,0.27271853741413354,38.29624773941577
64.30727_-147.45868,64.30727,-147.45868,0.8416028736185596,1.1700725477440521,0.32846967412549255,39.02905805361653
64.30730_-146.28360,64.3073,-146.2836,1.1074314476778249,1.6600523766528783,0.5526209289750534,49.90114107142662
64.30769_-148.12857,64.30769,-148.12857,0.8688197833656683,1.1884907672877327,0.3196709839220644,36.79370452220947
64.30860_-146.87115,64.3086,-146.87115,0.9995592992677547,1.4705137919566706,0.470954492688916,47.11621341864583
64.30912_-145.27274,64.30912,-145.27274,0.8373563126486818,1.1431331206954614,0.30577680804677954,36.516928746803416
64.30917_-145.77820,64.30917,-145.7782,1.0832889268163308,1.5447809549134044,0.46149202809707357,42.60101037433742
64.07001_-148.44264,64.07001,-148.44264,0.826082481588033,1.2414131398491492,0.41533065826111626,50.277141510457724
64.07121_-147.77908,64.07121,-147.77908,0.6483832930679339,0.8708321239151394,0.22244883084720557,34.30822990435978
64.07165_-145.03168,64.07165,-145.03168,1.2281098497078422,1.8177802020433098,0.5896703523354676,48.014463240055086
64.07170_-146.03302,64.0717,-146.03302,0.9983676065067095,1.3954010764701916,0.3970334699634821,39.7682644524799
64.07263_-145.53235,64.07263,-145.53235,1.2117050169472083,1.8068613000225966,0.5951562830753883,49.117258305559865
64.07394_-147.19708,64.07394,-147.19708,0.7848567394560471,1.1062703161400074,0.3214135766839603,40.95187828886062
64.07410_-146.61502,64.0741,-146.61502,0.8227945088948516,1.1021787359535935,0.2793842270587419,33.95552887609822
64.07410_-148.52441,64.0741,-148.52441,0.8053816926348358,1.2114910153613943,0.4061093227265584,50.42445419859952
64.07526_-144.61203,64.07526,-144.61203,1.0541877083813929,1.6412988430998983,0.5871111347185054,55.6932252245627
64.07571_-147.86075,64.07571,-147.86075,0.6433437944548757,0.8743149867371718,0.23097119228229612,35.90167407738888
64.19443_-144.73001,64.19443,-144.73001,0.813515392630384,1.099904623733424,0.28638923110304004,35.20391054643011
64.19502_-146.23944,64.19502,-146.23944,0.9969109752188214,1.3927623996044285,0.39585142438560705,39.70780081929762
64.19544_-147.40924,64.19544,-147.40924,0.8889072246232368,1.2541762910331324,0.36526906640989565,41.09192233921992
64.19612_-148.07614,64.19612,-148.07614,0.8770480844551731,1.273183623384251,0.39613553892907793,45.16691227655544
64.19653_-146.82434,64.19653,-146.82434,0.9094208433149416,1.2519240367666091,0.3425031934516676,37.66168281377902
64.19656_-145.23312,64.19656,-145.23312,0.9819865368514469,1.3499913282517813,0.3680047914003344,37.475543461142735
64.19674_-145.73630,64.19674,-145.7363,1.1728778231549608,1.744967023942185,0.5720892007872243,48.77653831396893
64.20017_-147.49126,64.20017,-147.49126,0.8570189942546482,1.1953745253790538,0.33835553112440553,39.480517163878524
64.20043_-148.15826,64.20043,-148.15826,0.9034772111971203,1.30900182416049,0.4055246129633696,44.884874564356046
64.20048_-146.32123,64.20048,-146.32123,1.0035799377713774,1.403312895286672,0.3997329575152946,39.830704308714125
64.03613_-146.04582,64.03613,-146.04582,0.9943024778751196,1.3663695002214205,0.37206702234630085,37.41990295965359
64.03621_-145.04590,64.03621,-145.0459,1.2534682490421774,1.8549473652211315,0.6014791161789541,47.985189623954746
64.03714_-145.54587,64.03714,-145.54587,1.176720502550131,1.725882712856783,0.549162210306652,46.668874139316394
64.03830_-147.20825,64.0383,-147.20825,0.6848224905728402,0.9346272072780357,0.24980471670519555,36.47729450243945
64.03835_-148.53369,64.03835,-148.53369,0.7810824208291528,1.168657087570908,0.3875746667417551,49.6202009424726
64.03850_-146.62701,64.0385,-146.62701,0.7107242468607218,0.9341345478891872,0.22341030102846537,31.4341746486449
64.03988_-144.62686,64.03988,-144.62686,1.2595474842020202,1.9519234234011638,0.6923759391991435,54.97021334116631
64.04000_-147.87097,64.04,-147.87097,0.5361746569966893,0.7185510349954849,0.18237637799879558,34.014359988656025
64.04171_-146.12703,64.04171,-146.12703,0.9389045353080893,1.252111106983575,0.3132065716754858,33.35872390612227
64.04237_-148.61539,64.04237,-148.61539,0.7847656241821106,1.139583111049451,0.3548174868673404,45.21317906058056
64.11788_-148.67899,64.11788,-148.67899,0.9471488051578443,1.4877942595140115,0.5406454543561672,57.08136371096065
64.11838_-146.18307,64.11838,-146.18307,0.9245067521201219,1.2666258914211692,0.3421191393010473,37.00558579117825
64.11929_-147.34929,64.11929,-147.34929,0.8205634695389084,1.144031145933995,0.32346767639508656,39.420189711449105
64.11946_-145.17984,64.11946,-145.17984,1.1979332258758704,1.8101240046277525,0.6121907787518821,51.1039151038054
64.11988_-145.68146,64.11988,-145.68146,1.1901102266042685,1.7352825576727855,0.545172331068517,45.80855780258714
64.12013_-146.76617,64.12013,-146.76617,0.8845138489153623,1.2137069399732192,0.3291930910578569,37.21740382714537
64.12027_-148.01416,64.12027,-148.01416,0.7525011897835706,1.0563719792918547,0.30387078950828406,40.381436419480124
64.12183_-148.76096,64.12183,-148.76096,0.8955314879554979,1.324690132689053,0.42915864473355514,47.92222836444602
64.12356_-144.75943,64.12356,-144.75943,0.7556285250045551,1.0315348592666487,0.27590633426209354,36.513488457894084
64.12387_-146.26457,64.12387,-146.26457,0.894313037881735,1.1951649735183887,0.3008519356366537,33.640562408577864
64.08961_-146.85948,64.08961,-146.85948,0.8280859082518959,1.0997738003632604,0.27168789211136457,32.80914327897483
64.09010_-145.27505,64.0901,-145.27505,1.1252380284384456,1.6623346410681925,0.537096612629747,47.73182198393218
64.09016_-145.77609,64.09016,-145.77609,1.237585916938241,1.8243161339046419,0.5867302169664008,47.40925126377956
64.09309_-147.52356,64.09309,-147.52356,0.7529627517140675,1.0058319376477678,0.25286918593370034,33.58322644221924
64.09319_-148.18771,64.09319,-148.18771,0.7703017785114532,1.0453024436268765,0.2750006651154233,35.700380394660414
64.09373_-146.35852,64.09373,-146.35852,0.8458738640518995,1.1100016526539656,0.2641277886020661,31.225434408960563
64.09451_-144.85513,64.09451,-144.85513,1.0504777000355099,1.6100898316713326,0.5596121316358227,53.272157192571136
64.09469_-146.94104,64.09469,-146.94104,0.8302257300673539,1.1415116731311934,0.3112859430638395,37.49413343749124
64.09591_-145.85741,64.09591,-145.85741,1.125236146302513,1.6302969564346896,0.5050608101321767,44.88487254802373
64.09617_-145.35626,64.09617,-145.35626,1.0595922763293835,1.5024034096089331,0.4428111332795497,41.79070980146499
64.02174_-148.20720,64.02174,-148.2072,0.8810059439732636,1.333296847645764,0.45229090367250047,51.338008190127084
64.02256_-146.38319,64.02256,-146.38319,0.8191161354690937,1.0502916991924234,0.2311755637233297,28.22256255408025
64.02343_-146.96407,64.02343,-146.96407,0.7602841475460731,1.0116600714122685,0.25137592386619545,33.0634177599977
64.02367_-144.88408,64.02367,-144.88408,1.2613284610123383,1.8403701984917387,0.5790417374794004,45.90729182584711
64.02483_-145.88351,64.02483,-145.88351,1.0679677983549087,1.5275035934935068,0.4595357951385981,43.02899355640351
64.02522_-145.38379,64.02522,-145.38379,1.1383107935277272,1.6603686834546882,0.522057889926961,45.86250898219605
64.02596_-148.28879,64.02596,-148.28879,0.8633391487790787,1.3000956844296507,0.43675653565057204,50.58921934308511
64.02637_-147.62639,64.02637,-147.62639,0.9006298933058985,1.3205901783373344,0.4199602850314359,46.629618687195475
64.02792_-146.46443,64.02792,-146.46443,0.8197483176420193,1.0320204186809103,0.21227210103889105,25.89478947019802
64.02843_-147.04544,64.02843,-147.04544,0.6350128187412972,0.859026674328434,0.22401385558713682,35.27706039559487
64.20082_-144.81142,64.20082,-144.81142,0.9052003226780803,1.2702306571949662,0.36503033451688593,40.32591740985305
64.20162_-146.90623,64.20162,-146.90623,0.9119044981899466,1.2762290824045701,0.36432458421462355,39.95205473136465
64.20251_-145.81796,64.20251,-145.81796,1.2766590917703293,1.9295214763069337,0.6528623845366044,51.13834920732733
64.20264_-145.31468,64.20264,-145.31468,0.9867815492889016,1.3748480663328269,0.38806651704392525,39.3264869335645
64.20469_-148.24042,64.20469,-148.24042,0.9196303905410573,1.3188576027035277,0.39922721216247037,43.411702817649186
64.20485_-147.57330,64.20485,-147.5733,0.8472563311675152,1.174091056320231,0.3268347251527157,38.57566041463969
64.20589_-146.40302,64.20589,-146.40302,0.9545584512828043,1.3335941614819418,0.3790357101991375,39.707962324335625
64.20667_-146.98816,64.20667,-146.98816,0.9335769745613381,1.352845055533475,0.41926808097213686,44.909856647775534
64.20716_-144.89288,64.20716,-144.89288,1.0135451974193523,1.424376567995605,0.41083137057625274,40.53409474212841
64.20824_-145.89966,64.20824,-145.89966,1.1603155078762204,1.706815071068183,0.5464995631919627,47.099220813849705
64.48590_-147.40376,64.4859,-147.40376,0.8786253153568078,1.2211693843089213,0.34254406895211353,38.9863646044625
64.48656_-148.07851,64.48656,-148.07851,0.9169246279234786,1.3446680988748185,0.4277434709513399,46.649796278242945
64.48669_-145.20203,64.48669,-145.20203,0.9926867298008131,1.5163803746405322,0.5236936448397191,52.755177350340986
64.48695_-146.81197,64.48695,-146.81197,0.9203775797775654,1.3177561723614901,0.3973785925839247,43.17560545965952
64.48700_-145.71112,64.487,-145.71112,0.6157348497779223,0.860172513481401,0.24443766370347875,39.69852669402103
64.49065_-147.48672,64.49065,-147.48672,0.9111241491783914,1.289764593512222,0.3786404443338306,41.55750285790039
64.49084_-146.30292,64.49084,-146.30292,0.8603168759573183,1.1580668085341475,0.29774993257682913,34.60933301413014
64.49088_-144.77536,64.49088,-144.77536,1.0348707384979248,1.6017370065238703,0.5668662680259455,54.77652879128945
64.49088_-148.16161,64.49088,-148.16161,0.9225671576969672,1.3519072114726463,0.4293400537756791,46.537539320980585
64.49207_-146.89484,64.49207,-146.89484,0.9257267736471234,1.304060122156944,0.3783333485098205,40.86879188113845
64.31197_-147.54108,64.31197,-147.54108,0.8813587314347593,1.2449069424054904,0.3635482109707311,41.24860831399637
64.31197_-148.21109,64.31197,-148.21109,0.8728378209524228,1.1961105027382128,0.32327268178579005,37.03696998751057
64.31273_-146.36575,64.31273,-146.36575,1.1434409937938785,1.696227973339869,0.5527869795459905,48.344163148451734
64.31354_-144.84912,64.31354,-144.84912,0.7154651424756404,1.0041108139813542,0.28864567150571374,40.34377838547758
64.31367_-146.95343,64.31367,-146.95343,0.9544833201892602,1.3798448376307575,0.4253615174414973,44.564583628046464
64.31493_-145.86023,64.31493,-145.86023,1.0729884487905637,1.5392043054491054,0.4662158566585417,43.450221405835684
64.31519_-145.35466,64.31519,-145.35466,0.8349169287767308,1.1957597838670313,0.36084285509030045,43.21901289257427
64.31620_-148.29361,64.3162,-148.29361,0.8772820842703855,1.2118105748934478,0.33452849062306234,38.13237459434518
64.31662_-147.62347,64.31662,-147.62347,0.8880246758992918,1.2603530710637214,0.3723283951644296,41.92770823483899
64.31811_-146.44794,64.31811,-146.44794,1.0334405454208795,1.5219104480543524,0.4884699026334729,47.26637684169227
64.07729_-146.11433,64.07729,-146.11433,0.9521240894717317,1.278003860179338,0.3258797707076063,34.22660704745057
64.07784_-145.11276,64.07784,-145.11276,1.1592720649694477,1.6939135879338072,0.5346415229643595,46.118727356589055
64.07813_-148.60622,64.07813,-148.60622,0.7266125947090466,1.0462448362563124,0.31963224154726577,43.98936157654332
64.07851_-145.61356,64.07851,-145.61356,1.2019364474896936,1.7615726299143182,0.5596361824246245,46.561212416301515
64.07881_-147.27866,64.07881,-147.27866,0.7920868646646309,1.0880779603973347,0.2959910957327039,37.368514608309574
64.07932_-146.69647,64.07932,-146.69647,0.8193817811337897,1.1269980205050105,0.30761623937122085,37.54247976389811
64.08015_-147.94244,64.08015,-147.94244,0.6870735232402138,0.952147753449263,0.2650742302090492,38.580184105911805
64.08173_-144.69302,64.08173,-144.69302,0.9391184897683857,1.289009660139765,0.3498911703713792,37.257404063854885
64.08212_-148.68805,64.08212,-148.68805,0.8131795498437034,1.2010402831602764,0.387860733316573,47.69681350092012
64.08282_-146.19568,64.08282,-146.19568,0.910966732237291,1.2325709610189324,0.3216042287816414,35.303619484741965
64.08361_-147.36026,64.08361,-147.36026,0.7323014429590404,0.9949711331643076,0.2626696902052672,35.8690663156264
64.08400_-145.19388,64.084,-145.19388,1.2177166433498114,1.8317628284670358,0.6140461851172243,50.426032071635916
64.08437_-145.69479,64.08437,-145.69479,1.2093669168030545,1.7724799719791706,0.5631130551761161,46.56263102224575
64.08450_-146.77797,64.0845,-146.77797,0.8319920990801312,1.1348943300145944,0.3029022309344632,36.40686387158708
64.08456_-148.02417,64.08456,-148.02417,0.7038680426503403,0.9701142255904924,0.2662461829401521,37.82615018826972
64.08605_-148.76991,64.08605,-148.76991,0.9076037995233448,1.3680875268228503,0.4604837272995055,50.73620532894885
64.08815_-144.77406,64.08815,-144.77406,0.8868503321308936,1.2315488605079565,0.34469852837706294,38.86772275867937
64.08830_-146.27708,64.0883,-146.27708,0.8644604148440057,1.1550854146836325,0.29062499983962675,33.619237486087876
64.08837_-147.44189,64.08837,-147.44189,0.7186032113882274,0.9773182881146157,0.2587150767263884,36.00249381387983
64.08890_-148.10593,64.0889,-148.10593,0.7234609399371271,0.9873731850940579,0.2639122451569308,36.47912839356141
64.49997_-147.65277,64.49997,-147.65277,0.9674599580996653,1.3839011911302532,0.4164412330305879,43.044802996145
64.50166_-146.46848,64.50166,-146.46848,0.883051356805497,1.2168323742626808,0.3337810174571838,37.798596297350265
64.50213_-147.06064,64.50213,-147.06064,0.9577528387231699,1.375665970808354,0.4179131320851842,43.63475786115403
64.50352_-148.41107,64.50352,-148.41107,0.901617525393161,1.3118810023263783,0.4102634769332173,45.503050393160564
64.50357_-144.94019,64.50357,-144.94019,0.9369148215810383,1.3668773039466902,0.4299624823656518,45.89130969665872
64.50423_-145.95911,64.50423,-145.95911,0.8199254060927663,1.1296238994144914,0.30969849332172505,37.771544950356834
64.50455_-147.73584,64.50455,-147.73584,0.9505041652996856,1.3613081583799427,0.41080399308025706,43.21958893791214
64.50486_-145.44965,64.50486,-145.44965,0.7318287369805088,0.9683066712270252,0.23647793424651642,32.31328892907558
64.50690_-144.51318,64.5069,-144.51318,0.8856486123179491,1.2771724276357062,0.39152381531775704,44.20757960575897
64.50697_-146.55132,64.50697,-146.55132,0.9062995824442435,1.2957980214872935,0.38949843904305004,42.97678676984411
64.35373_-146.43555,64.35373,-146.43555,0.9539176179794648,1.4439836627830787,0.4900660448036138,51.37404274403112
64.35436_-147.02420,64.35436,-147.0242,0.9166709988120216,1.281005227341422,0.36433422852940045,39.745364367539366
64.35533_-144.91638,64.35533,-144.91638,0.8693971823061506,1.2097717449160965,0.3403745626099459,39.150640183474394
64.35616_-148.36658,64.35616,-148.36658,0.8863074342180313,1.258400095460368,0.37209266124233675,41.982346855820474
64.35619_-145.92920,64.35619,-145.9292,1.0704504044014973,1.600297321792243,0.5298469173907456,49.49756805285995
64.35674_-145.42279,64.35674,-145.42279,0.9991421372143608,1.4556640031622354,0.4565218659478746,45.69138353234422
64.35698_-147.69537,64.35698,-147.69537,0.9134623163611222,1.2801610353859338,0.36669871902481166,40.14382558063221
64.35906_-146.51788,64.35906,-146.51788,0.9482398298312699,1.414828131813096,0.4665883019818261,49.20572700103211
64.35933_-147.10666,64.35933,-147.10666,0.8823464981850304,1.1986864856405643,0.31633998745553393,35.85212703923449
64.36031_-148.44928,64.36031,-148.44928,0.910733401825863,1.302438670355955,0.3917052685300919,43.009871796157974
64.04240_-145.12689,64.0424,-145.12689,1.2024155200098678,1.7764337257668186,0.5740182057569507,47.73875554702088
64.04302_-145.62695,64.04302,-145.62695,1.1869223313027446,1.766568843356428,0.5796465120536833,48.83609455872936
64.04315_-147.28970,64.04315,-147.2897,0.7252033002842815,0.9803454871937174,0.2551421869094359,35.18216020382416
64.04372_-146.70834,64.04372,-146.70834,0.7086822224763385,0.9642252150992956,0.2555429926229571,36.058896994765405
64.04444_-147.95255,64.04444,-147.95255,0.5882185592221507,0.7967326893960109,0.20851413017386022,35.44841061281634
64.04633_-144.70773,64.04633,-144.70773,1.191524222518465,1.7588564474833264,0.5673322249648614,47.61399006775705
64.04636_-148.69708,64.04636,-148.69708,0.8194982035315215,1.1899641352675494,0.37046593173602793,45.20643610194055
64.04723_-146.20828,64.04723,-146.20828,0.8873655161074453,1.1843203813871552,0.29695486527970993,33.46477408569409
64.04795_-147.37119,64.04795,-147.37119,0.7001930873646082,0.9513551456290593,0.25116205826445115,35.87039957931843
64.04855_-145.20790,64.04855,-145.2079,1.1958810444138472,1.7843219906214622,0.588440946207615,49.20564206250424
64.06350_-146.45222,64.0635,-146.45222,0.8311329746511762,1.0447197463307751,0.21358677167959894,25.698267087675188
64.06407_-147.03404,64.06407,-147.03404,0.7797547505877158,1.1102991934686401,0.3305444428809243,42.390821297566546
64.06539_-144.95062,64.06539,-144.95062,1.3238527573847583,1.9766738848490166,0.6528211274642584,49.31221571452493
64.06588_-148.36090,64.06588,-148.3609,0.8000635041002009,1.1673337474601966,0.3672702433599957,45.90513646451724
64.06606_-145.95172,64.06606,-145.95172,1.020608489531598,1.4482326963530898,0.4276242068214917,41.89894667814758
64.06665_-147.69745,64.06665,-147.69745,0.7590645916890826,1.0389799055681863,0.27991531387910373,36.876349778907716
64.06669_-145.45117,64.06669,-145.45117,1.1340472306806884,1.6359073605541572,0.5018601298734688,44.25390021650489
64.06875_-144.53110,64.06875,-144.5311,0.864716240494219,1.324648133331649,0.4599318928374301,53.18876543530177
64.06882_-146.53360,64.06882,-146.5336,0.8358935027029115,1.0797310477677344,0.2438375450648229,29.1708865156099
64.06904_-147.11554,64.06904,-147.11554,0.7563822242769829,1.0799731912598398,0.32359096698285694,42.781408208287004
64.31869_-147.03572,64.31869,-147.03572,0.8915857472615979,1.230550592427976,0.33896484516637815,38.01819917012686
64.31986_-144.93094,64.31986,-144.93094,0.8134152626047326,1.173501345923547,0.3600860833188144,44.268419818647175
64.32039_-148.37619,64.32039,-148.37619,0.893880693152573,1.2409715987469478,0.34709090559437483,38.82966801422248
64.32063_-145.94231,64.32063,-145.94231,1.022045369915938,1.4762687167304653,0.45422334681452736,44.44258153157004
64.32120_-145.43661,64.3212,-145.43661,1.0814447389624657,1.6629461366277287,0.581501397665263,53.77079167476957
64.32122_-147.70593,64.32122,-147.70593,0.8882806170670317,1.2445415321843107,0.3562609151172791,40.10679826534984
64.32345_-146.53015,64.32345,-146.53015,0.9761823514869641,1.434596252866661,0.45841390137969684,46.95986366496183
64.32365_-147.11807,64.32365,-147.11807,0.8674607604690561,1.1759405063915385,0.3084797459224824,35.56123342751322
64.32452_-148.45877,64.32452,-148.45877,0.9170457793470486,1.2988679908662077,0.3818222115191592,41.63611240771674
64.32577_-147.78842,64.32577,-147.78842,0.8698861239117892,1.2029539170261008,0.33306779311431156,38.288666063155446
64.22181_-146.64865,64.22181,-146.64865,1.0138114460514074,1.478034532613137,0.4642230865617296,45.78988414165036
64.22305_-147.90175,64.22305,-147.90175,0.8791335952610926,1.2851742040010379,0.4060406087399453,46.18645117518867
64.22339_-144.63376,64.22339,-144.63376,0.7757715173540357,1.0256179118349986,0.2498463944809629,32.206182992271614
64.22509_-146.14499,64.22509,-146.14499,1.1307719403016525,1.6284086334249528,0.4976366931233003,44.008581694249266
64.22525_-148.65164,64.22525,-148.65164,1.068886687227586,1.7436365011417587,0.6747498139141728,63.126411992677944
64.22590_-145.13748,64.2259,-145.13748,1.1125426792434676,1.6463761833947959,0.5338335041513282,47.98319328426453
64.22634_-147.31622,64.22634,-147.31622,0.9377798879182329,1.3476940670067954,0.40991417908856254,43.711129271339615
64.22647_-145.64124,64.22647,-145.64124,1.2109588557106123,1.8310891901300512,0.6201303344194389,51.20985997955606
64.22701_-146.73059,64.22701,-146.73059,0.9908931104012962,1.4295849946666126,0.43869188426531636,44.27237203088969
64.22749_-147.98395,64.22749,-147.98395,0.8826356832444981,1.2728698544474235,0.39023417120292536,44.212371945858315
64.18733_-147.91197,64.18733,-147.91197,0.8369150906198408,1.2048788836744118,0.36796379305457094,43.966681587978954
64.18798_-144.64865,64.18798,-144.64865,0.7765577409942082,1.0297449095307314,0.25318716853652323,32.60377885260326
64.18943_-148.66077,64.18943,-148.66077,0.8472312514170227,1.248181111979299,0.4009498605622762,47.32472508440571
64.18951_-146.15771,64.18951,-146.15771,1.0014015415818056,1.3984150169190288,0.3970134753372232,39.645782321255865
64.19042_-145.15164,64.19042,-145.15164,1.0623545810388324,1.5373231665024525,0.4749685854636201,44.709044789844846
64.19065_-147.32727,64.19065,-147.32727,0.9040614344689509,1.2938333022697455,0.38977186780079454,43.11342713448981
64.19091_-145.65469,64.19091,-145.65469,1.2231739191513251,1.8081825949281418,0.5850086757768167,47.82710509252138
64.19138_-146.74249,64.19138,-146.74249,0.9444831017345793,1.3288640590451144,0.3843809573105351,40.69749438657026
64.19175_-147.99405,64.19175,-147.99405,0.8580555381343021,1.2352546577938703,0.3771991196595682,43.959755854466536
64.19338_-148.74298,64.19338,-148.74298,0.9351894767272272,1.4995121973982564,0.5643227206710292,60.34314272289751
64.20867_-145.39627,64.20867,-145.39627,1.0376719736333766,1.4771206333612783,0.4394486597279017,42.349477570371846
64.20891_-148.32262,64.20891,-148.32262,0.9167595400560273,1.3213686578851116,0.40460911782908426,44.13470491993536
64.20948_-147.65536,64.20948,-147.65536,0.8503380582429979,1.2142961035482962,0.3639580453052983,42.80157071380796
64.21125_-146.48486,64.21125,-146.48486,0.9676913171739849,1.3715106342530823,0.40381931707909735,41.73017881966726
64.21166_-147.07013,64.21166,-147.07013,0.9764463826920267,1.431412411976775,0.4549660292847484,46.59406162480973
64.21307_-148.40483,64.21307,-148.40483,0.9465100940365666,1.3951039563269543,0.44859386229038767,47.39451434450916
64.21346_-144.97437,64.21346,-144.97437,1.113948170362304,1.6564721272290606,0.5425239568667566,48.7028006599539
64.21390_-145.98140,64.2139,-145.9814,1.112174506879339,1.5864351612945224,0.4742606544151835,42.642647487570635
64.21405_-147.73746,64.21405,-147.73746,0.8602250931671437,1.2527134169684755,0.3924883238013318,45.626235146929204
64.21465_-145.47787,64.21465,-145.47787,1.080210935928979,1.5866600539920337,0.5064491180630546,46.88427983998416
64.17315_-145.41003,64.17315,-145.41003,1.0194018742059954,1.4448472232377432,0.4254453490317478,41.73480153380374
64.17377_-147.66592,64.17377,-147.66592,0.8013369716082513,1.0974602584598148,0.2961232868515634,36.95365337471648
64.17564_-146.49710,64.17564,-146.4971,0.91260749940907,1.2363069437331586,0.3236994443240886,35.469733103627775
64.17601_-147.08154,64.17601,-147.08154,0.9415427061515187,1.369183394697485,0.42764068854596626,45.41914941850208
64.17728_-148.41432,64.17728,-148.41432,0.8415390464922454,1.2107000960348624,0.36916104954261697,43.867370276088394
64.17800_-144.98875,64.178,-144.98875,0.9271208360846124,1.2880583353734054,0.36093749928879304,38.931009339957555
64.17834_-145.99435,64.17834,-145.99435,1.0770464586224273,1.537117386841206,0.4600709282187787,42.71597799107221
64.17834_-147.74791,64.17834,-147.74791,0.7511718852223215,1.066275725487297,0.3151038402649755,41.948300577266075
64.17912_-145.49155,64.17912,-145.49155,1.1530668925607401,1.7323249425094835,0.5792580499487434,50.236291899971434
64.18094_-146.57886,64.18094,-146.57886,0.9218099701214375,1.2631160345495538,0.3413060644281163,37.025642539226745
64.18094_-147.16342,64.18094,-147.16342,0.9475231315053312,1.3831117251472427,0.4355885936419115,45.97128863227765
64.18138_-148.49646,64.18138,-148.49646,0.8677849374106317,1.2728582688222505,0.40507333141161883,46.679000055049364
64.18149_-144.56732,64.18149,-144.56732,0.7614618810954492,0.9884651958807701,0.22700331478532088,29.81151393405943
64.18286_-147.82993,64.18286,-147.82993,0.7847848507236865,1.1285889182232722,0.3438040674995857,43.808703389540206
64.18395_-146.07602,64.18395,-146.07602,1.0031957836091694,1.4116797738197269,0.4084839902105575,40.71827223405645
64.18424_-145.07018,64.18424,-145.07018,1.0325720074341491,1.5410870881792351,0.508515080745086,49.24742072068188
64.18504_-145.57309,64.18504,-145.57309,1.2490048050498128,1.8635472593327047,0.6145424542828919,49.202569261403504
64.18543_-148.57860,64.18543,-148.5786,0.8552895340219302,1.2700348897052094,0.4147453556832792,48.49180764939009
64.18582_-147.24533,64.18582,-147.24533,0.9337918714271946,1.3580612292756387,0.4242693578484441,45.43510934615405
64.18619_-146.66064,64.18619,-146.66064,0.935953534070914,1.3217944956221828,0.3858409615512688,41.22437145710216
64.24261_-144.87833,64.24261,-144.87833,0.9116122697704523,1.2968354868903385,0.38522321711988616,42.2573532513869
64.24381_-145.88657,64.24381,-145.88657,1.049829105716055,1.4893442708442,0.43951516512814504,41.86540101956554
64.24418_-145.38243,64.24418,-145.38243,1.022849131265577,1.4776521287228483,0.4548029974572714,44.46432846792773
64.24467_-148.31297,64.24467,-148.31297,0.9194538712723026,1.3176776343357992,0.3982237630634966,43.31090177612183
64.24519_-147.64478,64.24519,-147.64478,0.857952777578562,1.2323437925685743,0.37439101499001226,43.63771815584915
64.24685_-146.47260,64.24685,-146.4726,1.007426383842461,1.428969893039961,0.42154350919749994,41.8436042532136
64.24732_-147.05869,64.24732,-147.05869,0.9647312363027783,1.4088744787906062,0.4441432424878279,46.03802860058267
64.24883_-148.39531,64.24883,-148.39531,0.9508180430587372,1.3846443104845196,0.43382626742578245,45.626633885720516
64.24892_-144.95993,64.24892,-144.95993,0.9375181854811498,1.3670797191679402,0.4295615336867904,45.81900813650162
64.24949_-145.96841,64.24949,-145.96841,1.0251859853112695,1.4273730357701202,0.4021870504588507,39.2306426561945
64.12405_-147.43105,64.12405,-147.43105,0.80452908537611,1.1171263924429748,0.31259730706686484,38.85469310543676
64.12462_-148.09604,64.12462,-148.09604,0.7459854527908689,1.0353762444843917,0.2893907916935228,38.79308780229675
64.12527_-146.84781,64.12527,-146.84781,0.8535040300724298,1.142459725026452,0.2889556949540223,33.855223264675274
64.12558_-145.26112,64.12558,-145.26112,1.1167145187924157,1.63886653087093,0.5221520120785144,46.75787797969665
64.12569_-145.76286,64.12569,-145.76286,1.183378983026505,1.7342388762270653,0.5508598932005604,46.54974451141004
64.12877_-147.51282,64.12877,-147.51282,0.8062436193500965,1.0941691193343572,0.28792549998426076,35.71197254452124
64.12892_-148.17792,64.12892,-148.17792,0.7771814037118656,1.0725189990814086,0.29533759536954296,38.00111453503553
64.12931_-146.34612,64.12931,-146.34612,0.8799020236252073,1.1664834802880135,0.2865814566628062,32.569700826699666
64.12994_-144.84061,64.12994,-144.84061,0.8581616534246239,1.2802662092474053,0.4221045558227814,49.18706797703082
64.13035_-146.92947,64.13035,-146.92947,0.8427640956701623,1.1630621077515597,0.3202980120813974,38.00565469352344
64.15257_-144.66348,64.15257,-144.66348,0.7701537759917181,1.0040370577035924,0.23388328171187434,30.36838732767434
64.15366_-148.66989,64.15366,-148.66989,0.8974640525335504,1.322512843090078,0.42504879055652767,47.36109366794252
64.15395_-146.17041,64.15395,-146.17041,0.9464569976705897,1.3126624321440423,0.36620543447345266,38.69224226507424
64.15492_-145.16577,64.15492,-145.16577,1.0654151346449057,1.5972459584034995,0.5318308237585938,49.91770873762261
64.15498_-147.33830,64.15498,-147.3383,0.8678397461042131,1.2204329050011133,0.35259315889690024,40.62883274011279
64.15540_-145.66809,64.1554,-145.66809,1.1811219960039632,1.7234119229706368,0.5422899269666737,45.913117256420485
64.15576_-146.75433,64.15576,-146.75433,0.9180444284086154,1.2654127279879654,0.34736829957935,37.83785281301644
64.15599_-148.00412,64.15599,-148.00412,0.813252096399176,1.1747437450107991,0.3614916486116232,44.45013424646482
64.15759_-148.75198,64.15759,-148.75198,0.8560697235331236,1.22514823998921,0.36907851645608636,43.11313743614783
64.15900_-144.74474,64.159,-144.74474,0.7881430690945218,1.0802273178808997,0.29208424878637784,37.05980046515492
64.47984_-146.13750,64.47984,-146.1375,0.7974107232787273,1.1214408180107553,0.32403009473202804,40.63528182812842
64.47988_-148.67001,64.47988,-148.67001,0.9647240310097258,1.4528321943055413,0.4881081632958155,50.59562606571938
64.48054_-145.11958,64.48054,-145.11958,0.7923316836577656,1.129538958865734,0.33720727520796845,42.558852834366704
64.48112_-147.32083,64.48112,-147.32083,0.8618228305716681,1.186322829944848,0.32449999937317997,37.65275041018944
64.48116_-145.62854,64.48116,-145.62854,0.6360332258851142,0.8429974018133537,0.20696417592823946,32.53983715083827
64.48180_-146.72914,64.4818,-146.72914,0.8698662616206908,1.241996565441894,0.37213030382120327,42.7801744061057
64.48219_-147.99544,64.48219,-147.99544,0.8975059207729595,1.2809212817481737,0.3834153609752141,42.720092659110826
64.48383_-148.75320,64.48383,-148.7532,0.9565740288424736,1.4332689808801589,0.4766949520376853,49.833566212802374
64.48445_-144.69299,64.48445,-144.69299,0.9526481446650426,1.422553838536757,0.46990569387171455,49.32625928085301
64.48537_-146.22018,64.48537,-146.22018,0.8657841932129451,1.212077374355729,0.34629318114278385,39.997632649965794
64.02996_-144.96497,64.02996,-144.96497,1.3386897668378668,1.9836908068672205,0.6450010400293538,48.18151718249983
64.03014_-148.37039,64.03014,-148.37039,0.6991783549956792,0.9963245251191051,0.2971461701234259,42.499337686914274
64.03051_-145.96465,64.03051,-145.96465,1.020234328768316,1.4497608721083277,0.4295265433400117,42.10077344275998
64.03097_-147.70789,64.03097,-147.70789,0.8969693622294275,1.3030407549687804,0.4060713927393529,45.27148973405935
64.03120_-145.46481,64.0312,-145.46481,1.1449430775592382,1.6705877709944013,0.5256446934351631,45.9101158597089
64.03324_-146.54572,64.03324,-146.54572,0.8050173399779934,1.0282677392008623,0.22325039922286893,27.732371482702707
64.03337_-144.54602,64.03337,-144.54602,1.0556003024406801,1.63446869259203,0.5788683901513498,54.83783860358259
64.03339_-147.12682,64.03339,-147.12682,0.6206274471226501,0.8434137136499811,0.22278626652733102,35.896940678375024
64.03427_-148.45203,64.03427,-148.45203,0.7007040514307814,1.0182473950869015,0.31754334365612014,45.31775476504269
64.03551_-147.78941,64.03551,-147.78941,0.6760286691709463,0.8955167562084707,0.21948808703752443,32.46727499096978
64.88223_-148.73593,64.88223,-148.73593,1.2671288505291043,2.0747432766064233,0.807614426077319,63.73577759989367
64.88305_-146.16144,64.88305,-146.16144,0.694505147448433,1.0098116995809188,0.3153065521324858,45.40017497219448
64.88388_-145.12662,64.88388,-145.12662,0.7273461078220866,1.0620023715186524,0.33465626369656576,46.01059386962785
64.88402_-147.36440,64.88402,-147.3644,0.9278008703183462,1.3575159451046992,0.42971507478635296,46.31544208822626
64.88447_-145.64404,64.88447,-145.64404,0.6041895709259837,0.8420580781488287,0.23786850722284503,39.369846596042144
64.88486_-146.76291,64.88486,-146.76291,0.8791633690405714,1.2266092869024097,0.3474459178618383,39.52006306188634
64.88486_-148.05020,64.88486,-148.0502,0.7457905511156621,1.0227772007737381,0.27698664965807607,37.14000522582636
64.88779_-144.69296,64.88779,-144.69296,0.7038631184719499,0.9271217627882329,0.22325864431628295,31.71904287313218
64.88857_-146.24551,64.88857,-146.24551,0.8581012468004824,1.3138591096093672,0.45575786280888486,53.11236459662824
64.88879_-147.44872,64.88879,-147.44872,1.0013899449162085,1.496735494904443,0.49534554998823443,49.46580026122417
64.09743_-148.26953,64.09743,-148.26953,0.8127799899087319,1.1063839270814495,0.2936039371727176,36.12342095253683
64.09774_-147.60526,64.09774,-147.60526,0.7772287564071654,1.0576458028941849,0.2804170464870195,36.079087935871215
64.09911_-146.43997,64.09911,-146.43997,0.8374575676892575,1.084109067961512,0.24665150027225446,29.452417625507167
64.09970_-147.02261,64.0997,-147.02261,0.8626641582923384,1.2412078426507884,0.37854368435845,43.88077106481218
64.10082_-144.93625,64.10082,-144.93625,1.2736891746918095,1.9691859374256078,0.6954967627337982,54.60490491348373
64.10159_-145.93877,64.10159,-145.93877,1.0264096438820383,1.4639195934936753,0.43750994961163703,42.62527658615009
64.10162_-148.35136,64.10162,-148.35136,0.8257199756826462,1.1769645034521785,0.3512445277695323,42.537971481088185
64.10217_-145.43750,64.10217,-145.4375,1.0844218621819353,1.5308537431347151,0.44643188095277986,41.16773153710924
64.10235_-147.68697,64.10235,-147.68697,0.7514806184741346,1.0510643897599983,0.29958377128586366,39.86580144863378
64.10413_-144.51611,64.10413,-144.51611,0.9482813329046647,1.4788543145404391,0.5305729816357745,55.9510098137844
64.11066_-144.59717,64.11066,-144.59717,0.8834461442704814,1.2667552410640797,0.38330909679359826,43.387941560390345
64.11141_-147.85049,64.11141,-147.85049,0.7641459135582427,1.1096761601808547,0.345530246622612,45.21783608233297
64.11284_-146.10159,64.11284,-146.10159,0.9686252342704252,1.3460385718253207,0.3774133375548955,38.96381430111777
64.11330_-145.09860,64.1133,-145.0986,1.048179961604737,1.5284111181154234,0.4802311565106865,45.81571620349093
64.11391_-148.59705,64.11391,-148.59705,0.9210900683329913,1.4271372625543177,0.5060471942213264,54.94003372951155
64.11403_-145.60010,64.11403,-145.6001,1.2276117553779757,1.8120470001838078,0.5844352448058321,47.6074982375749
64.11446_-147.26758,64.11446,-147.26758,0.8572787055289599,1.1925475350872983,0.33526882955833837,39.10849848433715
64.11495_-146.68457,64.11495,-146.68457,0.8732441705962203,1.2126048848907085,0.3393607142944882,38.862064668898356
64.11586_-147.93231,64.11586,-147.93231,0.7638018735919312,1.0959767460446208,0.3321748724526896,43.48966452393876
64.11713_-144.67828,64.11713,-144.67828,0.768701806096409,1.0091129022809848,0.2404110961845758,31.27494878741366
64.63361_-147.44270,64.63361,-147.4427,0.9472301336812292,1.322631008134306,0.3754008744530768,39.631432859315076
64.63409_-148.12151,64.63409,-148.12151,0.9651897973029224,1.4079231114701916,0.44273331416726913,45.87007813431314
64.63486_-146.84735,64.63486,-146.84735,0.8924232984718017,1.2653983363440449,0.3729750378722432,41.79351194785377
64.63496_-145.22769,64.63496,-145.22769,0.9387250475661428,1.3730256227871516,0.43430057522100873,46.26493948862143
64.63518_-145.73987,64.63518,-145.73987,0.9786831658793582,1.509284344307105,0.5306011784277467,54.215827647448634
64.63833_-147.52618,64.63833,-147.52618,0.9456670344128724,1.3251550881016112,0.37948805368873884,40.129140583223155
64.63838_-148.20511,64.63838,-148.20511,0.9762498041436424,1.4610635076685263,0.48481370352488395,49.660824664662364
64.63889_-146.33524,64.63889,-146.33524,0.798430621327523,1.107736973531559,0.309306352204036,38.73928979449248
64.63920_-144.79843,64.6392,-144.79843,0.7433620910557478,1.0928976373778476,0.3495355463220998,47.02090011419303
64.63995_-146.93071,64.63995,-146.93071,0.8579336122383434,1.1950499744056657,0.3371163621673223,39.293991674692386
64.26891_-148.80736,64.26891,-148.80736,1.1257291182101234,1.727972995096595,0.6022438768864715,53.4981166556322
64.27157_-147.46957,64.27157,-147.46957,0.8258090150198941,1.1452882803998021,0.319479265379908,38.686822203340995
64.27169_-144.78207,64.27169,-144.78207,0.7756800021441143,1.069578256887056,0.29389825474294173,37.889110706806406
64.27169_-146.29617,64.27169,-146.29617,1.2810142847542592,1.9440512583442104,0.6630369735899513,51.75874941294224
64.27193_-148.13849,64.27193,-148.13849,0.8681049995907283,1.174688069280614,0.3065830696898858,35.316358025172725
64.27293_-146.88287,64.27293,-146.88287,0.8970773570220516,1.2778687303246956,0.380791373302644,42.44799741314656
64.27363_-145.28676,64.27363,-145.28676,0.8288652227332801,1.1113221806540272,0.2824569579207471,34.07754966354026
64.27363_-145.79149,64.27363,-145.79149,1.026435208607639,1.4339289497678744,0.4074937411602355,39.69989900414674
64.27621_-148.22089,64.27621,-148.22089,0.8680076672062844,1.1897766289148892,0.3217689617086048,37.06982943413742
64.27626_-147.55185,64.27626,-147.55185,0.8465965228731284,1.1928869949246688,0.3462904720515404,40.903838215200864
64.29752_-145.61423,64.29752,-145.61423,1.0303209089303935,1.4445983309258912,0.41427742199549766,40.20858146279602
64.29771_-147.29401,64.29771,-147.29401,0.8569723799738245,1.1723333115624945,0.31536093158867007,36.79942772464878
64.29831_-146.70670,64.29831,-146.7067,1.128548277828608,1.7030049284650979,0.5744566506364899,50.90226638259354
64.29897_-147.96365,64.29897,-147.96365,0.85995926413617,1.1836349095299474,0.32367564539377747,37.638485785592415
64.30074_-144.68558,64.30074,-144.68558,0.6873152401209266,0.9208521215877077,0.2335368814667811,33.97813227969345
64.30079_-148.71582,64.30079,-148.71582,1.0401585095303059,1.5610073010772225,0.5208487915469167,50.07398264540577
64.30181_-146.20149,64.30181,-146.20149,0.9383030020050437,1.3081962455895273,0.3698932435844836,39.421513391097015
64.30252_-147.37633,64.30252,-147.37633,0.8576345126842259,1.1931390937273727,0.33550458104314684,39.11976209925182
64.30302_-145.19086,64.30302,-145.19086,1.0520405598345453,1.522996608101153,0.47095604826660775,44.76595924597005
64.30335_-148.04610,64.30335,-148.0461,0.863603439087469,1.1818924388205363,0.31828899973306735,36.85592082280139
64.10445_-146.52147,64.10445,-146.52147,0.8440073618712209,1.0984020389281417,0.25439467705692076,30.141286504054975
64.10468_-147.10425,64.10468,-147.10425,0.8836212934831397,1.2996567215599688,0.41603542807682914,47.08300163714508
64.10577_-148.43323,64.10577,-148.43323,0.8601322708763143,1.2641190507603142,0.4039867798839999,46.967983130363514
64.10691_-147.76872,64.10691,-147.76872,0.749890068026619,1.0788038815999255,0.3289138135733065,43.86160420004803
64.10709_-145.01741,64.10709,-145.01741,1.1691978172650432,1.7102782688057214,0.5410804515406782,46.27792179824278
64.10725_-146.02017,64.10725,-146.02017,1.0129347295624074,1.435002696053591,0.4220679664911837,41.66783447868542
64.10812_-145.51878,64.10812,-145.51878,1.1662472407807511,1.7005383499418052,0.534291109161054,45.81285086714286
64.10960_-147.18588,64.1096,-147.18588,0.8879408749133816,1.2843503489250025,0.39640947401162097,44.643679011881346
64.10973_-146.60300,64.10973,-146.603,0.8565292142287066,1.1501236121051333,0.2935943978764266,34.277219387175776
64.10986_-148.51511,64.10986,-148.51511,0.9002834532159103,1.3850601470843475,0.48477669386843725,53.84711805340443
64.69695_-147.93369,64.69695,-147.93369,0.9488295925733685,1.3538558273449262,0.40502623477155764,42.68693113513308
64.69730_-144.60237,64.6973,-144.60237,0.7399602842114514,1.0458662106497236,0.3059059264382722,41.34085747105535
64.69890_-148.69809,64.6989,-148.69809,0.9543226452484026,1.48762125840211,0.5332986131537074,55.88242255478429
64.69919_-146.14288,64.69919,-146.14288,0.7945324998934862,1.1259662637538685,0.33143376386038237,41.714311737381905
64.69991_-145.11583,64.69991,-145.11583,0.7327460636094476,1.044759990212734,0.3120139266032864,42.58145380765762
64.70036_-147.33679,64.70036,-147.33679,0.9804386214177674,1.3949710195481495,0.4145323981303821,42.280300783229634
64.70052_-145.62936,64.70052,-145.62936,0.8599866963562045,1.2305050709670269,0.3705183746108224,43.08419841617579
64.70111_-146.73984,64.70111,-146.73984,0.8370029968269784,1.1800616078214499,0.34305861099447144,40.9865451252843
64.70137_-148.01746,64.70137,-148.01746,0.9935312457809137,1.4684914242381883,0.4749601784572747,47.805258312128565
64.70283_-148.78201,64.70283,-148.78201,1.022479547158594,1.6488226374439243,0.6263430902853304,61.25727326535756
64.67566_-146.91888,64.67566,-146.91888,0.8560226949316889,1.205170719658512,0.34914802472682305,40.787239262936275
64.67656_-145.80952,64.67656,-145.80952,0.8458573527050233,1.1738542216176215,0.32799686891259827,38.77685378789643
64.67661_-145.29651,64.67661,-145.29651,0.8321699109150104,1.1625658951055482,0.33039598419053784,39.702947662124885
64.67844_-148.27888,64.67844,-148.27888,1.0428622490560064,1.6015293553151992,0.5586671062591928,53.5705561079515
64.67879_-147.59885,64.67879,-147.59885,0.9463794008994172,1.3112219083873162,0.36484250748789904,38.55139990802432
64.67995_-146.40591,64.67995,-146.40591,0.7610217087231852,1.0493824386603205,0.28836072993713535,37.891262053606404
64.68071_-147.00238,64.68071,-147.00238,0.8860383372599959,1.23154271743057,0.34550438017057405,38.99429241843183
64.68110_-144.86652,64.6811,-144.86652,0.954768780806916,1.3768490511336369,0.4220802703267209,44.207590236664714
64.68229_-145.89281,64.68229,-145.89281,0.780908605227981,1.0543151392246204,0.2734065339966394,35.01133579093039
64.68263_-148.36267,64.68263,-148.36267,1.0692662305225165,1.686707180302308,0.6174409497797915,57.74436077328167
64.55663_-146.19456,64.55663,-146.19456,0.8266049436666487,1.1437444030591966,0.31713945939254784,38.366508913651394
64.55736_-147.38156,64.55736,-147.38156,0.9536908485050198,1.3348869528764986,0.38119610437147877,39.97061573664375
64.55775_-145.17346,64.55775,-145.17346,0.8100358781604351,1.1499460461185782,0.3399101679581431,41.96235958462333
64.55815_-148.05829,64.55815,-148.05829,0.9473431836908693,1.3658774857176756,0.4185343020268063,44.17979769445194
64.55818_-145.68402,64.55818,-145.68402,0.6485226861901903,0.9156626856934429,0.2671399995032526,41.19208243470904
64.55832_-146.78806,64.55832,-146.78806,0.912856680853669,1.375084028686714,0.4622273478330451,50.63525934879368
64.56183_-144.74554,64.56183,-144.74554,0.5467946012433527,0.7486857729973608,0.20189117175400817,36.92267101667229
64.56211_-146.27753,64.56211,-146.27753,0.8067163222031363,1.0964925914507595,0.28977626924762323,35.92046686947481
64.56211_-147.46478,64.56211,-147.46478,0.9709018451739068,1.3672348976902764,0.39633305251636963,40.82112465708405
64.56249_-148.14162,64.56249,-148.14162,0.9459382036630388,1.3697120489974393,0.42377384533440043,44.799316032842746
64.45078_-148.08858,64.45078,-148.08858,0.9062528759494226,1.3282750264541825,0.4220221505047599,46.56781365384739
64.45117_-145.21625,64.45117,-145.21625,1.0356749278594546,1.5922521411899475,0.5565772133304929,53.740531740092756
64.45128_-146.82388,64.45128,-146.82388,0.956629385742261,1.379166291420384,0.42253690567812296,44.169342064510296
64.45145_-145.72461,64.45145,-145.72461,0.6873551606035755,0.9478702671452204,0.2605151065416449,37.90109123686264
64.45488_-147.49767,64.45488,-147.49767,0.9127922655175278,1.2869116427936238,0.374119377276096,40.986256282964966
64.45509_-148.17155,64.45509,-148.17155,0.9050483177686552,1.3258619932309108,0.42081367546225557,46.49626624352472
64.45523_-146.31555,64.45523,-146.31555,0.9041031308032037,1.261258153364984,0.35715502256178033,39.50379225481549
64.45538_-144.79019,64.45538,-144.79019,0.7879896526077637,1.1090568735869177,0.3210672209791541,40.74510622272995
64.45638_-146.90662,64.45638,-146.90662,0.9037576711756542,1.2521924562017817,0.34843478502612746,38.554005806984264
64.45722_-145.80711,64.45722,-145.80711,0.753113564281217,1.0769484883162157,0.3238349240349987,42.999481007100385
64.15945_-146.25203,64.15945,-146.25203,0.9255204448594886,1.2535404051902854,0.32801996033079683,35.44167631873291
64.15975_-147.42017,64.15975,-147.42017,0.854750228851359,1.1936698001715809,0.3389195713202219,39.651299277880625
64.16035_-148.08609,64.16035,-148.08609,0.8142800548247957,1.168404910296598,0.3541248554718024,43.48931959877091
64.16090_-146.83609,64.1609,-146.83609,0.8755944146740107,1.1961787191849407,0.32058430451093,36.61333365520446
64.16105_-145.24716,64.16105,-145.24716,1.0432271588284312,1.4897011422036548,0.4464739833752236,42.79738881382502
64.16121_-145.74960,64.16121,-145.7496,1.1547913049568603,1.6502649386962482,0.4954736337393879,42.90590270402992
64.16448_-147.50204,64.16448,-147.50204,0.8311268033527768,1.1521691742494147,0.3210423708966379,38.62736343017078
64.16466_-148.16812,64.16466,-148.16812,0.8326586379474707,1.1836762461711292,0.35101760822365846,42.15624413492277
64.16489_-146.33368,64.16489,-146.33368,0.9292702175378671,1.2674934649656446,0.33822324742777754,36.39665202269276
64.16539_-144.82603,64.16539,-144.82603,0.8799455169506654,1.2584788023722973,0.3785332854216319,43.01780941317695
64.37403_-145.16248,64.37403,-145.16248,0.8945615080531125,1.319248978335609,0.4246874702824964,47.47437336162262
64.37450_-145.66925,64.3745,-145.66925,0.9288555021761092,1.3452748559819157,0.4164193538058064,44.8314461000904
64.37479_-146.76511,64.37479,-146.76511,0.9275200825797135,1.364588215906736,0.43706813332702243,47.12222856796846
64.37489_-148.02592,64.37489,-148.02592,0.8822531115890024,1.2471388910054686,0.36488577941646616,41.35840096492039
64.37633_-148.78040,64.37633,-148.7804,0.957086642510927,1.4330647630674842,0.4759781205565572,49.7319782154543
64.37805_-144.73773,64.37805,-144.73773,0.8043903807683859,1.1196446353557175,0.3152542545873316,39.1916987229743
64.37850_-146.25835,64.3785,-146.25835,0.8385708054522079,1.2388788911056534,0.40030808565344556,47.736945175139425
64.37871_-147.43680,64.37871,-147.4368,0.9069554309103498,1.2911595690242568,0.38420413811390697,42.36196454860686
64.37924_-148.10864,64.37924,-148.10864,0.8800703038995275,1.2479360815847609,0.36786577768523343,41.799589879950155
64.37992_-146.84756,64.37992,-146.84756,1.0604548084987786,1.59975535545938,0.5393005469606014,50.855589756253394
64.49280_-145.28453,64.4928,-145.28453,0.8164630203452905,1.1363177878416248,0.31985476749633435,39.17565885115832
64.49280_-145.79375,64.4928,-145.79375,0.7393593802418221,1.072091629624758,0.3327322493829359,45.002776494714816
64.49515_-148.24474,64.49515,-148.24474,0.9078321292517788,1.319976821286411,0.4121446920346321,45.39877789678092
64.49533_-147.56973,64.49533,-147.56973,0.9402199947906958,1.3441229072313037,0.40390291244060783,42.95834109872567
64.49628_-146.38568,64.49628,-146.38568,0.8592603285089686,1.1421834731228713,0.28292314461390267,32.926359477673664
64.49712_-146.97772,64.49712,-146.97772,0.9617640210399141,1.3746826783473138,0.41291865730739974,42.93346894604443
64.49725_-144.85776,64.49725,-144.85776,1.0962685712921165,1.6973503465289956,0.6010817752368791,54.829791802606756
64.49854_-145.87640,64.49854,-145.8764,0.8749973264468371,1.295804381067427,0.42080705462058976,48.092381759540956
64.49886_-145.36707,64.49886,-145.36707,0.7305320866357727,0.9893328566111319,0.25880076997535917,35.426338515421236
64.49936_-148.32788,64.49936,-148.32788,0.8956603918585315,1.2971080676620794,0.4014476758035479,44.821416627626874
64.29069_-146.03738,64.29069,-146.03738,0.9708422558824191,1.3371489962919356,0.3663067404095165,37.730819624921715
64.29163_-145.53229,64.29163,-145.53229,1.159840036675342,1.7529807324803937,0.5931406958050516,51.13987076228869
64.29280_-148.55074,64.2928,-148.55074,1.0226518979614085,1.5019538683816498,0.47930197042024125,46.86853575255658
64.29285_-147.21170,64.29285,-147.2117,0.8580757102192091,1.1688422375778975,0.31076652735868837,36.21667921112673
64.29309_-146.62451,64.29309,-146.62451,1.10980665783255,1.6732598235018417,0.5634531656692916,50.77038975146485
64.29427_-144.60388,64.29427,-144.60388,0.6621820683290705,0.8795824854454144,0.21740041711634395,32.83091275257957
64.29453_-147.88123,64.29453,-147.88123,0.8551797196807771,1.183339290577674,0.32815957089689696,38.373170381003995
64.29627_-146.11942,64.29627,-146.11942,0.9637118825146433,1.3211412543202936,0.35742937180565026,37.08882066214632
64.29682_-148.63327,64.29682,-148.63327,1.054195708441024,1.5536686262220338,0.4994729177810098,47.379524862574634
64.29685_-145.10901,64.29685,-145.10901,1.0444587246691492,1.6073797260956053,0.5629210014264561,53.895954730501316
64.14561_-148.50580,64.14561,-148.5058,0.8816667016336304,1.2905194596238,0.40885275799016974,46.372711732518766
64.14609_-144.58228,64.14609,-144.58228,0.8161424252081015,1.1046032742465413,0.2884608490384397,35.34442520432478
64.14713_-147.84024,64.14713,-147.84024,0.7919798603436565,1.155323801190665,0.3633439408470085,45.877926831289116
64.14839_-146.08884,64.14839,-146.08884,0.9870116354100921,1.3894381049508202,0.40242646954072814,40.772211299568376
64.14876_-145.08441,64.14876,-145.08441,0.9445580407548303,1.3339074837089946,0.3893494429541643,41.220277225422926
64.14954_-145.58662,64.14954,-145.58662,1.2339557366924334,1.8297224315606175,0.5957666948681841,48.28104259761471
64.14967_-148.58783,64.14967,-148.58783,0.9229590520587148,1.3809967272371404,0.45803767517842564,49.62708520564867
64.15015_-147.25647,64.15015,-147.25647,0.8881054670508259,1.2600517730946907,0.3719463060438648,41.88087111759424
64.15057_-146.67262,64.15057,-146.67262,0.9021205263828735,1.2492879077566945,0.34716738137382097,38.4834810006837
64.15159_-147.92215,64.15159,-147.92215,0.814461948398883,1.186814689528755,0.37235274112987204,45.71763504260265
64.74586_-148.17508,64.74586,-148.17508,1.0710322307245732,1.6441085506825135,0.5730763199579403,53.50691636704934
64.74709_-146.89508,64.74709,-146.89508,0.8564910518122031,1.2080673090119647,0.3515762571997616,41.04844486768197
64.74775_-145.26797,64.74775,-145.26797,0.7708324702190249,1.0753313151828587,0.30449884496383384,39.502597091857496
64.74780_-145.78250,64.7478,-145.7825,0.7146983166453871,0.9781428601987391,0.263444543553352,36.86094362022482
64.75012_-148.25909,64.75012,-148.25909,0.9599915517658724,1.4570642148414525,0.4970726630755802,51.778858070285274
64.75034_-147.57704,64.75034,-147.57704,0.9747952149878494,1.4173621291118086,0.4425669141239592,45.40101421501907
64.75129_-146.38063,64.75129,-146.38063,0.7660713114447253,1.0639140784968042,0.2978427670520789,38.87924826350442
64.75211_-144.83676,64.75211,-144.83676,0.7061419994081959,0.9640912586202464,0.2579492592120505,36.52937503055091
64.75215_-146.97885,64.75215,-146.97885,0.8797406016141972,1.2571470383614396,0.3774064367472424,42.899740679781736
64.75356_-145.86603,64.75356,-145.86603,0.6718662021688973,0.9270977202435926,0.25523151807469535,37.98844431387753
65.01198_-146.46001,65.01198,-146.46001,0.7623522899036483,1.0642333673245088,0.30188107742086046,39.59863194731329
65.01246_-147.06467,65.01246,-147.06467,0.7571749677553448,1.0012329005177902,0.24405793276244547,32.23269959464699
65.01363_-144.89948,65.01363,-144.89948,0.611912970801685,0.8650988855312476,0.25318591472956253,41.37613137990134
65.01368_-148.44360,65.01368,-148.4436,0.8904432850266144,1.3920221607375753,0.5015788757109609,56.329121028294274
65.01452_-145.93987,65.01452,-145.93987,0.7931240610460147,1.1427556748333292,0.34963161378731444,44.08284037256434
65.01484_-147.75412,65.01484,-147.75412,0.8053145457878932,1.158848019583551,0.3535334737956579,43.90004820411786
65.01505_-145.41966,65.01505,-145.41966,0.7751651326607243,1.091208350487275,0.31604321782655065,40.771082768099305
65.01733_-146.54459,65.01733,-146.54459,0.7119994150522715,0.9939858764813384,0.2819864614290669,39.60487262596485
65.01743_-147.14938,65.01743,-147.14938,0.7556130019121774,1.0067132018056655,0.2511001998934881,33.23132334383424
65.01778_-148.52856,65.01778,-148.52856,0.9562719741745704,1.512467307105214,0.5561953329306435,58.16288126719776
64.53519_-148.31815,64.53519,-148.31815,0.9176717090823872,1.3384229492079982,0.42075124012561105,45.84986504011715
64.53571_-147.64204,64.53571,-147.64204,0.9742188271124057,1.4148781328919375,0.44065930577953183,45.232066299277996
64.53729_-146.45604,64.53729,-146.45604,0.778588831985149,1.0386668273938318,0.2600779954086827,33.4037664970827
64.53783_-147.04907,64.53783,-147.04907,0.9874052151307997,1.450744254752681,0.4633390396218813,46.92491314829683
64.53907_-144.92554,64.53907,-144.92554,0.8899082321508373,1.343404345227607,0.45349611307676974,50.95987391651674
64.53936_-148.40146,64.53936,-148.40146,0.9205454033175322,1.3451972773830447,0.4246518740655125,46.13046488908852
64.53983_-145.94592,64.53983,-145.94592,0.7931316245046706,1.0736370968874112,0.2805054723827406,35.3668248391839
64.54031_-147.72523,64.54031,-147.72523,0.9633763781141597,1.3811472491492651,0.41777087103510546,43.365280748621366
64.54044_-145.43571,64.54044,-145.43571,0.7720507529345645,1.0203909693795739,0.24834021644500937,32.16630713733111
64.54263_-146.53900,64.54263,-146.539,0.8480545005708201,1.1769615042143293,0.3289070036435092,38.78371064856374
64.21655_-146.56674,64.21655,-146.56674,0.9949230371283406,1.436899190550463,0.44197615342212226,44.42315002553402
64.21661_-147.15213,64.21661,-147.15213,0.9982653515468218,1.454942785869197,0.4566774343223752,45.74709856600243
64.21689_-144.55234,64.21689,-144.55234,0.7275950901261456,0.9510571002014572,0.22346201007531152,30.712413141293897
64.21719_-148.48706,64.21719,-148.48706,1.006438609910413,1.5269243977406795,0.5204857878302664,51.71560219421599
64.21858_-147.81958,64.21858,-147.81958,0.8732987875283325,1.28227454719424,0.4089757596659076,46.831137922842835
64.21953_-146.06317,64.21953,-146.06317,1.063494210276909,1.5046893822187708,0.44119517194186186,41.48543242440267
64.21970_-145.05591,64.2197,-145.05591,1.2561411949782055,1.9017236592112077,0.6455824642330021,51.39410018665961
64.22059_-145.55954,64.22059,-145.55954,1.1550655766799263,1.734544490972982,0.5794789142930556,50.16848618748438
64.22123_-148.56934,64.22123,-148.56934,1.0397049683215012,1.652279204669808,0.6125742363483069,58.91808301515056
64.22150_-147.23416,64.2215,-147.23416,0.9658978149849992,1.410539084482775,0.4446412694977758,46.033986473474044
64.13804_-147.67647,64.13804,-147.67647,0.7850407034352873,1.0938904830852456,0.3088497796499583,39.34188103858203
64.14004_-146.50931,64.14004,-146.50931,0.8689547376171503,1.1350368267217632,0.26608208910461295,30.620937729652514
64.14035_-147.09290,64.14035,-147.0929,0.9159567013445035,1.3562280904601876,0.4402713891156841,48.06683421491691
64.14152_-148.42380,64.14152,-148.4238,0.8337756502070708,1.1845393198601397,0.35076366965306893,42.069310799128715
64.14252_-145.00310,64.14252,-145.0031,0.9666356720126061,1.3747726347274531,0.408136962714847,42.22241890422645
64.14260_-147.75833,64.1426,-147.75833,0.7737100114244604,1.0943820251073213,0.3206720136828609,41.44602098303973
64.14278_-146.00728,64.14278,-146.00728,1.037874171907439,1.4793528855281468,0.4414787136207079,42.53682436372262
64.14362_-145.50519,64.14362,-145.50519,1.1700175344848276,1.724610738321977,0.5545932038371495,47.40041815538631
64.14527_-147.17467,64.14527,-147.17467,0.9169971212455514,1.331976757615852,0.41497963637030066,45.25419183504485
64.14533_-146.59094,64.14533,-146.59094,0.8737178437167741,1.1746823109278046,0.30096446721103054,34.44641417997544
64.28461_-148.38576,64.28461,-148.38576,0.9052283672108743,1.2747162495049826,0.36948788229410834,40.81709054617326
64.28506_-145.95538,64.28506,-145.95538,1.0163415934055988,1.43556858980447,0.4192269963988713,41.248631278988434
64.28550_-147.71648,64.2855,-147.71648,0.8623771164336946,1.2023741655592695,0.3399970491255748,39.4255648308029
64.28568_-145.45041,64.28568,-145.45041,1.065283183689568,1.6585958552742568,0.5933126715846888,55.695300617604126
64.28773_-144.52222,64.28773,-144.52222,0.7570410210922541,1.0329734053145756,0.27593238422232147,36.44880218303202
64.28782_-146.54239,64.28782,-146.54239,1.0052029313887736,1.4618949078411434,0.4566919764523698,45.4328138320698
64.28795_-147.12946,64.28795,-147.12946,0.8662653107811082,1.180240595697377,0.3139752849162687,36.24470251881128
64.28873_-148.46823,64.28873,-148.46823,0.9451251679021275,1.3820433799131213,0.4369182120109938,46.22860832082284
64.29004_-147.79883,64.29004,-147.79883,0.8523995233751236,1.1770480962802332,0.3246485729051096,38.08643294633078
64.29063_-145.02722,64.29063,-145.02722,0.820590007534821,1.1902462289220979,0.36965622138727683,45.04761427668137
64.32613_-145.01282,64.32613,-145.01282,0.8933793333715967,1.2907649126450624,0.39738557927346574,44.48116991622585
64.32627_-146.02443,64.32627,-146.02443,0.9586567906876818,1.3581440087217187,0.39948721803403686,41.67155773730754
64.32716_-145.51862,64.32716,-145.51862,1.0552662048836705,1.5181091256607782,0.46284292077710765,43.860299764657974
64.32857_-147.20044,64.32857,-147.20044,0.860022840065398,1.175042026785054,0.3150191867196561,36.62916518539222
64.32859_-148.54138,64.32859,-148.54138,0.9683498004663,1.4167756846770794,0.44842588421077934,46.30825389697441
64.32873_-146.61240,64.32873,-146.6124,1.007109662488962,1.4705376199047087,0.4634279574157467,46.01564007145309
64.32969_-144.58887,64.32969,-144.58887,0.7302702204710363,1.0039978059814167,0.27372758551038046,37.48305460598156
64.33026_-147.87091,64.33026,-147.87091,0.8705829680418797,1.1981310872106863,0.32754811916880655,37.623998078612736
64.33186_-146.10658,64.33186,-146.10658,0.8994258465667091,1.2466727788811256,0.3472469323144165,38.60762214471916
64.33236_-145.09473,64.33236,-145.09473,1.0178846357361229,1.5130172835663316,0.4951326478302087,48.64329713279681
64.69063_-147.16953,64.69063,-147.16953,0.8983837996280812,1.2292195802156605,0.33083578058757923,36.825661896902055
64.69077_-144.51938,64.69077,-144.51938,0.6965836508729234,0.992641600915421,0.2960579500424976,42.5014209953812
64.69087_-148.53032,64.69087,-148.53032,0.9679221287524017,1.4818704362997308,0.5139483075473291,53.098104928108235
64.69250_-147.84991,64.6925,-147.84991,0.9341239412669556,1.3207696429780258,0.38664570171107016,41.39126347480841
64.69361_-146.05948,64.69361,-146.05948,0.7469700134113698,1.0390852206030845,0.2921152071917147,39.10668459870846
64.69369_-145.03268,64.69369,-145.03268,0.7388568559385387,1.0418361305301787,0.30297927459164,41.00649160340784
64.69462_-145.54608,64.69462,-145.54608,0.8191102307470711,1.1472618411337527,0.3281516103866816,40.06195968122511
64.69492_-148.61420,64.69492,-148.6142,0.9224620981273668,1.4082215065472674,0.4857594084199006,52.659009991414365
64.69552_-147.25314,64.69552,-147.25314,0.9624080418963401,1.3558890267428036,0.39348098484646354,40.8850474764471
64.69590_-146.65630,64.6959,-146.6563,0.7515996174386554,1.054635368571476,0.30303575113282055,40.31877399905062
64.47182_-148.50375,64.47182,-148.50375,0.9433232796479082,1.4032067383610893,0.45988345871318115,48.75141625730162
64.47329_-147.82939,64.47329,-147.82939,0.8799993379310327,1.2326440517616688,0.3526447138306361,40.07329308448566
64.47427_-146.05484,64.47427,-146.05484,0.7490769678321152,1.017219638395761,0.2681426705636458,35.79641106035749
64.47432_-145.03717,64.47432,-145.03717,0.7070040871758381,0.9386649622471802,0.23166087507134214,32.76655386770431
64.47527_-145.54602,64.47527,-145.54602,0.6892955507285978,0.9051251737026085,0.21582962297401065,31.31162282215152
64.47588_-148.58688,64.47588,-148.58688,0.9687844030417267,1.4637448859703879,0.4949604829286611,51.09088063088301
64.47627_-147.23792,64.47627,-147.23792,0.8450521399235382,1.1453245366666702,0.300272396743132,35.53300235063615
64.47659_-146.64636,64.47659,-146.64636,0.8470566399899763,1.1821589085178938,0.3351022685279176,39.56078645837462
64.47777_-147.91240,64.47777,-147.9124,0.8809771343721955,1.2243199615669857,0.34334282719479026,38.97295557386563
64.47798_-144.61069,64.47798,-144.61069,0.851911638935734,1.2157590526587365,0.36384741372300256,42.70952491945591
64.16599_-146.91788,64.16599,-146.91788,0.875867336718652,1.213307843167761,0.33744050644910906,38.52644028412974
64.16697_-145.83115,64.16697,-145.83115,1.2174705044582756,1.794758154188542,0.5772876497302664,47.41697212509766
64.16712_-145.32858,64.16712,-145.32858,0.9766757226375224,1.3213763188205763,0.3447005961830538,35.293249150515024
64.16892_-148.25015,64.16892,-148.25015,0.8466356263728031,1.1857881700010897,0.3391525436282866,40.05885567103999
64.16914_-147.58397,64.16914,-147.58397,0.8291698182668004,1.13632467944494,0.3071548611781396,37.043661552971166
64.17030_-146.41537,64.1703,-146.41537,0.9072554756041492,1.223405003943787,0.3161495283396377,34.84680300541708
64.17102_-146.99969,64.17102,-146.99969,0.8994972113998769,1.301730104844742,0.4022328934448651,44.71752534050382
64.17172_-144.90738,64.17172,-144.90738,0.8857794134929969,1.2460172294034904,0.3602378159104934,40.66902102521504
64.17268_-145.91273,64.17268,-145.91273,1.1858694102880512,1.7463949014176003,0.5605254911295492,47.26705034017159
64.17312_-148.33221,64.17312,-148.33221,0.8392930541016108,1.1677351203477904,0.32844206624617955,39.133180554883516
64.46600_-146.48090,64.466,-146.4809,0.8751932358262646,1.216901476791234,0.34170824096496943,39.04374793783281
64.46643_-147.07220,64.46643,-147.0722,0.8839868946387235,1.2263459861208463,0.34235909148212285,38.728978173600815
64.46772_-148.42067,64.46772,-148.42067,0.9041202397908077,1.3164151565874795,0.41229491679667185,45.60177934873654
64.46806_-144.95480,64.46806,-144.9548,0.8366871147247305,1.1674481141156399,0.3307609993909094,39.532221014271215
64.46864_-145.97223,64.46864,-145.97223,0.8166526945016566,1.1509884131115014,0.3343357186098448,40.9397680140963
64.46877_-147.74641,64.46877,-147.74641,0.9094275333514774,1.2892028673117206,0.3797753339602432,41.75982362890115
64.46932_-145.46350,64.46932,-145.4635,0.6927835504959852,0.9003519073310009,0.20756835683501573,29.961501927465093
64.47132_-146.56360,64.47132,-146.5636,0.8515331902628288,1.1789727069114497,0.3274395166486209,38.45293646716877
64.47137_-147.15504,64.47137,-147.15504,0.838256535800519,1.125496729237141,0.287240193436622,34.26638280396026
64.47145_-144.52841,64.47145,-144.52841,0.7939833043054823,1.1043211810795217,0.31033787677403946,39.08619678665662
64.52100_-146.20740,64.521,-146.2074,0.8692446951202975,1.22362347120317,0.3543787760828725,40.76858657547849
64.52162_-147.39268,64.52162,-147.39268,0.9551323953732056,1.345185815518827,0.3900534201456214,40.837628587941786
64.52224_-145.18777,64.52224,-145.18777,0.8977111448063364,1.329008569476633,0.4312974246702965,48.04412055765894
64.52237_-148.06841,64.52237,-148.06841,0.9526232200191556,1.3930484618853007,0.4404252418661452,46.23288962631931
64.52258_-145.69760,64.52258,-145.6976,0.6453096968658808,0.9219643445437486,0.27665464767786785,42.87160862784415
64.52264_-146.80003,64.52264,-146.80003,0.9084502897267666,1.3360178383808075,0.4275675486540409,47.06559659776649
64.52635_-144.76047,64.52635,-144.76047,0.7954043714221559,1.1568262581467175,0.36142188672456155,45.43876042299736
64.52637_-147.47577,64.52637,-147.47577,0.9710471180777882,1.378654747642544,0.4076076295647557,41.97609178549699
64.52649_-146.29025,64.52649,-146.29025,0.8327679275280948,1.1170857572293373,0.28431782970124253,34.141303993921
64.52670_-148.15163,64.5267,-148.15163,0.9456589939262547,1.3847714562788762,0.43911246235262147,46.43454619190824
64.96090_-148.11424,64.9609,-148.11424,0.7444488517223788,1.0138381201847868,0.26938926846240796,36.18640392004649
64.96120_-145.18143,64.9612,-145.18143,0.6643352716221483,0.9205954135432362,0.2562601419210878,38.573917849546305
64.96152_-146.82291,64.96152,-146.82291,0.8329882542721792,1.1831733201919734,0.35018506591979426,42.0396162999642
64.96158_-145.70050,64.96158,-145.7005,0.847719770475106,1.2384021675353696,0.39068239706026353,46.08626702681535
64.96510_-147.51089,64.9651,-147.51089,0.9385590389669134,1.4182065371834183,0.4796474982165049,51.10466985054668
64.96521_-148.19897,64.96521,-148.19897,0.7195563567251998,0.9666976080647255,0.2471412513395257,34.346337021369614
64.96529_-144.74640,64.96529,-144.7464,0.4659538308932162,0.6502458539184797,0.18429202302526349,39.551563010434435
64.96545_-146.30388,64.96545,-146.30388,0.8671552294072815,1.2023465920304068,0.3351913626231253,38.65413610573917
64.96663_-146.90738,64.96663,-146.90738,0.8198672249356708,1.1697564318632883,0.3498892069276175,42.67632566420384
64.96734_-145.26553,64.96734,-145.26553,0.6405409796650481,0.8859528054488551,0.24541182578380705,38.31321235873744
64.41559_-146.83575,64.41559,-146.83575,1.074040780247471,1.617717584318152,0.543676804070681,50.619754302570506
64.41566_-145.23044,64.41566,-145.23044,0.9998920525372339,1.542962951071846,0.543070898534612,54.312952798911176
64.41587_-145.73807,64.41587,-145.73807,0.8225240894314023,1.1514158176131397,0.3288917281817374,39.98566515043893
64.41915_-147.50858,64.41915,-147.50858,0.9508388835468723,1.371406397422656,0.4205675138757837,44.23120690089569
64.41931_-148.18149,64.41931,-148.18149,0.882017670151971,1.272954588791284,0.3909369186393131,44.323025702189724
64.41960_-146.32816,64.4196,-146.32816,0.9554029909104356,1.475996335764309,0.5205933448538735,54.48939869423924
64.41991_-144.80499,64.41991,-144.80499,0.7799648957409872,1.1031615285748408,0.3231966328338537,41.437330654068525
64.42068_-146.91837,64.42068,-146.91837,0.915232291788767,1.2802598717841436,0.3650275799953766,39.88359930810045
64.42165_-145.82047,64.42165,-145.82047,0.7782027853656381,1.0824690062205988,0.3042662208549607,39.09857771994499
64.42175_-145.31270,64.42175,-145.3127,0.9386267275619666,1.3450870990771808,0.4064603715152142,43.303728689995175
64.62720_-148.71657,64.6272,-148.71657,0.9654793515987685,1.4544452151436884,0.4889658635449199,50.6448804663948
64.62791_-146.16879,64.62791,-146.16879,0.8001825678136063,1.0908683481638466,0.2906857803502403,36.32743226892595
64.62881_-145.14474,64.62881,-145.14474,0.9068132021255998,1.314389450057213,0.4075762479316133,44.945998467627206
64.62884_-147.35925,64.62884,-147.35925,0.9430900911583868,1.2996708462950677,0.35658075513668086,37.809829461647375
64.62934_-145.65677,64.62934,-145.65677,0.998133483547557,1.6117596985870248,0.6136262150394678,61.47737002655427
64.62972_-146.76401,64.62972,-146.76401,0.8800824568882021,1.2656537929080165,0.3855713360198144,43.81081942970646
64.62974_-148.03793,64.62974,-148.03793,0.9503103585723787,1.3669733760985583,0.4166630175261796,43.844941157130954
64.63112_-148.80023,64.63112,-148.80023,0.9533349872911425,1.4175065504847866,0.46417156319364405,48.689240338547336
64.63278_-144.71558,64.63278,-144.71558,0.6604603003080394,0.9379125746672325,0.2774522743591932,42.00892532522987
64.63342_-146.25198,64.63342,-146.25198,0.7517300569621002,1.0284386691919822,0.2767086122298821,36.80957142356659
64.51357_-147.90207,64.51357,-147.90207,0.9224660515008333,1.3107951045896775,0.38832905308884424,42.09683949420587
64.51546_-146.12459,64.51546,-146.12459,0.7785391355471876,1.0904697565419719,0.3119306209947843,40.06614526520203
64.51569_-148.66080,64.51569,-148.6608,0.9064262971926498,1.3278426667088483,0.42141636951619854,46.49207230873529
64.51608_-145.10519,64.51608,-145.10519,0.7795140875607579,1.1226664616837159,0.34315237412295796,44.02131784388202
64.51672_-145.61490,64.51672,-145.6149,0.6562524200845165,0.891031212387986,0.23477879230346954,35.77568403835116
64.51683_-147.30963,64.51683,-147.30963,0.9393743273726082,1.3144380009229926,0.3750636735503844,39.92696655862655
64.51746_-146.71709,64.51746,-146.71709,0.8940524555180179,1.3038275831733777,0.4097751276553597,45.833454751593315
64.51799_-147.98523,64.51799,-147.98523,0.9413645775440556,1.359856734106359,0.41849215656230343,44.45590651542422
64.51965_-148.74408,64.51965,-148.74408,0.9048644253539448,1.3195976173697213,0.4147331920157764,45.83373822587293
64.51991_-144.67801,64.51991,-144.67801,0.8597307424851198,1.2564652546977872,0.3967345122126674,46.146367997249335
64.04883_-148.03416,64.04883,-148.03416,0.6697758969040936,0.9154320327452798,0.24565613584118628,36.677362827877666
64.04885_-145.70810,64.04885,-145.7081,1.23113983289594,1.827433561322375,0.5962937284264351,48.43428118346292
64.04888_-146.78972,64.04888,-146.78972,0.7860723337235838,1.081325955003214,0.2952536212796302,37.560617339250335
64.05027_-148.77884,64.05027,-148.77884,0.8768169081928925,1.3022048979280116,0.42538798973511915,48.515030419730145
64.05270_-146.28955,64.0527,-146.28955,0.8396390703316865,1.1167622621115059,0.27712319177981937,33.00503770868429
64.05270_-147.45270,64.0527,-147.4527,0.7263093850306301,0.9880093985643315,0.2617000135337013,36.03147899881052
64.05273_-144.78867,64.05273,-144.78867,1.1480866464094164,1.646148829808368,0.4980621833989516,43.38193331980789
64.05317_-148.11580,64.05317,-148.1158,0.7337301938524852,1.017584573368632,0.2838543795161468,38.686479293670054
64.05399_-146.87112,64.05399,-146.87112,0.8274654956623566,1.1099875529125964,0.2825220572502398,34.14306200454811
64.05463_-145.28894,64.05463,-145.28894,1.1273373625642606,1.6445657299384837,0.5172283673742231,45.88053093509885
64.38809_-147.60208,64.38809,-147.60208,0.9408526480127519,1.334522021012313,0.39366937299956106,41.84176702176061
64.38935_-146.42314,64.38935,-146.42314,0.8768366313319398,1.3354790712358509,0.45864243990391107,52.30648715111504
64.39004_-147.01263,64.39004,-147.01263,0.9313619880813061,1.2995373186744952,0.3681753305931891,39.53085216110925
64.39080_-144.90179,64.3908,-144.90179,0.8460612529374467,1.1423762001732498,0.2963149472358031,35.02287171372343
64.39179_-145.91606,64.39179,-145.91606,0.9556143401328152,1.432230873226333,0.4766165330935177,49.87540612118437
64.39198_-148.35695,64.39198,-148.35695,0.8888448857943281,1.2816144832036647,0.3927695974093366,44.188767206365014
64.39227_-145.40892,64.39227,-145.40892,0.8660349781268464,1.178542645951301,0.3125076678244547,36.08487829214242
64.39271_-147.68475,64.39271,-147.68475,0.9151659134810077,1.2861601537337894,0.3709942402527817,40.53846792016483
64.39470_-146.50558,64.3947,-146.50558,0.9061485508610299,1.3136920342740077,0.40754348341297786,44.97535012617155
64.39502_-147.09520,64.39502,-147.0952,0.856842332660797,1.16329051222919,0.3064481795683931,35.76482719017437
64.65503_-148.53983,64.65503,-148.53983,0.9965429579029551,1.5357388522756796,0.5391958943727245,54.10663836382579
64.65530_-144.53470,64.6553,-144.5347,0.7094933297532895,1.0135151233568047,0.3040217936035152,42.85054994234154
64.65668_-147.86041,64.65668,-147.86041,0.9467041470129042,1.3456163784951958,0.3989122314822916,42.13694771919639
64.65797_-146.07257,64.65797,-146.07257,0.8261986824057541,1.1405366732975437,0.3143379908917896,38.04629535071265
64.65814_-145.04727,64.65814,-145.04727,0.8892267293131177,1.277909550611486,0.3886828212983682,43.71020443780472
64.65904_-145.55994,64.65904,-145.55994,0.9193323546912644,1.3258994456645816,0.4065670909733172,44.22416864789372
64.65906_-148.62357,64.65906,-148.62357,0.9828158557389587,1.5108304655766402,0.5280146098376816,53.7246735239816
64.65977_-147.26451,64.65977,-147.26451,0.9793596509545215,1.3881131873420594,0.40875353638753786,41.73681609091726
64.66020_-146.66852,64.6602,-146.66852,0.8107825401482286,1.161285526407065,0.35050298625883636,43.2302089527923
64.66114_-147.94405,64.66114,-147.94405,0.9474205282173683,1.3431947754082374,0.39577424719086907,41.77387288995556
64.40952_-145.14822,64.40952,-145.14822,0.7845452697140527,1.1122725850926394,0.3277273153785867,41.772900561625356
64.40966_-147.34312,64.40966,-147.34312,0.9209356939945518,1.3027302163268897,0.3817945223323379,41.45724015498921
64.41005_-145.65573,64.41005,-145.65573,0.8497052018200746,1.1863276751492093,0.33662247332913475,39.6163837302734
64.41044_-146.75314,64.41044,-146.75314,0.9679006316596388,1.462890961731111,0.4949903300714722,51.14061442678498
64.41065_-148.01578,64.41065,-148.01578,0.8905516358281422,1.2686343748331703,0.3780827390050281,42.454892427819885
64.41217_-148.77136,64.41217,-148.77136,0.9559451418118438,1.433861991751816,0.4779168499399723,49.994171112597115
64.41351_-144.72285,64.41351,-144.72285,0.7296283539431367,0.9910810858029149,0.26145273185977813,35.833685800011324
64.41414_-146.24567,64.41414,-146.24567,0.9448173945196248,1.4096095342302362,0.4647921397106114,49.19385930092095
64.41443_-147.42583,64.41443,-147.42583,0.9283821416104865,1.3388256637397662,0.4104435221292797,44.21062230013102
64.41501_-148.09863,64.41501,-148.09863,0.8942168915737395,1.2801750533817393,0.3859581618079998,43.161582547244095
65.02582_-148.69861,65.02582,-148.69861,0.9775103589246196,1.4979302215797996,0.52041986265518,53.23931945107009
65.02620_-145.06793,65.0262,-145.06793,0.7434779068220589,1.0672278656845207,0.3237499588624617,43.54533684078211
65.02697_-145.58841,65.02697,-145.58841,0.7990339514669154,1.1192662355747514,0.320232284107836,40.077431443299
65.02719_-147.31891,65.02719,-147.31891,0.7345848818776619,1.0169130052058013,0.2823281233281394,38.433696403672855
65.02784_-146.71387,65.02784,-146.71387,0.8008881624933957,1.2164232289035026,0.41553506641010696,51.88428121055336
65.02827_-148.00879,65.02827,-148.00879,0.8130695004118007,1.1143202517083304,0.3012507512965297,37.05104559252969
65.02975_-148.78366,65.02975,-148.78366,1.0170241942233997,1.5587195371671436,0.5416953429437439,53.26277840984724
65.02991_-144.63171,65.02991,-144.63171,0.617903247805872,0.8235810156398042,0.2056777678339322,33.28640342388206
65.03134_-146.19341,65.03134,-146.19341,0.7854859784245292,1.0719053369049685,0.2864193584804393,36.46396833905533
65.03200_-147.40372,65.032,-147.40372,0.7582999251423247,1.094203957840217,0.33590403269789226,44.29698877193569
65.09105_-147.81758,65.09105,-147.81758,0.8246043958970661,1.1380867875764749,0.3134823916794087,38.016095140795265
65.09107_-144.95384,65.09107,-144.95384,0.6395649425790195,0.8652761665242433,0.2257112239452238,35.291369010166896
65.09156_-145.99756,65.09156,-145.99756,0.8077494975371218,1.1875748778449338,0.379825380307812,47.02266995719875
65.09232_-145.47571,65.09232,-145.47571,0.6664824030681653,0.9040887447684602,0.23760634170029493,35.650804973465064
65.09364_-148.59448,65.09364,-148.59448,0.9224948148561773,1.3702035301034028,0.44770871524722544,48.532382842393105
65.09392_-147.21094,65.09392,-147.21094,0.7411170902935529,1.0348567142532303,0.29373962395967745,39.6347119512962
65.09409_-146.60422,65.09409,-146.60422,0.910666543285814,1.4758089914720527,0.5651424481862387,62.058110331705464
65.09443_-144.51642,65.09443,-144.51642,0.5948575737743099,0.7954105785266259,0.20055300475231597,33.71445764400844
65.09554_-147.90271,65.09554,-147.90271,0.7858005747575032,1.0913934966530845,0.3055929218955813,38.889373679815236
65.09719_-146.08234,65.09719,-146.08234,0.7602566940324089,1.0797039100044854,0.3194472159720765,42.01833650128424
64.56343_-146.87115,64.56343,-146.87115,0.9201342294962882,1.3356270857519714,0.4154928562556832,45.15567869735024
64.56389_-145.25620,64.56389,-145.2562,0.8026210469733897,1.149218290433764,0.34659724346037435,43.18317402307861
64.56400_-145.76688,64.564,-145.76688,0.7610731748150359,1.1362709540269855,0.37519777921194963,49.29851578373317
64.56676_-148.22498,64.56676,-148.22498,0.9314100117041386,1.3673081939649208,0.43589818226078214,46.799817135661705
64.56682_-147.54802,64.56682,-147.54802,0.9706304017954597,1.384233386854047,0.4136029850585874,42.611789646554435
64.56757_-146.36053,64.56757,-146.36053,0.7591747221231444,0.9974660977107405,0.23829137558759605,31.388212573935416
64.56822_-144.82819,64.56822,-144.82819,0.5651621023728235,0.7900389537086003,0.22487685133577684,39.789796660398
64.56850_-146.95428,64.5685,-146.95428,0.8855856328258506,1.231469442579021,0.34588380975317035,39.057071042297274
64.56976_-145.84976,64.56976,-145.84976,0.827960520896124,1.2021031088870595,0.37414258799093547,45.188457486595
64.56996_-145.33896,64.56996,-145.33896,0.838076081203518,1.2117669072534059,0.3736908260498879,44.58912912933271
64.60551_-145.32484,64.60551,-145.32484,0.869061307740805,1.2524765884281635,0.3834152806873584,44.118323675469725
64.60681_-148.29857,64.60681,-148.29857,0.9489887586174695,1.4077773926804467,0.4587886340629772,48.34500197150508
64.60723_-147.62051,64.60723,-147.62051,0.9528606776558527,1.3452932545907967,0.39243257693494404,41.184675381963864
64.60863_-146.43105,64.60863,-146.43105,0.7369050269763673,0.9634891788666301,0.22658415189026282,30.748080633941644
64.60925_-147.02579,64.60925,-147.02579,0.8823954540864213,1.206437074264518,0.3240416201780968,36.722947594238214
64.61006_-144.89612,64.61006,-144.89612,0.72009406660546,1.0570290899619774,0.33693502335651737,46.79041794426064
64.61099_-148.38211,64.61099,-148.38211,0.9877348329775837,1.5088324919750973,0.5210976589975136,52.756837321068716
64.61107_-145.91943,64.61107,-145.91943,0.812981702081677,1.1195636526431183,0.30658195056144133,37.71080576308473
64.61154_-145.40778,64.61154,-145.40778,0.823713966765565,1.119824108829734,0.2961101420641691,35.94817546033479
64.61184_-147.70392,64.61184,-147.70392,0.9500629962738115,1.3411720187864755,0.391109022512664,41.16664095397996
64.54279_-147.13214,64.54279,-147.13214,0.9312195673463828,1.3112645140112127,0.3800449466648299,40.81152930965698
64.54347_-148.48477,64.54347,-148.48477,0.915624236082617,1.3343839776150481,0.4187597415324311,45.73489047472596
64.54485_-147.80844,64.54485,-147.80844,0.9395115110790213,1.3371010480488295,0.39758953696980814,42.31875099786482
64.54535_-145.00815,64.54535,-145.00815,0.8018949710388965,1.1518975753436949,0.35000260430479835,43.646938432766554
64.54548_-146.02875,64.54548,-146.02875,0.7784087850798591,1.0361537981754092,0.2577450130955501,33.111781114996965
64.54641_-145.51846,64.54641,-145.51846,0.7050046380530133,0.9152665332753831,0.21026189522236982,29.824186093731637
64.54754_-148.56815,64.54754,-148.56815,0.8989878361357508,1.3196058470176557,0.42061801088190487,46.78795351557903
64.54770_-147.21524,64.5477,-147.21524,0.9159587100526527,1.2734316265192975,0.3574729164666448,39.02718676544884
64.54790_-146.62198,64.5479,-146.62198,0.8866801952928147,1.2626397650619996,0.3759595697691849,42.40080829199406
64.54889_-144.58041,64.54889,-144.58041,0.7300785143250912,0.9967992201600072,0.266720705834916,36.53315370902012
64.34473_-145.76486,64.34473,-145.76486,1.040221400224876,1.5072571908093644,0.4670357905844884,44.897729510614205
64.34772_-147.53027,64.34772,-147.53027,0.9196305752175356,1.3272616346988708,0.40763105948133527,44.325522711650976
64.34774_-148.20125,64.34774,-148.20125,0.8732087829970365,1.2186768217403872,0.34546803874335064,39.56305129657898
64.34834_-146.35326,64.34834,-146.35326,0.9135066596462165,1.334376267302412,0.4208696076561955,46.07187076437847
64.34899_-144.83444,64.34899,-144.83444,0.8295274899875857,1.1869944810519653,0.3574669910643795,43.09284446615858
64.34933_-146.94177,64.34933,-146.94177,1.0305129897888925,1.527552379667656,0.4970393898787635,48.23222946278293
64.35049_-145.84702,64.35049,-145.84702,1.0991129156944788,1.643178948552898,0.5440660328584193,49.50046761252451
64.35072_-145.34071,64.35072,-145.34071,0.9688747630520456,1.4661479428438442,0.49727317979179864,51.32481500760139
64.35197_-148.28391,64.35197,-148.28391,0.8727296210004838,1.2332437277014467,0.36051410670096296,41.308796908677756
64.35237_-147.61279,64.35237,-147.61279,0.914496349577306,1.3175799427896302,0.40308359321232423,44.077113418619504
64.91185_-147.87082,64.91185,-147.87082,0.8604148084699067,1.2261193688070275,0.36570456033712084,42.503285245341225
64.91316_-146.06421,64.91316,-146.06421,0.7696986470090271,1.0339071673721207,0.2642085203630936,34.32622902349924
64.91322_-145.02812,64.91322,-145.02812,0.6595824920649317,0.9485728236783948,0.2889903316134631,43.81413016417874
64.91415_-148.64200,64.91415,-148.642,1.0141047182024865,1.6053526761175307,0.5912479579150443,58.30245607801123
64.91418_-145.54617,64.91418,-145.54617,0.7058102275959655,1.0143915177982825,0.30858129020231706,43.72014999745251
64.91496_-147.26866,64.91496,-147.26866,0.9118009743595379,1.3451576411603012,0.43335666680076335,47.52755030835093
64.91539_-146.66641,64.91539,-146.66641,0.8670042694327045,1.2010996448976359,0.3340953754649314,38.5344556242538
64.91631_-147.95534,64.91631,-147.95534,0.8197578974314532,1.1505592592086002,0.33080136177714703,40.35354374915407
64.91682_-144.59392,64.91682,-144.59392,0.6923453364036141,0.9065028444620944,0.21415750805848033,30.932180343832588
64.91813_-148.72665,64.91813,-148.72665,1.2236735146313982,1.981767131694982,0.7580936170635839,61.952277956423785
64.43754_-147.83981,64.43754,-147.83981,0.8810707515270741,1.226622670980657,0.34555191945358277,39.21954268197773
64.43867_-146.06784,64.43867,-146.06784,0.8745259205328952,1.2417750088101287,0.36724908827723346,41.994076979839434
64.43882_-145.05162,64.43882,-145.05162,0.7097977683688997,0.9481790297332116,0.23838126136431181,33.5843914967649
64.43972_-145.55972,64.43972,-145.55972,0.7285054960846732,0.9567690871491961,0.22826359106452287,31.33313232244882
64.44006_-148.59622,64.44006,-148.59622,0.9737264817152503,1.4803043656389594,0.5065778839237091,52.02465922785174
64.44053_-147.24919,64.44053,-147.24919,0.8623942511636704,1.191392134099858,0.3289978829361875,38.149359471292236
64.44093_-146.65849,64.44093,-146.65849,0.8035118406985509,1.1195721630482194,0.3160603223496685,39.33486805557146
64.44200_-147.92271,64.442,-147.92271,0.8749902373280973,1.233848171470366,0.35885793414226863,41.01279292419199
64.44250_-144.62576,64.4425,-144.62576,0.7154606300799075,0.9873873204533294,0.271926690373422,38.00721925720097
64.44405_-148.67923,64.44405,-148.67923,0.9660653647362611,1.4761634972163935,0.5100981324801324,52.80161685740495
64.84634_-148.74521,64.84634,-148.74521,1.1384231109988145,1.8434086491352812,0.7049855381364667,61.92649563464465
64.84738_-146.17448,64.84738,-146.17448,0.6554156755263167,0.8932235180189085,0.2378078424925918,36.2835146262905
64.84824_-147.37567,64.84824,-147.37567,0.9001912765848324,1.2714526154835681,0.3712613388987357,41.242494629278795
64.84832_-145.14120,64.84832,-145.1412,0.8037735977653317,1.1621568114760383,0.3583832137107066,44.58758221308726
64.84882_-145.65785,64.84882,-145.65785,0.6651674237759045,0.9161252642038684,0.2509578404279639,37.72852239265881
64.84901_-148.06047,64.84901,-148.06047,0.7926317625973004,1.0949236024054412,0.3022918398081408,38.1377398777951
64.84914_-146.77507,64.84914,-146.77507,0.8947739651288861,1.2756382777311899,0.3808643126023038,42.5654218210789
64.85228_-144.70816,64.85228,-144.70816,0.6959952529046076,0.9224542843376051,0.2264590314329975,32.53743908279727
64.85290_-146.25844,64.8529,-146.25844,0.7423944327477399,1.0840034787400736,0.34160904599233377,46.014494576417434
64.85300_-147.45987,64.853,-147.45987,0.9359010631351049,1.3448902128276254,0.40898914969252054,43.700041147776716
64.36153_-147.77795,64.36153,-147.77795,0.8936799000323266,1.240177987935819,0.34649808790349246,38.77205785773617
64.36161_-144.99838,64.36161,-144.99838,0.8562938440472031,1.1649520287098094,0.3086581846626063,36.04582548483106
64.36185_-146.01144,64.36185,-146.01144,0.9393972367329047,1.372807905199304,0.4334106684663994,46.1371027632296
64.36271_-145.50490,64.36271,-145.5049,0.9592560344236538,1.3470034189709468,0.38774738454729296,40.42167790794892
64.36426_-147.18915,64.36426,-147.18915,0.8761765080313911,1.208132898894886,0.33195639086349493,37.88693120856897
64.36436_-146.60025,64.36436,-146.60025,0.9053789906802145,1.2896424618557725,0.3842634711755579,42.4422783310732
64.36439_-148.53203,64.36439,-148.53203,0.955488434604465,1.387425923064925,0.4319374884604601,45.205935814311076
64.36513_-144.57382,64.36513,-144.57382,0.7584669743671757,1.0439989782207455,0.2855320038535698,37.645937595608885
64.36604_-147.86060,64.36604,-147.8606,0.8793120577411525,1.2176242174286465,0.33831215968749395,38.474641250408574
64.36745_-146.09369,64.36745,-146.09369,0.8760284984736786,1.259955150541452,0.3839266520677733,43.82581762313625
64.42357_-148.26437,64.42357,-148.26437,0.8827043703142647,1.269387865374799,0.38668349506053423,43.80668183650946
64.42383_-147.59134,64.42383,-147.59134,0.9233514636843195,1.3072496696671463,0.38389820598282676,41.576606642395056
64.42500_-146.41069,64.425,-146.41069,0.9083363858113929,1.345691802571422,0.4373554167600291,48.149058387587445
64.42572_-147.00104,64.42572,-147.00104,0.9565758852395234,1.3606158298001623,0.40403994456063885,42.2381486712336
64.42628_-144.88716,64.42628,-144.88716,0.8607666956420061,1.2106070805069407,0.3498403848649345,40.64288112401987
64.42738_-145.90288,64.42738,-145.90288,0.8165666871048314,1.1816471642031434,0.36508047709831204,44.709205367257745
64.42777_-148.34729,64.42777,-148.34729,0.8866512365279386,1.278648628873113,0.3919973923451743,44.21100159744968
64.42779_-145.39500,64.42779,-145.395,0.8013244995985344,1.0620973846042816,0.26077288500574725,32.54273208124738
64.42844_-147.67413,64.42844,-147.67413,0.9163955075035071,1.293465428913199,0.377069921409692,41.14707223270068
64.43037_-146.49326,64.43037,-146.49326,0.8424437317809442,1.1767543918815249,0.33431066010058064,39.68344086243489
64.81046_-148.75446,64.81046,-148.75446,1.077131884386625,1.7024466027988034,0.6253147184121783,58.05368195634326
64.81171_-146.18750,64.81171,-146.1875,0.7732109170927604,1.0619868886003627,0.28877597150760237,37.347632466622116
64.81244_-147.38693,64.81244,-147.38693,0.8901219386182757,1.2333065344261915,0.3431845958079158,38.55478456588056
64.81273_-145.15572,64.81273,-145.15572,0.8282981002966563,1.2043818953959282,0.3760837950992719,45.404401502861944
64.81319_-148.07071,64.81319,-148.07071,0.8784513936778371,1.2816161075872952,0.4031647139094581,45.89493702338123
64.81321_-145.67162,64.81321,-145.67162,0.6962091870290767,0.9749249923397194,0.27871580531064266,40.033342062032034
64.81343_-146.78720,64.81343,-146.7872,0.8865744693228277,1.288557220204408,0.4019827508815803,45.34111513369179
64.81676_-144.72331,64.81676,-144.72331,0.6763112975419265,0.895115079124037,0.21880378158211045,32.352524995125655
64.81719_-147.47101,64.81719,-147.47101,0.9189354374693229,1.3090357949628344,0.39010035749351146,42.451334619091156
64.81722_-146.27133,64.81722,-146.27133,0.7752395203719846,1.1105203561402037,0.3352808357682191,43.24867695178139
64.82497_-145.32292,64.82497,-145.32292,0.6807907600354715,0.8892983971162585,0.208507637080787,30.627271890400376
64.82601_-148.32344,64.82601,-148.32344,0.8605952753055967,1.2458286495013935,0.38523337419579684,44.76359390411489
64.82655_-147.63927,64.82655,-147.63927,0.9695500185967778,1.4194830559975262,0.4499330374007484,46.406377058496986
64.82806_-146.43909,64.82806,-146.43909,0.8451558001697796,1.1910492341169148,0.3458934339471351,40.926588195649856
64.82866_-147.03920,64.82866,-147.0392,0.876378987041974,1.222216659990563,0.345837672948589,39.462113772933854
64.82954_-144.89034,64.82954,-144.89034,0.6018498527819653,0.8190459060008419,0.21719605321887658,36.0880794794447
64.83019_-148.40775,64.83019,-148.40775,0.8714575239861257,1.2523153680037393,0.3808578440176136,43.70354647642897
64.83054_-145.92288,64.83054,-145.92288,0.7886668441736691,1.1082811287841592,0.31961428461049013,40.525893407547535
64.83102_-145.40659,64.83102,-145.40659,0.6692498180262693,0.8748698646623132,0.20562004663604394,30.723960036694848
64.83114_-147.72345,64.83114,-147.72345,0.9348528854554525,1.3451742403397482,0.41032135488429566,43.891542858574
64.33262_-148.62404,64.33262,-148.62404,0.9803733895381086,1.4536438848818805,0.47327049534377186,48.27451462822218
64.33306_-145.60066,64.33306,-145.60066,0.9762515436813775,1.359382940147957,0.38313139646657945,39.24515141065153
64.33344_-147.28284,64.33344,-147.28284,0.8631026710830456,1.1872659843770172,0.32416331329397163,37.55790871174137
64.33395_-146.69470,64.33395,-146.6947,1.0591365980278429,1.5869068854723534,0.5277702874445105,49.83023799075975
64.33471_-147.95346,64.33471,-147.95346,0.8672214605119113,1.1939590284431492,0.32673756793123787,37.67637020172083
64.33618_-144.67068,64.33618,-144.67068,0.7757423967183942,1.078779098499996,0.3030367017816019,39.064089195528226
64.33659_-148.70671,64.33659,-148.70671,0.9760646044274053,1.4474172787261366,0.4713526742987313,48.29113484503864
64.33741_-146.18877,64.33741,-146.18877,0.8137367910709933,1.1214405428088838,0.30770375173789055,37.81367084716775
64.33824_-147.36530,64.33824,-147.3653,0.9029957423920857,1.2719610730137139,0.3689653306216282,40.86014067399904
64.33852_-145.17668,64.33852,-145.17668,1.0358550520526548,1.5354052056988836,0.4995501536462288,48.22587413715056
64.43071_-147.08371,64.43071,-147.08371,0.8445300708575163,1.1566008617645154,0.3120707909069991,36.952004632603504
64.43192_-148.43024,64.43192,-148.43024,0.8968824263457668,1.3205224020565147,0.42363997571074796,47.234728127834444
64.43257_-144.96938,64.43257,-144.96938,0.7970910710087518,1.0560396529082778,0.2589485818995261,32.48669961536715
64.43302_-147.75696,64.43302,-147.75696,0.8988563117150872,1.2782407119744774,0.37938440025939024,42.20745800132343
64.43304_-145.98534,64.43304,-145.98534,0.8784494330115478,1.2896798267464682,0.41123039373492043,46.81321181176226
64.43378_-145.47736,64.43378,-145.47736,0.7503116680327239,0.9870568973468761,0.2367452293141522,31.552918527161548
64.43565_-147.16644,64.43565,-147.16644,0.8441720339693831,1.145745283110468,0.30157324914108485,35.724145909342276
64.43568_-146.57585,64.43568,-146.57585,0.7827251751372395,1.0535118219424415,0.27078664680520204,34.595366982762954
64.43599_-144.54359,64.43599,-144.54359,0.6428835881159356,0.8845426764423964,0.24165908832646077,37.58986740269387
64.43601_-148.51321,64.43601,-148.51321,0.9486062558964017,1.4243985092559317,0.47579225335953,50.15698034901973
64.38016_-145.24458,64.38016,-145.24458,0.9778647115238495,1.499895611592986,0.5220309000691365,53.38477745614042
64.38032_-145.75148,64.38032,-145.75148,0.8817023420690142,1.2586581943929687,0.37695585232395445,42.75318714016172
64.38344_-147.51944,64.38344,-147.51944,0.9453770165862458,1.3851023700248553,0.4397253534386094,46.51322654600348
64.38354_-148.19138,64.38354,-148.19138,0.8765720022591341,1.2408726069787157,0.3643006047195816,41.559689766578494
64.38396_-146.34073,64.38396,-146.34073,0.8217839698242395,1.21217849810836,0.3903945282841206,47.505736619274394
64.38445_-144.81973,64.38445,-144.81973,0.8556679146340864,1.201539769637388,0.34587185500330153,40.42127197806739
64.38501_-146.93008,64.38501,-146.93008,1.0335722274944716,1.5331218231019212,0.4995495956074496,48.332335401312974
64.38608_-145.83374,64.38608,-145.83374,0.8908080013660409,1.2789394293288305,0.38813142796278965,43.57071640214231
64.38624_-145.32672,64.38624,-145.32672,0.971786173026073,1.4331538585668584,0.46136768554078544,47.47625540957424
64.38778_-148.27414,64.38778,-148.27414,0.8774653091912001,1.2590377997616966,0.38157249057049647,43.48576366195141
64.79773_-146.53552,64.79773,-146.53552,0.7451429688865381,0.977283389647684,0.23214042076114594,31.15380946397867
64.79786_-147.13489,64.79786,-147.13489,0.8874566551398422,1.2391751797379937,0.35171852459815156,39.632191900429106
64.79844_-148.50168,64.79844,-148.50168,0.912594185234411,1.3545750786017936,0.44198089336738255,48.43126337188466
64.79989_-147.81827,64.79989,-147.81827,0.9163664035828902,1.3026232427149875,0.3862568391320973,42.1509166662894
64.80029_-144.98868,64.80029,-144.98868,0.7267765786240366,1.0435917645730384,0.3168151859490018,43.591826603549805
64.80055_-146.01996,64.80055,-146.01996,0.8201858338612754,1.150129397231995,0.3299435633707196,40.22790320791198
64.80141_-145.50430,64.80141,-145.5043,0.6658062740468828,0.9080293158024442,0.24222304175556142,36.38040841569259
64.80251_-148.58591,64.80251,-148.58591,0.9629771369306083,1.4849025997992626,0.5219254628686544,54.19915414941613
64.80277_-147.21887,64.80277,-147.21887,0.8792585343786088,1.2169767153804822,0.33771818100187345,38.4094288309122
64.80302_-146.61938,64.80302,-146.61938,0.7743870409449995,1.0561947327117518,0.28180769176675224,36.39106504453598
64.70379_-144.68542,64.70379,-144.68542,0.7792247556228453,1.0831092568073606,0.30388450118451527,38.99831197503679
64.70472_-146.22630,64.70472,-146.2263,0.8095648547231555,1.153879745758544,0.34431489103538837,42.53085951379803
64.70515_-147.42049,64.70515,-147.42049,0.9523148565465978,1.3907057593828545,0.4383909028362567,46.03423960285616
64.70573_-148.10129,64.70573,-148.10129,1.0325603599992579,1.5579104029593318,0.5253500429600739,50.878385740127726
64.70607_-145.19904,64.70607,-145.19904,0.8350513276125463,1.2243261984088392,0.38927487079629286,46.61687945688911
64.70626_-146.82339,64.70626,-146.82339,0.8770944625390391,1.2427229885844957,0.3656285260454566,41.68633387412164
64.70637_-145.71268,64.70637,-145.71268,0.8500491089509328,1.2157620329194696,0.36571292396853683,43.02256423983227
64.70988_-147.50421,64.70988,-147.50421,0.9560840588735771,1.350766072265074,0.394682013391497,41.28109968243763
64.71004_-148.18512,64.71004,-148.18512,1.047205134463805,1.5991963430424454,0.5519912085786405,52.710895927880806
64.71019_-146.30978,64.71019,-146.30978,0.7644281249002267,1.0710556485889233,0.3066275236886966,40.112014943029166
64.83341_-146.52304,64.83341,-146.52304,0.7871058416699581,1.0585497460877495,0.2714439044177914,34.486328273448486
64.83363_-147.12326,64.83363,-147.12326,0.8820900590185792,1.2569195376033306,0.37482947858475146,42.493334410977255
64.83430_-148.49207,64.8343,-148.49207,0.888415203014843,1.3114582557258192,0.4230430527109762,47.61771875080218
64.83569_-147.80765,64.83569,-147.80765,0.8726478794418304,1.2189574965126395,0.3463096170708091,39.68492048503209
64.83585_-144.97391,64.83585,-144.97391,0.6617684640148278,0.9200703805300963,0.25830191651526846,39.032067945365384
64.83620_-146.00671,64.8362,-146.00671,0.7387333458743435,0.9991885716308413,0.2604552257564978,35.25700135388237
64.83701_-145.49030,64.83701,-145.4903,0.6672594910307066,0.889228845881665,0.22196935485095837,33.26582204294844
64.83836_-148.57642,64.83836,-148.57642,0.8578456298325361,1.2660327531142355,0.40818712328169937,47.58281782718686
64.83856_-147.20737,64.83856,-147.20737,0.8822766036672471,1.2517988484623832,0.36952224479513607,41.88281127020595
64.83871_-146.60703,64.83871,-146.60703,0.7967785955544728,1.0919531272536775,0.2951745316992047,37.04599161499748
64.71023_-144.76852,64.71023,-144.76852,0.9407629310844695,1.3566214882296328,0.4158585571451633,44.204394476489426
64.71136_-146.90700,64.71136,-146.907,0.8597824497441916,1.2174870636495054,0.35770461390531383,41.604084150791934
64.71217_-145.79604,64.71217,-145.79604,0.73111767949229,0.9667554061417821,0.23563772664949212,32.22979463622409
64.71220_-145.28226,64.7122,-145.28226,0.7711802078513685,1.0478205291423308,0.2766403212909623,35.87233158663738
64.71429_-148.26901,64.71429,-148.26901,1.0171830652264533,1.5340363741458596,0.5168533089194063,50.81222118108507
64.71455_-147.58795,64.71455,-147.58795,0.9514886861291247,1.343187683271593,0.39169899714246825,41.16696318649778
64.71562_-146.39328,64.71562,-146.39328,0.7610493719098719,1.053585024964062,0.29253565305419005,38.43845929733372
64.71642_-146.99063,64.71642,-146.99063,0.8933537170332075,1.2527956654953032,0.35944194846209565,40.23512093908202
64.71661_-144.85165,64.71661,-144.85165,0.9532343035992125,1.388440281033954,0.43520597743474154,45.65571924882426
64.71791_-145.87943,64.71791,-145.87943,0.6475259319966234,0.8509144675469325,0.203388535550309,31.41009888564117
64.68266_-145.37964,64.68266,-145.37964,0.7301996086893822,0.9584390269951384,0.22823941830575623,31.257126899234816
64.68341_-147.68250,64.68341,-147.6825,0.9402416916069828,1.3018101882617823,0.3615684966547995,38.45484622542495
64.68532_-146.48933,64.68532,-146.48933,0.7482619692767858,1.0096465003169774,0.26138453104019166,34.93222183840594
64.68569_-147.08594,64.68569,-147.08594,0.8861587794028121,1.213482943583715,0.3273241641809028,36.9374170621532
64.68678_-148.44647,64.68678,-148.44647,1.0258229156292826,1.5771238028382983,0.5513008872090157,53.74230569521102
64.68742_-144.94958,64.68742,-144.94958,0.8856639323372303,1.270192793018096,0.3845288606808658,43.41701706945547
64.68798_-145.97614,64.68798,-145.97614,0.7216328484600238,0.9641050214964475,0.24247217303642365,33.600489993472884
64.68798_-147.76620,64.68798,-147.7662,0.9326611242429494,1.3073115844280405,0.37465046018509107,40.17005217079233
64.68866_-145.46284,64.68866,-145.46284,0.7392375828655791,0.9872154201090835,0.24797783724350442,33.54507982159723
64.69063_-146.57278,64.69063,-146.57278,0.7443705580096982,1.020646151310975,0.2762755933012768,37.11533057406031
65.22066_-148.21313,65.22066,-148.21313,0.8129211570667675,1.2306988051888763,0.4177776481221088,51.39214848701441
65.22093_-146.29785,65.22093,-146.29785,0.7008272024422084,0.953673506178246,0.25284630373603756,36.07826620526873
65.22213_-146.90779,65.22213,-146.90779,0.8059919568511038,1.1375663186087837,0.33157436175767985,41.13866880918934
65.22276_-145.24846,65.22276,-145.24846,0.8944736413314945,1.3105668981859857,0.41609325685449117,46.51822453203915
65.22284_-145.77318,65.22284,-145.77318,0.6721309174674888,0.9095164757146412,0.23738555824715246,35.31835124347407
65.22491_-148.29880,65.22491,-148.2988,0.8148840130883036,1.183096533198944,0.36821252011064043,45.185880959323676
65.22528_-147.60324,65.22528,-147.60324,0.7647654402995264,1.1477866104270253,0.3830211701274989,50.08348311051891
65.22638_-146.38313,65.22638,-146.38313,0.6870232510873029,0.9241446962317854,0.23712144514448252,34.51432608273552
65.22705_-144.80869,65.22705,-144.80869,0.713320614049483,1.0308305674868647,0.31750995343738175,44.51153481109914
65.22719_-146.99321,65.22719,-146.99321,0.8543306466681477,1.239080669826659,0.38475002315851126,45.03525943485928
64.78168_-148.16502,64.78168,-148.16502,0.8971701410595039,1.34195899659568,0.4447888555361761,49.57686788493733
64.78281_-146.88315,64.78281,-146.88315,0.8776439337953883,1.2500101067796359,0.37236617298424757,42.427932176770454
64.78331_-145.25366,64.78331,-145.25366,0.7749086246188365,1.0945833067620288,0.3196746821431923,41.253209989814536
64.78342_-145.76895,64.78342,-145.76895,0.7257079055738085,1.0454194469092655,0.319711541335457,44.05512725986703
64.78596_-148.24915,64.78596,-148.24915,0.8719907649229461,1.3026440965271437,0.4306533316041976,49.38737300070517
64.78612_-147.56610,64.78612,-147.5661,0.9948435191827986,1.4692682905287362,0.47442477134593763,47.68838135827107
64.78699_-146.36792,64.78699,-146.36792,0.8164139348775252,1.1686022811735,0.35218834629597473,43.13845357732759
64.78764_-144.82181,64.78764,-144.82181,0.6007833786511068,0.7995352731484784,0.19875189449737163,33.0821227017988
64.78787_-146.96703,64.78787,-146.96703,0.8844798028059134,1.2715140574138561,0.3870342546079427,43.75840503990252
64.78918_-145.85257,64.78918,-145.85257,0.7497453187738046,1.076411502077465,0.3266661833036604,43.57028648580524
64.23608_-146.30872,64.23608,-146.30872,1.1462566848860898,1.690901358801416,0.5446446739153261,47.51507067280053
64.23618_-148.14841,64.23618,-148.14841,0.9079860536652985,1.2897223173221704,0.38173626365687185,42.04208446989951
64.23626_-144.79677,64.23626,-144.79677,0.8962210789292565,1.2705555634081505,0.37433448447889395,41.768096430639986
64.23727_-146.89456,64.23727,-146.89456,0.933602872368989,1.3233383187792058,0.38973544641021685,41.74531355299657
64.23808_-145.80475,64.23808,-145.80475,1.181806581133237,1.772733436448774,0.5909268553155369,50.00199395986573
64.23813_-145.30075,64.23813,-145.30075,0.9264805270403075,1.2907565077211527,0.3642759806808452,39.31825548935655
64.24045_-148.23068,64.24045,-148.23068,0.9115605218726943,1.2920966810475343,0.38053615917483996,41.74557256967129
64.24055_-147.56259,64.24055,-147.56259,0.8571511781864631,1.2219667191761543,0.36481554098969116,42.56139993432172
64.24149_-146.39062,64.24149,-146.39062,1.0407297766469756,1.493620713854648,0.4528909372076724,43.51666949194025
64.24232_-146.97662,64.24232,-146.97662,0.9423118277557102,1.3830503310543816,0.44073850329867137,46.77204406405166
64.22919_-148.73395,64.22919,-148.73395,1.1989137205985103,1.942047915079052,0.7431341944805416,61.98395945536108
64.22985_-144.71524,64.22985,-144.71524,0.8377317263848809,1.1553150192848278,0.3175832928999469,37.90990395820808
64.23061_-146.22684,64.23061,-146.22684,1.1618343108380036,1.7190348037630279,0.5572004929250243,47.95868806139222
64.23113_-147.39832,64.23113,-147.39832,0.9127704717283194,1.3053387585634115,0.39256828683509215,43.00843410192368
64.23186_-148.06616,64.23186,-148.06616,0.8989215136518732,1.2724839079441106,0.37356239429223737,41.5567308846173
64.23204_-145.21909,64.23204,-145.21909,0.9266109874705668,1.2416338409854166,0.3150228535148498,33.99731470644323
64.23217_-146.81256,64.23217,-146.81256,0.9334874462287381,1.315632351003506,0.3821449047747678,40.937337327740394
64.23230_-145.72298,64.2323,-145.72298,1.169115104831548,1.7549758949784497,0.5858607901469017,50.11147214895624
64.23311_-148.81630,64.23311,-148.8163,1.2880425934509214,2.0606527469673876,0.7726101535164662,59.98327675224547
64.23587_-147.48044,64.23587,-147.48044,0.8768652914661939,1.2403808810970065,0.36351558963081265,41.45626394026652
64.71825_-145.36554,64.71825,-145.36554,0.6664158445739277,0.8862289201801851,0.2198130756062574,32.984371154439565
64.71849_-148.35291,64.71849,-148.35291,0.978742250441014,1.4881957472984872,0.5094534968574732,52.05185498305782
64.71918_-147.67174,64.71918,-147.67174,0.9429676541253549,1.3252944368028334,0.38232678267747855,40.54505804147693
64.72100_-146.47684,64.721,-146.47684,0.732326554034902,0.9667712218269777,0.23444466779207573,32.01367839256343
64.72142_-147.07431,64.72142,-147.07431,0.9029497438257105,1.2654874204426476,0.36253767661693714,40.15037150139721
64.72264_-148.43684,64.72264,-148.43684,0.9488189621357708,1.4370173054603028,0.48819834332453205,51.45326588178721
64.72294_-144.93483,64.72294,-144.93483,0.7275745051477032,1.001251593281124,0.27367708813342073,37.6149914815751
64.72360_-145.96288,64.7236,-145.96288,0.6373978561631009,0.8773492304703762,0.2399513743072753,37.645463031785795
64.72376_-147.75555,64.72376,-147.75555,0.9342771552402223,1.3099785153266275,0.3757013600864052,40.21305219539533
64.72427_-145.44885,64.72427,-145.44885,0.6597101041022475,0.8989608269464775,0.23925072284423,36.266038879275506
64.52775_-146.88301,64.52775,-146.88301,0.9088505465565386,1.2911602962120092,0.3823097496554706,42.06519444852284
64.52835_-145.27039,64.52835,-145.27039,0.797713751757316,1.1176267269455613,0.31991297518824535,40.103730753480946
64.52839_-145.78033,64.52839,-145.78033,0.7520035002581443,1.1049642442444756,0.35296074398633126,46.93605067864292
64.53097_-148.23486,64.53097,-148.23486,0.930199233677478,1.3570467531627572,0.4268475194852792,45.88775221817451
64.53107_-147.55890,64.53107,-147.5589,0.9803946803854489,1.3989547202411867,0.41856003985573786,42.69301417375889
64.53191_-146.37312,64.53191,-146.37312,0.7950327878446635,1.0404375837074424,0.24540479586277897,30.86725473650869
64.53274_-144.84299,64.53274,-144.84299,0.8431038192655504,1.263305853295741,0.42020203403019063,49.83989212576922
64.53281_-146.96602,64.53281,-146.96602,0.9209245910365131,1.2894059514564007,0.36848136041988755,40.012110004051124
64.53413_-145.86310,64.53413,-145.8631,0.8601334663866927,1.2559559533292108,0.3958224869425181,46.01872876837547
64.53442_-145.35303,64.53442,-145.35303,0.802449993763783,1.1272250250544538,0.32477503129067076,40.4729308760235
64.64761_-147.69324,64.64761,-147.69324,0.9446448817329107,1.3132798691756447,0.36863498744273393,39.023657945035254
64.64965_-146.50180,64.64965,-146.5018,0.7049198167314473,0.9658040250426481,0.26088420831120074,37.009061473241225
64.64997_-147.09753,64.64997,-147.09753,0.896971468723697,1.2306486461095556,0.33367717738585856,37.200422646736875
64.65095_-148.45609,64.65095,-148.45609,1.0057718633340196,1.5446888401810293,0.5389169768470097,53.582427237580596
64.65188_-144.96429,64.65188,-144.96429,0.9209527284684138,1.3527835888808108,0.43183086041239704,46.88957935230306
64.65217_-147.77681,64.65217,-147.77681,0.9421119546380713,1.3242755845641627,0.38216362992609143,40.56456645568267
64.65235_-145.98935,64.65235,-145.98935,0.9129256945854293,1.3027958879060166,0.38987019332058737,42.70557786169357
64.65309_-145.47681,64.65309,-145.47681,0.8380203412311872,1.147558917780077,0.3095385765488897,36.93688104206726
64.65489_-147.18100,64.65489,-147.181,0.9238762750981296,1.2868940474313493,0.36301777233321963,39.29289907294802
64.65495_-146.58514,64.65495,-146.58514,0.7521640683849597,1.0835608252602011,0.3313967568752414,44.05910502835022
64.73928_-144.67029,64.73928,-144.67029,0.7965697897439377,1.0966657103363895,0.3000959205924518,37.67352521477365
64.74037_-146.21341,64.74037,-146.21341,0.8252481967517323,1.1510778810276023,0.32582968427587,39.482629051280746
64.74091_-147.40933,64.74091,-147.40933,0.9915515240877932,1.4396356313951224,0.44808410730732917,45.19019903877988
64.74155_-148.09113,64.74155,-148.09113,1.076744023268123,1.6551400462729715,0.5783960230048486,53.717133367437384
64.74162_-145.18463,64.74162,-145.18463,0.8302535283569699,1.2146715537874486,0.38441802543047876,46.30128175320408
64.74197_-146.81137,64.74197,-146.81137,0.8679240282268369,1.24880319871408,0.38087917048724307,43.88392971045827
64.74200_-145.69904,64.742,-145.69904,0.7669601547900593,1.0866531399110169,0.31969298512095756,41.683128272611164
64.74565_-147.49318,64.74565,-147.49318,0.9784847294240222,1.4190749566101029,0.44059022718608065,45.02780819537479
64.74573_-144.75349,64.74573,-144.75349,0.8229274489448859,1.1674082901302656,0.3444808411853797,41.860414502767505
64.74586_-146.29700,64.74586,-146.297,0.7570906723317221,1.0392567895628528,0.2821661172311307,37.26979178888874
64.57100_-148.30838,64.571,-148.30838,0.9196088407711852,1.3444779233231907,0.4248690825520055,46.201065465585316
64.57147_-147.63129,64.57147,-147.63129,0.9665853004445168,1.379354612441397,0.41276931199688005,42.7038681228707
64.57295_-146.44356,64.57295,-146.44356,0.7417699500381647,0.989038766735395,0.24726881669723033,33.33497355676219
64.57353_-147.03745,64.57353,-147.03745,0.9489680318748234,1.347758216875111,0.3987901850002876,42.02356366129848
64.57456_-144.91086,64.57456,-144.91086,0.7001047980511597,1.0055767512785838,0.30547195322742415,43.63231820118194
64.57517_-148.39180,64.57517,-148.3918,0.9277204528488471,1.3605607060142975,0.4328402531654504,46.65632323145222
64.57546_-145.93269,64.57546,-145.93269,0.7726468746720913,1.0330070993043443,0.26036022463225306,33.6971821367619
64.57600_-145.42175,64.576,-145.42175,0.7713854404529686,1.0517420981723076,0.28035665771933893,36.34456174784806
64.57607_-147.71460,64.57607,-147.7146,0.9555610439857225,1.3701618851574215,0.41460084117169904,43.388210913492806
64.57829_-146.52663,64.57829,-146.52663,0.7609736192510084,1.031595769374698,0.2706221501236896,35.56261916018201
65.13982_-145.63104,65.13982,-145.63104,0.7066597567973945,0.9814901854820037,0.2748304286846093,38.89147868419025
65.14023_-148.06271,65.14023,-148.06271,0.8055581106820476,1.1696122278126597,0.3640541171306121,45.19278153904698
65.14031_-146.76176,65.14031,-146.76176,0.7922206399711929,1.1345665996637675,0.34234595969257464,43.213461303535745
65.14303_-144.66986,65.14303,-144.66986,0.673143330967516,0.9395749737915144,0.26643164282399845,39.5802246812805
65.14400_-146.23889,65.144,-146.23889,0.7487547522387448,1.0303865643226522,0.2816318120839074,37.61335887910431
65.14419_-147.45485,65.14419,-147.45485,0.9658121738242562,1.4468768439450241,0.4810646701207679,49.80934007240053
65.14457_-148.14807,65.14457,-148.14807,0.8246449445402754,1.2231023111136046,0.3984573665733292,48.31865752787243
65.14536_-145.19284,65.14536,-145.19284,0.7043110951063933,1.0223314050388892,0.31802030993249586,45.15338635755208
65.14547_-146.84686,65.14547,-146.84686,0.7963432436802009,1.1412060601087375,0.34486281642853656,43.305800503159425
65.14568_-145.71588,65.14568,-145.71588,0.7554608044896055,1.0893866093363833,0.3339258048467778,44.20160554489394
64.76201_-146.54799,64.76201,-146.54799,0.704295597983795,0.9021137581633836,0.19781816017958853,28.087377053880164
64.76211_-147.14647,64.76211,-147.14647,0.8806785862153739,1.2177831767786722,0.33710459056329833,38.27782301508781
64.76260_-148.51126,64.7626,-148.51126,0.8622763131050045,1.2579381132739083,0.39566180016890373,45.885732236358166
64.76409_-147.82886,64.76409,-147.82886,0.9596562824889385,1.381892323937734,0.42223604144879556,43.99867422882864
64.76476_-145.00339,64.76476,-145.00339,0.6595349843460734,0.9410479211936768,0.28151293684760337,42.68354879259702
64.76492_-146.03317,64.76492,-146.03317,0.8340347331570732,1.2348700109729143,0.40083527781584105,48.059782390423784
64.76582_-145.51828,64.76582,-145.51828,0.6690005408909756,0.9210951558483915,0.2520946149574159,37.68227371261554
64.76665_-148.59537,64.76665,-148.59537,0.8844197202128534,1.3298474691974145,0.44542774898456106,50.36384182810396
64.76702_-147.23033,64.76702,-147.23033,0.8855125336316794,1.2132087066039192,0.32769617297223985,37.006384497832755
64.76729_-146.63173,64.76729,-146.63173,0.7324265627776265,0.9988339707308438,0.26640740795321727,36.37325862990332
65.29243_-146.27167,65.29243,-146.27167,0.7642398475669456,1.093603689866287,0.32936384229934146,43.096920861678825
65.29245_-148.19267,65.29245,-148.19267,0.8243999445950361,1.190361092573688,0.365961147978652,44.39121452857695
65.29370_-146.88342,65.2937,-146.88342,0.7260945196389179,1.0422061455421812,0.31611162590326325,43.53587822980175
65.29401_-145.21915,65.29401,-145.21915,0.7738377271295511,1.0775811702888105,0.3037434431592594,39.25156819194582
65.29423_-145.74542,65.29423,-145.74542,0.6439174737914726,0.8360852912143053,0.19216781742283273,29.84354754209772
65.29671_-148.27859,65.29671,-148.27859,0.8237605143606803,1.1713643057942846,0.3476037914336043,42.19719024811225
65.29698_-147.58096,65.29698,-147.58096,0.7770317703280061,1.1667962560749232,0.38976448574691713,50.16068848541251
65.29789_-146.35721,65.29789,-146.35721,0.7733192870640759,1.0758899203778352,0.3025706333137592,39.12622358902691
65.29822_-144.77806,65.29822,-144.77806,0.8484923470798307,1.2529990213215965,0.4045066742417658,47.67357957133203
65.29879_-146.96910,65.29879,-146.9691,0.7263745365478063,1.0435426142769577,0.31716807772915145,43.66453692561084
64.59229_-146.18170,64.59229,-146.1817,0.8545635054157038,1.1823431822616575,0.32777967684595366,38.35638601095008
64.59310_-147.37042,64.5931,-147.37042,0.9429491917798305,1.309957534812579,0.36700834303274843,38.92132749379792
64.59328_-145.15912,64.59328,-145.15912,0.8191598890588571,1.161797187541953,0.342637298483096,41.827890142027854
64.59376_-145.67043,64.59376,-145.67043,0.7510959716894916,1.1291352172273426,0.37803924553785095,50.331683271779696
64.59394_-148.04813,64.59394,-148.04813,0.94318108358287,1.361920176367109,0.41873909278423893,44.39646851202435
64.59399_-146.77606,64.59399,-146.77606,0.9150959995337715,1.3558816545791408,0.44078565504536926,48.16824194073008
64.59527_-148.80933,64.59527,-148.80933,0.9504842255795622,1.3956240366161747,0.4451398110366125,46.8329509377377
64.59731_-144.73059,64.59731,-144.73059,0.5008960739970958,0.6928722816646959,0.19197620766760015,38.326554675434174
64.59778_-146.26477,64.59778,-146.26477,0.7907019452530827,1.067981611142942,0.2772796658898594,35.06753303877475
64.59786_-147.45377,64.59786,-147.45377,0.9576413137373149,1.3468254779268496,0.3891841641895347,40.6398678301268
64.91875_-146.14835,64.91875,-146.14835,0.8243882809561107,1.1834714267877886,0.3590831458316779,43.55752672942169
64.91945_-145.11203,64.91945,-145.11203,0.7644998603959112,1.1266592834591298,0.3621594230632186,47.37207183735354
64.91980_-147.35306,64.9198,-147.35306,0.9414455519304432,1.4008365047687095,0.45939095283826625,48.79633791845749
64.92009_-145.63019,64.92009,-145.63019,0.7425956661390152,1.0970418503160069,0.3544461841769917,47.73071004034634
64.92060_-146.75070,64.9206,-146.7507,0.8678824254292115,1.207985647763747,0.3401032223345355,39.18770704065558
64.92071_-148.03989,64.92071,-148.03989,0.7575224906350677,1.044411886702144,0.2868893960670762,37.87206315505735
64.92205_-148.81134,64.92205,-148.81134,1.3154109893978159,2.183145386590604,0.8677343971927882,65.96678940549445
64.92331_-144.67772,64.92331,-144.67772,0.6338808289572193,0.8194966320930648,0.18561580313584547,29.282444689358588
64.92428_-146.23254,64.92428,-146.23254,0.896474620005593,1.2991662742558188,0.4026916542502258,44.91947069820152
64.92458_-147.43752,64.92458,-147.43752,0.9563608307502689,1.41328852975299,0.4569276990027211,47.777751274512106
64.72631_-146.56041,64.72631,-146.56041,0.6989104809599124,0.9145831778687161,0.21567269690880375,30.858415030862034
64.72637_-147.15802,64.72637,-147.15802,0.9021660212785214,1.2496931066756587,0.3475270853971373,38.521411491937236
64.72675_-148.52080,64.72675,-148.5208,0.8874698526193696,1.3199483882597896,0.43247853564041994,48.73163120572022
64.72829_-147.83940,64.72829,-147.8394,0.9336133443323559,1.309488866323174,0.3758755219908182,40.26029879206725
64.72922_-145.01807,64.72922,-145.01807,0.6684931913224588,0.9239240995616702,0.25543090823921144,38.20994911465001
64.72924_-146.04634,64.72924,-146.04634,0.7301622877410446,1.036310322014534,0.30614803427348936,41.92876562012556
64.73022_-145.53220,64.73022,-145.5322,0.7015996346791475,0.9687805915493521,0.2671809568702046,38.081684149164445
64.73078_-148.60480,64.73078,-148.6048,0.8869638891339254,1.3494612282781857,0.4624973391442603,52.14387471804124
64.73126_-147.24176,64.73126,-147.24176,0.9326129420212965,1.3020313848002796,0.36941844277898306,39.61112119871775
64.73158_-146.64403,64.73158,-146.64403,0.7047645211075453,0.9548221138054578,0.2500575926979125,35.4810131907526
64.90482_-146.49792,64.90482,-146.49792,0.9216740394188997,1.3418418382341408,0.42016779881524113,45.58746160195095
64.90514_-147.09995,64.90514,-147.09995,0.8460585057020822,1.2156273922476615,0.3695688865455793,43.6812447431045
64.90605_-148.47276,64.90605,-148.47276,0.7841349647776605,1.1156896707514714,0.33155470597381087,42.28286211772515
64.90694_-144.94427,64.90694,-144.94427,0.5842602113822943,0.8187575071979223,0.23449729581562795,40.13576335462474
64.90735_-147.78633,64.90735,-147.78633,0.8925172988821939,1.2860372941336946,0.3935199952515007,44.09102162438228
64.90753_-145.98010,64.90753,-145.9801,0.7541975057443875,1.0093811687148229,0.2551836629704354,33.83512422499607
64.90823_-145.46217,64.90823,-145.46217,0.6786109281762414,0.9487599216462278,0.27014899346998644,39.80911333037454
64.91009_-147.18428,64.91009,-147.18428,0.8666150673486422,1.2509748888792411,0.3843598215305989,44.3518507826693
64.91013_-146.58215,64.91013,-146.58215,0.8955381606556136,1.2775132651712884,0.38197510451567473,42.65313543266933
64.91013_-148.55737,64.91013,-148.55737,0.7983214326851727,1.1783618564919136,0.38004042380674086,47.60493809222508
64.25702_-148.56006,64.25702,-148.56006,1.1212838192660002,1.6885930716400517,0.5673092523740515,50.59461686920764
64.25717_-147.22295,64.25717,-147.22295,0.9089056380350078,1.2730736545430024,0.3641680165079946,40.06664732494135
64.25743_-146.63660,64.25743,-146.6366,1.0933291252266313,1.618788199404527,0.5254590741778957,48.060466153682285
64.25878_-147.89151,64.25878,-147.89151,0.8700290705562905,1.2266340481845486,0.35660497762825805,40.98770830729222
64.25882_-144.61884,64.25882,-144.61884,0.717521977167535,0.9422057240705428,0.22468374690300785,31.313848781323976
64.26069_-146.13222,64.26069,-146.13222,1.044480235867126,1.4632607906026371,0.41878055473551123,40.0946365814036
64.26102_-148.64246,64.26102,-148.64246,1.1929505061084862,1.8163744824359673,0.6234239763274811,52.258997597574044
64.26138_-145.12326,64.26138,-145.12326,1.160872559265656,1.7757531937415054,0.6148806344758495,52.967109056726294
64.26199_-145.62775,64.26199,-145.62775,1.139600836407693,1.7015332439555872,0.5619324075478942,49.30958188125289
64.26202_-147.30513,64.26202,-147.30513,0.8672765948418856,1.2143339481815798,0.34705735333969423,40.016916794920164
64.86057_-145.30864,64.86057,-145.30864,0.6244604940903791,0.8143505290145022,0.18989003492412315,30.408654626058713
64.86186_-148.31357,64.86186,-148.31357,0.8783938096856283,1.2903113148991265,0.41191750521349824,46.894399831998015
64.86237_-147.62839,64.86237,-147.62839,1.00589569476964,1.4791448420120954,0.47324914724245537,47.04753680756473
64.86377_-146.42645,64.86377,-146.42645,0.8471036464230421,1.197391786740564,0.35028814031752176,41.35127286922201
64.86441_-147.02744,64.86441,-147.02744,0.8637013052555007,1.2395142643140709,0.37581295905857015,43.511912830489116
64.86507_-144.87543,64.86507,-144.87543,0.5755791099659808,0.770393601917899,0.19481449195191813,33.84669258817133
64.86604_-148.39798,64.86604,-148.39798,0.8596751753377735,1.2325490759082167,0.37287390057044323,43.37381272222244
64.86617_-145.90947,64.86617,-145.90947,0.7913165688822793,1.1003474278832752,0.3090308590009959,39.05274717519141
64.86663_-145.39243,64.86663,-145.39243,0.6266243663629024,0.830008859308486,0.20338449294558358,32.457163152796355
64.86697_-147.71268,64.86697,-147.71268,0.9510415644297885,1.3711390586291228,0.4200974941993343,44.17235901263791
64.36785_-145.08041,64.36785,-145.08041,0.8513410252362195,1.183450347926048,0.3321093226898286,39.01013963207976
64.36842_-148.61479,64.36842,-148.61479,0.9662564731904021,1.4298131578732534,0.46355668468285127,47.97449720075581
64.36863_-145.58705,64.36863,-145.58705,0.9954973661596284,1.4034952296409406,0.4079978634813123,40.98432375117803
64.36913_-147.27167,64.36913,-147.27167,0.8833885128402397,1.2249300465534567,0.34154153371321705,38.66266413348581
64.36960_-146.68266,64.3696,-146.68266,0.8470199641533648,1.187112350179425,0.3400923860260602,40.15163755508385
64.37049_-147.94324,64.37049,-147.94324,0.8740693620668849,1.2175030722003606,0.3434337101334757,39.29135661743921
64.37161_-144.65576,64.37161,-144.65576,0.7783041912215425,1.0760819627406464,0.2977777715191039,38.259818574501566
64.37241_-148.69759,64.37241,-148.69759,0.9678953784645469,1.4336764014987644,0.46578102303421753,48.12307542713189
64.37300_-146.17601,64.373,-146.17601,0.8416614392380006,1.2051339068234461,0.3634724675854455,43.18511584830544
64.37395_-147.35422,64.37395,-147.35422,0.9228291095958062,1.306392602743419,0.38356349314761273,41.56387018563072
64.50707_-147.14362,64.50707,-147.14362,0.8871813235416072,1.2233012377038381,0.33611991416223097,37.88627028581351
64.50764_-148.49429,64.50764,-148.49429,0.9124329372229936,1.3337532540049564,0.4213203167819628,46.175483106107386
64.50908_-147.81894,64.50908,-147.81894,0.924528017696336,1.315039038349056,0.39051102065272003,42.23896011564515
64.50985_-145.02267,64.50985,-145.02267,0.730278385715732,1.0000147197425462,0.2697363340268142,36.93609715183487
64.50987_-146.04182,64.50987,-146.04182,0.7470132898041564,1.0093194669411252,0.2623061771369688,35.11399070366436
64.51083_-145.53226,64.51083,-145.53226,0.7035361188514166,0.9244649355225331,0.2209288166711164,31.40262607011588
64.51169_-148.57751,64.51169,-148.57751,0.9123372593850703,1.341970856509073,0.42963359712400284,47.091532512174574
64.51198_-147.22659,64.51198,-147.22659,0.9062285543337333,1.2598326251967031,0.35360407086296985,39.019303593114266
64.51225_-146.63419,64.51225,-146.63419,0.9069870829396972,1.309986083195996,0.40299900025629876,44.43271661048484
64.51343_-144.59558,64.51343,-144.59558,0.9275142974507283,1.343984246407592,0.4164699489568636,44.901728210716605
65.00303_-145.77104,65.00303,-145.77104,0.8836215856286491,1.27976219624351,0.39614061061486083,44.8314773040575
65.00533_-148.27374,65.00533,-148.27374,0.7511102645678618,1.0283142012340143,0.2772039366661525,36.90589115109976
65.00562_-147.58450,65.00562,-147.5845,0.9053125988976551,1.3773225907160551,0.4720099918184,52.137791122440824
65.00659_-146.37546,65.00659,-146.37546,0.7782275646871124,1.0801058690166243,0.3018783043295119,38.79049239933856
65.00726_-144.81531,65.00726,-144.81531,0.5421421140190277,0.7550926942331586,0.21295058021413094,39.27947575138148
65.00745_-146.98000,65.00745,-146.98,0.8042650435883771,1.094028688269785,0.2897636446814078,36.02837733548306
65.00880_-145.85544,65.0088,-145.85544,0.7966241368599455,1.1374742770457247,0.3408501401857792,42.786820586344355
65.00902_-145.33536,65.00902,-145.33536,0.7683386916443987,1.0871441785760445,0.3188054869316458,41.49283257482949
65.00953_-148.35866,65.00953,-148.35866,0.7972027734341536,1.19028543557281,0.3930826621386565,49.30773891382152
65.01025_-147.66930,65.01025,-147.6693,0.8465884253855136,1.24550507052601,0.3989166451404964,47.120493639969204
65.05521_-147.82829,65.05521,-147.82829,0.8313638410915192,1.16083792512968,0.3294740840381609,39.63055256355458
65.05550_-144.96878,65.0555,-144.96878,0.7397395444641477,1.048544620422496,0.3088050759583483,41.74510856818401
65.05585_-146.01099,65.05585,-146.01099,0.8334714961590266,1.2608784749602688,0.42740697880124223,51.280335412897294
65.05669_-145.48987,65.05669,-145.48987,0.7135188944523656,0.975678283730137,0.2621593892777714,36.7417585317039
65.05775_-148.60403,65.05775,-148.60403,0.9513718104884991,1.4618217130230937,0.5104499025345947,53.654091587230745
65.05812_-147.22256,65.05812,-147.22256,0.7704860616143645,1.0561062605971885,0.285620198982824,37.07013185733392
65.05834_-146.61673,65.05834,-146.61673,0.7309357482057116,1.1101958316308962,0.3792600834251846,51.88692499391166
65.05891_-144.53201,65.05891,-144.53201,0.5883894532874483,0.7783302694979073,0.189940816210459,32.28147872964447
65.05968_-147.91330,65.05968,-147.9133,0.8379782847142963,1.1557231455104353,0.31774486079613906,37.91803040629774
65.06148_-146.09561,65.06148,-146.09561,0.8377094632348998,1.2163048274824153,0.3785953642475155,45.19411333680429
65.23489_-145.41858,65.23489,-145.41858,0.745713510836028,1.0093728582151846,0.26365934737915664,35.356654204047494
65.23710_-146.55380,65.2371,-146.5538,0.753362639983701,1.110554228016786,0.35719158803308493,47.412968081455794
65.23716_-147.16415,65.23716,-147.16415,0.8666122599843431,1.2632339290034842,0.3966216690191411,45.766911839708655
65.23732_-148.55597,65.23732,-148.55597,0.8468588940931664,1.2105942616042722,0.3637353675111058,42.951118545032344
65.23901_-147.86006,65.23901,-147.86006,0.698977134449007,0.9729477459693215,0.27397061152031454,39.19593331708646
65.23975_-144.97861,65.23975,-144.97861,0.8666299037361833,1.3168677495821641,0.4502378458459808,51.952724444994544
65.23999_-146.02881,65.23999,-146.02881,0.7092139096101879,0.9627952043320438,0.25358129472185587,35.755262451244676
65.24088_-145.50369,65.24088,-145.50369,0.7232366734679864,1.100060403525196,0.3768237300572096,52.10240905654094
65.24135_-148.64175,65.24135,-148.64175,0.8675587047137591,1.2794539747980123,0.4118952700842532,47.47750991907265
65.24206_-147.24968,65.24206,-147.24968,0.7754339785795924,1.097300243826337,0.32186626524674466,41.507887729697615
65.06174_-148.68919,65.06174,-148.68919,0.9463814098597458,1.4056811671366254,0.45929975727687955,48.53220408724512
65.06177_-145.05316,65.06177,-145.05316,0.6902084516352305,0.9478635390822369,0.2576550874470064,37.330039473810295
65.06264_-145.57440,65.06264,-145.5744,0.6843543449291323,0.9191367693387074,0.23478242440957509,34.307143097613825
65.06299_-147.30746,65.06299,-147.30746,0.7555687946124284,1.0722102511564264,0.316641456543998,41.90769375360722
65.06358_-146.70151,65.06358,-146.70151,0.8769101154807663,1.383514207345057,0.5066040918642908,57.77149595161699
65.06412_-147.99835,65.06412,-147.99835,0.8284566736523853,1.1573716409598114,0.3289149673074261,39.70213262419038
65.06544_-144.61630,65.06544,-144.6163,0.5448055726477531,0.7206127070148789,0.1758071343671258,32.269701925533504
65.06569_-148.77438,65.06569,-148.77438,0.990147906751337,1.513159128173048,0.5230112214217111,52.82152472934113
65.06704_-146.18028,65.06704,-146.18028,0.7806562697343823,1.0706329073759342,0.2899766376415519,37.145239061516314
65.06779_-147.39240,65.06779,-147.3924,0.8093080060286396,1.1903152830671022,0.3810072770384626,47.07815494228283
64.26265_-146.71866,64.26265,-146.71866,1.0501895273274555,1.5672315044163518,0.5170419770888963,49.23320635320709
64.26322_-147.97380,64.26322,-147.9738,0.8580867264135029,1.1950556665084737,0.3369689400949708,39.269799860834695
64.26499_-148.72490,64.26499,-148.7249,1.1674622548033784,1.7986174361946006,0.6311551813912222,54.06214880133491
64.26528_-144.70044,64.26528,-144.70044,0.729583397797926,0.9787232342329522,0.24913983643502613,34.14823270197697
64.26621_-146.21417,64.26621,-146.21417,1.0739762475895864,1.5548669517161087,0.48089070412652224,44.776661048680076
64.26682_-147.38733,64.26682,-147.38733,0.842540400425196,1.1605433591175829,0.31800295869238693,37.7433483939647
64.26752_-145.20499,64.26752,-145.20499,0.9847065970086362,1.399433114353163,0.4147265173445269,42.11676032275933
64.26760_-148.05614,64.2676,-148.05614,0.8614648620353358,1.1848898791134705,0.32342501707813476,37.543611043403004
64.26781_-146.80075,64.26781,-146.80075,0.9159770389280917,1.2877266487616348,0.3717496098335431,40.585035872577926
64.26785_-145.70959,64.26785,-145.70959,1.0731096799349293,1.5556497633826805,0.4825400834477511,44.96652042846274
64.73276_-147.92328,64.73276,-147.92328,0.9579502190827325,1.3634403703940525,0.40549015131132005,42.32893768734555
64.73279_-144.58713,64.73279,-144.58713,0.7455310991271138,1.0167197363905025,0.2711886372633887,36.375228019448556
64.73478_-148.68881,64.73478,-148.68881,0.9539952780061489,1.4774475161943372,0.5234522381881883,54.86947894356501
64.73483_-146.12985,64.73483,-146.12985,0.8349015615082179,1.202776509597959,0.3678749480897411,44.06207450674652
64.73545_-145.10132,64.73545,-145.10132,0.7638952911775014,1.1053066424195193,0.3414113512420178,44.693475033175226
64.73611_-147.32553,64.73611,-147.32553,0.9731645503400292,1.3887887614180685,0.41562421107803926,42.708523541349486
64.73614_-145.61560,64.73614,-145.6156,0.7179222148840474,1.012407327982039,0.2944851130979915,41.01908354313207
64.73680_-146.72768,64.7368,-146.72768,0.8059884172333942,1.1535656748732201,0.34757725763982594,43.12434896185068
64.73717_-148.00719,64.73717,-148.00719,1.0342837039281694,1.5456994597927698,0.5114157558646004,49.44637084798525
64.73872_-148.77284,64.73872,-148.77284,1.0367152279654768,1.6576710577707956,0.6209558298053188,59.896470414920636
64.85335_-148.14481,64.85335,-148.14481,0.8493447797305766,1.2852222333933114,0.4358774536627348,51.31925974761402
64.85429_-146.85916,64.85429,-146.85916,0.9079046277531695,1.3102251455772869,0.4023205178241174,44.31308152044089
64.85447_-145.22490,64.85447,-145.2249,0.7366619088094071,0.9959581571747054,0.2592962483652983,35.198813087047334
64.85466_-145.74168,64.85466,-145.74168,0.7425357794946872,1.0881814428240546,0.3456456633293674,46.549361374153214
64.85764_-148.22916,64.85764,-148.22916,0.8962217764231761,1.3380319150450841,0.441810138621908,49.29696535439851
64.85771_-147.54411,64.85771,-147.54411,0.9895437040386481,1.4489549241818482,0.4594112201432001,46.42657199153451
64.85835_-146.34242,64.85835,-146.34242,0.8771261652446068,1.327233427514481,0.4501072622698742,51.3161367320916
64.85870_-144.79178,64.8587,-144.79178,0.6644231739558766,0.8792130285705875,0.2147898546147109,32.32726717460562
64.85937_-146.94327,64.85937,-146.94327,0.891336451803618,1.272007505769647,0.38067105396602896,42.70789702314335
64.86044_-145.82556,64.86044,-145.82556,0.8502934718307719,1.2806241539291277,0.4303306820983558,50.60966552780985
64.40308_-146.08078,64.40308,-146.08078,0.9123813582402183,1.3322652941255975,0.4198839358853792,46.02066143648994
64.40334_-145.06604,64.40334,-145.06604,0.7054955512421779,0.9345158016699076,0.22902025042772967,32.46232382677536
64.40417_-145.57343,64.40417,-145.57343,0.8637563418098857,1.2123699932695549,0.34861365145966916,40.36018430026181
64.40425_-148.60551,64.40425,-148.60551,0.96891775827551,1.4704591638900024,0.5015414056144925,51.76305226432645
64.40483_-147.26045,64.40483,-147.26045,0.8812706493747154,1.2436253445292538,0.36235469515453833,41.117299822890786
64.40524_-146.67059,64.40524,-146.67059,0.8025646549315486,1.103475396273422,0.30091074134187346,37.4936448413042
64.40624_-147.93298,64.40624,-147.93298,0.8726439572940976,1.2212396517516857,0.3485956944575881,39.947070227646655
64.40705_-144.64078,64.40705,-144.64078,0.6842832378818984,0.9349663228344194,0.250683084952521,36.634403865930565
64.40824_-148.68842,64.40824,-148.68842,0.9650836747407856,1.4624623399569918,0.4973786652162062,51.53736180956522
64.40862_-146.16321,64.40862,-146.16321,0.8938474589316185,1.3068021153977418,0.4129546564661233,46.19967896532503
64.54933_-147.89169,64.54933,-147.89169,0.9340544830657934,1.3270632067231425,0.39300872365734907,42.07556740880886
64.55109_-146.11165,64.55109,-146.11165,0.7999745163249352,1.082659603204427,0.2826850868794917,35.336761498121284
64.55154_-148.65152,64.55154,-148.65152,0.935190874062275,1.3862204623630578,0.4510295883007829,48.228613089604266
64.55158_-145.09079,64.55158,-145.09079,0.7965057156754501,1.1323461275919766,0.33584041191652647,42.1642187001418
64.55232_-145.60123,64.55232,-145.60123,0.648241270222127,0.8815689659804256,0.2333276957582986,35.99395880462012
64.55256_-147.29840,64.55256,-147.2984,0.9430729215037167,1.3125658448661275,0.3694929233624108,39.1796768772938
64.55314_-146.70500,64.55314,-146.705,0.8797634792004527,1.267174986719709,0.38741150751925635,44.03587062642609
64.55376_-147.97498,64.55376,-147.97498,0.9437777016041895,1.3599268380582457,0.41614913645405616,44.09397845983277
64.55538_-144.66296,64.55538,-144.66296,0.6371524581515654,0.847263531900642,0.21011107374907656,32.97657743621158
64.55552_-148.73492,64.55552,-148.73492,0.9263648933969663,1.3615757272930264,0.4352108338960602,46.98049731787099
64.88922_-148.13464,64.88922,-148.13464,0.8334704349440307,1.2418103699709389,0.40833993502690813,48.99273182429428
64.89001_-146.84711,64.89001,-146.84711,0.872054599634788,1.2246587654947374,0.35260416585994936,40.433725824921765
64.89005_-145.21045,64.89005,-145.21045,0.7256908823957258,1.0078557237793042,0.28216484138357845,38.882235980706646
64.89031_-145.72800,64.89031,-145.728,0.7294032990742849,1.0757939669699295,0.34639066789564454,47.48959434859465
64.89351_-147.53308,64.89351,-147.53308,1.053713429822493,1.5891994408046388,0.5354860109821458,50.81894145283437
64.89351_-148.21913,64.89351,-148.21913,0.886990342201632,1.3118926563537139,0.4249023141520819,47.90382644949842
64.89405_-146.32962,64.89405,-146.32962,0.8850591989717289,1.2841364059297329,0.39907720695800397,45.090453544989536
64.89423_-144.77669,64.89423,-144.77669,0.6221200531731622,0.8232325274856604,0.20111247431249824,32.32695575182177
64.89511_-146.93134,64.89511,-146.93134,0.8439925289463743,1.2014410557037598,0.3574485267573855,42.35209607881459
64.89610_-145.81198,64.8961,-145.81198,0.8205916233628103,1.2243412727487546,0.40374964938594426,49.202263085670495
65.39474_-145.08925,65.39474,-145.08925,0.6751720596194962,0.9228344217103408,0.24766236209084458,36.681370113333564
65.39510_-147.37500,65.3951,-147.375,0.7852468792377729,1.125536816932128,0.3402899376943551,43.33540784328482
65.39543_-145.61777,65.39543,-145.61777,0.6483683413899769,0.8603684342394439,0.21200009284946697,32.697477547250315
65.39587_-148.07550,65.39587,-148.0755,0.9013015975948674,1.421826484824619,0.5205248872297515,57.75257567708496
65.39597_-146.76062,65.39597,-146.76062,0.7162906148958075,1.027531938528388,0.3112413236325806,43.45182209009595
65.39852_-144.64627,65.39852,-144.64627,0.7601982332009866,1.0234781870170189,0.2632799538160323,34.63306573437201
65.39965_-146.23212,65.39965,-146.23212,0.622562623079863,0.8456413358375455,0.22307871275768254,35.83233308387449
65.39987_-147.46112,65.39987,-147.46112,0.7952085605664694,1.156886531859978,0.36167797129350854,45.48215263626766
65.40020_-148.16177,65.4002,-148.16177,0.8092560350295928,1.1681476695069928,0.3588916344774,44.34834205027289
65.40094_-145.17487,65.40094,-145.17487,0.6655797779170809,0.89727592872999,0.23169615081290906,34.811176435978524
64.83928_-144.54108,64.83928,-144.54108,0.6881322048506829,0.8968043659775881,0.20867216112690512,30.324428889676025
64.84019_-147.89189,64.84019,-147.89189,0.851531720029892,1.1820992050026453,0.33056748497275334,38.82033718733921
64.84182_-146.09058,64.84182,-146.09058,0.7136172550765076,0.9495310417126106,0.23591378663610296,33.05886803575264
64.84212_-145.05753,64.84212,-145.05753,0.7291609858761119,1.0419218106194756,0.31276082474336375,42.89324728030682
64.84238_-148.66080,64.84238,-148.6608,0.8879245092812407,1.3613089867845964,0.47338447750335577,53.31359508102239
64.84294_-145.57407,64.84294,-145.57407,0.6668693849318355,0.8798255084154627,0.21295612348362725,31.933708203652913
64.84342_-147.29150,64.84342,-147.2915,0.88164988236977,1.231966387508075,0.35031650513830503,39.73419745678363
64.84396_-146.69102,64.84396,-146.69102,0.8457680995775612,1.1999635772735,0.35419547769593884,41.878557239608604
64.84463_-147.97617,64.84463,-147.97617,0.8424482124044296,1.1607157244045814,0.3182675120001518,37.778881516263795
64.84580_-144.62460,64.8458,-144.6246,0.6611201394580575,0.8746719866796006,0.21355184722154308,32.3015189639509
65.09735_-145.03833,65.09735,-145.03833,0.5995244544397119,0.8007783544870278,0.20125390004731591,33.56892259472528
65.09765_-148.67976,65.09765,-148.67976,0.9153774523633766,1.355141061778933,0.43976360941555637,48.041778643350696
65.09827_-145.56033,65.09827,-145.56033,0.6831939045435041,0.9233223446695631,0.24012844012605894,35.147918991828206
65.09879_-147.29597,65.09879,-147.29597,0.8003301900648765,1.1662254206938725,0.365895230628996,45.71803427774426
65.09933_-146.68912,65.09933,-146.68912,0.9406612402497623,1.4774158628422402,0.536754622592478,57.06141590887279
65.09998_-147.98788,65.09998,-147.98788,0.7931023912925521,1.1306362174615026,0.33753382616895045,42.5586695834894
65.10098_-144.60083,65.10098,-144.60083,0.5239662401089074,0.7127532328674884,0.18878699275858102,36.030373391869915
65.10160_-148.76508,65.1016,-148.76508,0.9992039168814405,1.5345183046070843,0.5353143877256438,53.57408819977243
65.10277_-146.16711,65.10277,-146.16711,0.736607000819708,1.0232615126386533,0.2866545118189453,38.91552910845968
65.10358_-145.12288,65.10358,-145.12288,0.5767958300255004,0.7838799402133537,0.20708411018785333,35.902497800425856
64.44424_-146.15038,64.44424,-146.15038,0.8656073273347262,1.207212886797368,0.3416055594626417,39.464263838254745
64.44503_-145.13391,64.44503,-145.13391,0.7853935348383736,1.1186116600579048,0.3332181252195312,42.426899438140175
64.44537_-147.33200,64.44537,-147.332,0.8894464753128255,1.2468371838404186,0.35739070852759314,40.18124962515546
64.44560_-145.64215,64.4456,-145.64215,0.6943971280535965,0.9293701136695361,0.2349729856159396,33.838415529535915
64.44613_-146.74117,64.44613,-146.74117,0.9130513673985563,1.3216303006454404,0.4085789332468841,44.74873460964165
64.44643_-148.00563,64.44643,-148.00563,0.8959828114085349,1.278447813475288,0.38246500206675305,42.68664501113551
64.44800_-148.76230,64.448,-148.7623,0.9595851452041149,1.446059727470198,0.4864745822660832,50.69634359154283
64.44897_-144.70795,64.44897,-144.70795,0.757357018362256,1.0377728275956235,0.2804158092333675,37.02557742710983
64.44976_-146.23294,64.44976,-146.23294,0.8911899645488702,1.2632007405419776,0.3720107759931074,41.74315138090937
64.45015_-147.41481,64.45015,-147.41481,0.9003341259620468,1.265945430071794,0.3656113041097473,40.60840232164647
64.87477_-144.52565,64.87477,-144.52565,0.6908313200285439,0.9010100556316909,0.21017873560314704,30.424031092635296
64.87603_-147.88138,64.87603,-147.88138,0.8144442147083492,1.1096837394729944,0.2952395247646452,36.25042936432054
64.87748_-146.07741,64.87748,-146.07741,0.7066776061829774,0.946596610160753,0.23991900397777566,33.9502768842026
64.87766_-145.04285,64.87766,-145.04285,0.5915529849242447,0.8197857819117634,0.22823279698751875,38.581970305964504
64.87826_-148.65141,64.87826,-148.65141,0.9211092960715592,1.4487731490188605,0.5276638529473012,57.2856940210826
64.87858_-145.56012,64.87858,-145.56012,0.6017664753387723,0.8155408345018726,0.2137743591631004,35.52447135622724
64.87919_-147.28009,64.87919,-147.28009,0.8764737741151869,1.2589223926267228,0.3824486185115359,43.63491867142555
64.87968_-146.67874,64.87968,-146.67874,0.8676914054577858,1.1999702995977395,0.3322788941399537,38.29459322172801
64.88048_-147.96576,64.88048,-147.96576,0.7894921527642877,1.074993158188462,0.2855010054241742,36.162614716882935
64.88131_-144.60928,64.88131,-144.60928,0.6824628204738216,0.8985632586394023,0.21610043816558078,31.66479281839063
65.03240_-145.15225,65.0324,-145.15225,0.7703638043716304,1.0974312031828406,0.32706739881121016,42.45622613045691
65.03265_-148.09372,65.03265,-148.09372,0.7786305738430105,1.0442885675851685,0.26565799374215804,34.11861833667486
65.03285_-145.67284,65.03285,-145.67284,0.789324780639276,1.1122796146999923,0.32295483406071623,40.91532940333564
65.03301_-146.79855,65.03301,-146.79855,0.8880132770897231,1.374400952928051,0.48638767583832787,54.77256797695201
65.03638_-144.71591,65.03638,-144.71591,0.5760568514187152,0.785011387990168,0.2089545365714528,36.273249082419326
65.03674_-147.48857,65.03674,-147.48857,0.8635447570156335,1.3375462992087532,0.47400154219311974,54.89021134599263
65.03685_-146.27800,65.03685,-146.278,0.7661676437046971,1.0305637711273983,0.26439612742270113,34.50891323787186
65.03696_-148.17871,65.03696,-148.17871,0.7685323873729307,1.0239923255653622,0.2554599381924315,33.2399704149969
65.03815_-146.88329,65.03815,-146.88329,0.9198674875129313,1.3930821955274544,0.47321470801452303,51.44379102841926
65.03854_-145.23659,65.03854,-145.23659,0.7519686349735861,1.0546738458169764,0.3027052108433903,40.255031495299434
65.03869_-145.75731,65.03869,-145.75731,0.7273479148784985,1.003944490729698,0.27659657585119946,38.02809772231274
65.04121_-148.26370,65.04121,-148.2637,0.7615115969388312,1.022937608655181,0.2614260117163497,34.32987925164177
65.04144_-147.57346,65.04144,-147.57346,0.9095352854433458,1.3946352168997294,0.4850999314563835,53.33492160449007
65.04230_-146.36263,65.0423,-146.36263,0.7375282760283667,1.0016460001026477,0.264117724074281,35.81119974091984
65.04282_-144.80017,65.04282,-144.80017,0.6154878437808528,0.8528412786579971,0.23735343487714433,38.563464295105575
65.04322_-146.96805,65.04322,-146.96805,0.8371017675601258,1.1638199838597918,0.326718216299666,39.02968897699755
65.04446_-145.84183,65.04446,-145.84183,0.6743016636352579,0.9379341614278862,0.2636324977926283,39.09711513558299
65.04465_-145.32098,65.04465,-145.32098,0.7532603344546132,1.0300089654151587,0.2767486309605456,36.7401040917575
65.04543_-148.34875,65.04543,-148.34875,0.7832071468667711,1.0924967749461107,0.3092896280793397,39.49014373996155
65.04607_-147.65837,65.04607,-147.65837,0.8779973290250029,1.2823807636892846,0.4043834346642816,46.057478912076036
65.11918_-146.42175,65.11918,-146.42175,0.6751851092789645,0.9538671150610472,0.2786820057820827,41.27490401553574
65.11980_-147.02910,65.1198,-147.0291,0.7649945504933072,1.0513292058625452,0.28633465536923797,37.42963334635455
65.12031_-144.85428,65.12031,-144.85428,0.5983496507124526,0.8220863867459021,0.22373673603344946,37.39230661654887
65.12137_-148.41417,65.12137,-148.41417,0.8465420104790973,1.2407611042491862,0.3942190937700889,46.5681665989597
65.12156_-145.89929,65.12156,-145.89929,0.815602265870785,1.2112076429195748,0.39560537704878984,48.50469323137771
65.12193_-145.37677,65.12193,-145.37677,0.6997256672132888,0.9983747246950014,0.29864905748171267,42.68087787476848
65.12234_-147.72162,65.12234,-147.72162,0.9609042386513849,1.4438743892455688,0.4829701505941839,50.26204809669957
65.12454_-146.50668,65.12454,-146.50668,0.7695391953347528,1.159502163862393,0.38996296852764023,50.67486762100594
65.12479_-147.11418,65.12479,-147.11418,0.7620766860524888,1.0727864951114578,0.31070980905896906,40.771462340414466
65.12548_-148.49951,65.12548,-148.49951,0.9060179671478314,1.332950682020683,0.42693271487285145,47.12188172347695
64.99010_-146.12206,64.9901,-146.12206,0.7835039889284227,1.0761457500841203,0.2926417611556976,37.3503856127058
64.99059_-145.08267,64.99059,-145.08267,0.6795988909326478,0.9569190869287559,0.27732019599610813,40.80645211405917
64.99133_-145.60237,64.99133,-145.60237,0.8362082598052658,1.2019077602657289,0.36569950046046307,43.73306484028588
64.99140_-147.33032,64.9914,-147.33032,0.7602553741085769,1.0407922402182441,0.2805368661096672,36.900346339360695
64.99210_-146.72618,64.9921,-146.72618,0.7735865951534875,1.1050301883581248,0.33144359320463734,42.84505384156451
64.99239_-148.01917,64.99239,-148.01917,0.7669799362825984,1.0891760212734534,0.32219608499085495,42.00841113947208
64.99384_-148.79291,64.99384,-148.79291,1.0759665026371494,1.7026609882215897,0.6266944855844403,58.24479517238112
64.99438_-144.64709,64.99438,-144.64709,0.5438492076083794,0.7338638547178487,0.19001464710946925,34.93884783708226
64.99565_-146.20648,64.99565,-146.20648,0.8053362128434733,1.0894085785664942,0.28407236572302086,35.273760349111946
64.99619_-147.41502,64.99619,-147.41502,0.7867281242967452,1.1303237741709276,0.34359564987418234,43.674001127304535
64.78940_-145.33717,64.7894,-145.33717,0.708707283898792,0.9436566213554162,0.23494933745662416,33.151816383783135
64.79018_-148.33328,64.79018,-148.33328,0.8568354190296178,1.269733164057982,0.4128977450283643,48.188687799108344
64.79076_-147.65012,64.79076,-147.65012,0.9740711303340617,1.4288958959627975,0.45482476562873586,46.69317788658328
64.79239_-146.45171,64.79239,-146.45171,0.7900567153708418,1.0889098234455403,0.29885310807469856,37.8267917050007
64.79289_-147.05093,64.79289,-147.05093,0.8853223590519791,1.2517336554561522,0.36641129640417314,41.38733114077608
64.79399_-144.90521,64.79399,-144.90521,0.6287035918939252,0.8649981068683636,0.23629451497443843,37.58440670946668
64.79433_-148.41747,64.79433,-148.41747,0.8672184609644115,1.2578607630035705,0.39064230203915906,45.045431990081916
64.79489_-145.93625,64.79489,-145.93625,0.7888412490092349,1.1263043879056678,0.33746313889643287,42.77960100594108
64.79534_-147.73418,64.79534,-147.73418,0.9422357356474501,1.3720907569698304,0.4298550213223803,45.62075126847197
64.79543_-145.42072,64.79543,-145.42072,0.6595807451483033,0.858627090718757,0.19904634557045364,30.177707132081167
64.80379_-144.55647,64.80379,-144.55647,0.8019657172249113,1.0788117569987816,0.27684603977387034,34.520931983458944
64.80437_-147.90239,64.80437,-147.90239,0.9305329736571404,1.316406879851462,0.3858739061943217,41.468052945805546
64.80616_-146.10371,64.80616,-146.10371,0.8002587317197555,1.103355553838854,0.3030968221190985,37.87485348241607
64.80651_-148.67017,64.80651,-148.67017,0.9623265416472064,1.4820669257709207,0.5197403841237143,54.00873421137059
64.80653_-145.07217,64.80653,-145.07217,0.8242780135940019,1.209011634408784,0.38473362081478213,46.675225405718834
64.80733_-145.58795,64.80733,-145.58795,0.7026733217324392,0.9688697768299284,0.2661964550974891,37.883387182137845
64.80763_-147.30289,64.80763,-147.30289,0.8871403257872835,1.2247174009589472,0.3375770751716637,38.052274861035585
64.80824_-146.70328,64.80824,-146.70328,0.8517347352889664,1.231145324324185,0.3794105890352186,44.545628270813296
64.80881_-147.98654,64.80881,-147.98654,0.9213183385970877,1.3443868124334657,0.423068473836378,45.91990152726081
64.81031_-144.63986,64.81031,-144.63986,0.746399707438737,1.0035454715191974,0.2571457640804604,34.451482431960414
64.57851_-147.12064,64.57851,-147.12064,0.9682909060432117,1.3873925662391287,0.419101660195917,43.28261864076764
64.57929_-148.47525,64.57929,-148.47525,0.9203423962212164,1.3611277537801563,0.4407853575589399,47.893627346598
64.58062_-147.79794,64.58062,-147.79794,0.9449364059679746,1.3394908731299602,0.3945544671619856,41.754605354400724
64.58086_-144.99356,64.58086,-144.99356,0.786323805569879,1.1287166417113936,0.3423928361415146,43.54349108041685
64.58112_-146.01566,64.58112,-146.01566,0.8105599679235251,1.0826026950444871,0.272042727120962,33.562319616878575
64.58197_-145.50461,64.58197,-145.50461,0.7153911742291216,0.9804711602133236,0.265079985984202,37.05385186920179
64.58337_-148.55872,64.58337,-148.55872,0.908565614747612,1.3512674197025172,0.4427018049549052,48.72535321269913
64.58343_-147.20387,64.58343,-147.20387,0.9251341167976249,1.2732312372023273,0.3480971204047024,37.626665591973776
64.58358_-146.60974,64.58358,-146.60974,0.8052369846597367,1.1263190381527055,0.3210820534929688,39.8742307680572
64.58434_-144.56522,64.58434,-144.56522,0.6188384749596855,0.8338286205186978,0.2149901455590123,34.74091451295396
64.45728_-145.29865,64.45728,-145.29865,0.8775398073999772,1.2181401668271925,0.34060035942721534,38.81309503626561
64.45935_-148.25456,64.45935,-148.25456,0.8962425486277941,1.2999579134912111,0.4037153648634171,45.04532455879624
64.45956_-147.58055,64.45956,-147.58055,0.9189122053284875,1.3019812203579622,0.38306901502947466,41.68722678925973
64.46065_-146.39819,64.46065,-146.39819,0.8814961819468796,1.2019279832121783,0.3204318012652987,36.35090064231367
64.46143_-146.98938,64.46143,-146.98938,0.9634745633348505,1.381914664102839,0.41844010076798854,43.4303215353867
64.46175_-144.87247,64.46175,-144.87247,0.899524683093925,1.3223744228913108,0.4228497397973858,47.00813082115652
64.46296_-145.88965,64.46296,-145.88965,0.8332885244665512,1.237416920053902,0.4041283955873508,48.49801523980699
64.46333_-145.38106,64.46333,-145.38106,0.7336596035070069,0.9630856940125551,0.22942609050554819,31.271462870363294
64.46356_-148.33762,64.46356,-148.33762,0.8916577244774679,1.2768803195893383,0.3852225951118704,43.20296729752661
64.46420_-147.66347,64.4642,-147.66347,0.9269445212767059,1.3123247326064575,0.38538021132975164,41.57532651457468
64.76827_-144.57181,64.76827,-144.57181,0.8323914896665174,1.1394361006879477,0.3070446110214302,36.887043516559984
64.76856_-147.91284,64.76856,-147.91284,0.9936057011443429,1.448430185449702,0.45482448430535904,45.77514840962913
64.77051_-146.11681,64.77051,-146.11681,0.863770936440451,1.2317899794460092,0.3680190430055582,42.60609236543
64.77064_-148.67950,64.77064,-148.6795,0.9494843922523005,1.4582434885092657,0.5087590962569651,53.5826708062175
64.77100_-145.08676,64.771,-145.08676,0.7686368689835017,1.1122412375050519,0.3436043685215502,44.70308183056015
64.77174_-145.60179,64.77174,-145.60179,0.6760529671122997,0.9493194498712914,0.2732664827589917,40.420868785803165
64.77187_-147.31421,64.77187,-147.31421,0.9071530522831444,1.257481896814037,0.35032884453089275,38.618493720456186
64.77251_-146.71550,64.77251,-146.7155,0.836848297673424,1.2203343169049965,0.38348601923157255,45.82503427416018
64.77299_-147.99687,64.77299,-147.99687,1.0309456106724828,1.5349898572182665,0.5040442465457837,48.89144891135403
64.77460_-148.76367,64.7746,-148.76367,1.0614936597338722,1.6869485470046024,0.6254548872707302,58.9221500793079
64.95443_-146.13522,64.95443,-146.13522,0.812039886296217,1.1146144014423798,0.30257451514616274,37.26104102179399
64.95502_-145.09738,64.95502,-145.09738,0.7122126639050697,1.0124525802010775,0.3002399162960079,42.155936212898716
64.95559_-147.34171,64.95559,-147.34171,0.8631591140972278,1.2317538150172203,0.36859470091999247,42.70298429340031
64.95572_-145.61630,64.95572,-145.6163,0.8490168220545267,1.243153400329756,0.3941365782752293,46.42270542077864
64.95636_-146.73846,64.95636,-146.73846,0.7930469533608576,1.0883661810150347,0.29531922765417706,37.23855522080278
64.95655_-148.02954,64.95655,-148.02954,0.7740279396516931,1.112892245729151,0.3388643060774579,43.779337762658066
64.95795_-148.80214,64.95795,-148.80214,1.177304555401426,1.9261940267150095,0.7488894713135834,63.61051334403732
64.95884_-144.66243,64.95884,-144.66243,0.5141228192596303,0.6859547673444087,0.17183194808477842,33.42235389050177
64.95997_-146.21953,64.95997,-146.21953,0.8240906605426477,1.1217447582393876,0.2976540976967399,36.11909610779237
64.96037_-147.42628,64.96037,-147.42628,0.8558589467683322,1.2392921733821822,0.38343322661385004,44.80098362722841
65.10361_-147.38104,65.10361,-147.38104,0.8678752014664366,1.3005267818277804,0.43265158036134377,49.85181966604166
65.10417_-145.64502,65.10417,-145.64502,0.6557262528586385,0.8798583216947731,0.22413206883613457,34.18073744325942
65.10437_-148.07309,65.10437,-148.07309,0.8111742419929817,1.1821792056887355,0.37100496369575375,45.73677817779669
65.10452_-146.77406,65.10452,-146.77406,0.8726334112391172,1.2705109557117995,0.3978775444726823,45.595039033367556
65.10747_-144.68527,65.10747,-144.68527,0.5224076382878526,0.7252900680262704,0.20288242973841775,38.83603815659127
65.10828_-146.25195,65.10828,-146.25195,0.70584758047665,0.9471565039901076,0.24130892351345767,34.18711492224777
65.10837_-147.46613,65.10837,-147.46613,0.8889578498730385,1.309204218412643,0.4202463685396044,47.27404888765246
65.10870_-148.15831,65.1087,-148.15831,0.792938965328859,1.1358469235989772,0.3429079582701182,43.24518951189421
65.10967_-146.85904,65.10967,-146.85904,0.8590940931691302,1.2339652548761437,0.3748711617070135,43.63563487256016
65.10975_-145.20746,65.10975,-145.20746,0.6116623821324952,0.8384108209256408,0.22674843879314555,37.07084911820332
65.06799_-145.13759,65.06799,-145.13759,0.6713677165238024,0.9106724218243836,0.23930470530058112,35.644356946391376
65.06850_-148.08342,65.0685,-148.08342,0.8020970945738055,1.1232191954566682,0.32112210088286264,40.035315307243565
65.06853_-145.65894,65.06853,-145.65894,0.6634324435513042,0.8832408400581291,0.21980839650682493,33.131993866656124
65.06877_-146.78632,65.06877,-146.78632,0.9551245478884134,1.4941940833607554,0.539069535472342,56.43971109988905
65.07192_-144.70062,65.07192,-144.70062,0.5328092460023199,0.7294445497671269,0.19663530376480698,36.90538503979918
65.07256_-146.26498,65.07256,-146.26498,0.7086908244670002,0.9379379250469416,0.22924710057994147,32.34797074624976
65.07256_-147.47737,65.07256,-147.47737,0.881375047294336,1.3384998278739173,0.4571247805795813,51.864956011957986
65.07283_-148.16852,65.07283,-148.16852,0.7701831260437235,1.0558137297172643,0.28563060367354076,37.086063562670866
65.07391_-146.87119,65.07391,-146.87119,0.9050968632716533,1.331696274176569,0.4265994109049157,47.133011748917895
65.07414_-145.22205,65.07414,-145.22205,0.673949182321454,0.9223895825712458,0.24844040024979186,36.863372902097105
64.86913_-146.51050,64.86913,-146.5105,0.8303994752660034,1.148587050464659,0.3181875751986555,38.317410436311974
64.86938_-147.11162,64.86938,-147.11162,0.8650885725896785,1.2503094656374887,0.38522089304781015,44.529647628408206
64.87017_-148.48242,64.87017,-148.48242,0.8181678460659045,1.1567721151123687,0.3386042690464641,41.38567296119201
64.87140_-144.95911,64.8714,-144.95911,0.5560014536224298,0.7677793853780134,0.21177793175558357,38.08945648897494
64.87154_-147.79701,64.87154,-147.79701,0.858649590832947,1.1877573000031239,0.32910770917017684,38.328523379475506
64.87186_-145.99341,64.87186,-145.99341,0.7186509720866465,0.9487578194771944,0.23010684739054788,32.01927727481099
64.87263_-145.47626,64.87263,-145.47626,0.6516262838717221,0.8725172136213806,0.22089092974965852,33.89840698831337
64.87423_-148.56689,64.87423,-148.56689,0.7777957173557839,1.13001469521575,0.35221897785996603,45.28425266436019
64.87431_-147.19585,64.87431,-147.19585,0.8572149531038193,1.2300358130152378,0.37282085991141845,43.49210878339231
64.87443_-146.59460,64.87443,-146.5946,0.8493032529697344,1.1843206338233485,0.3350173808536141,39.44614361032628
65.08342_-146.43454,65.08342,-146.43454,0.6222806306322259,0.8488915349755972,0.22661090434337128,36.416191214748025
65.08402_-147.04099,65.08402,-147.04099,0.805974439087986,1.109238690860338,0.30326425177235194,37.62703096583506
65.08475_-144.86938,65.08475,-144.86938,0.6739232682749077,0.9511449714149691,0.27722170314006145,41.13549957247905
65.08548_-148.42401,65.08548,-148.42401,0.864615575780601,1.2736722787826555,0.40905670300205454,47.3108181786739
65.08588_-145.91286,65.08588,-145.91286,0.7651208547714103,1.127731552471151,0.36261069769974075,47.39260411455852
65.08631_-145.39111,65.08631,-145.39111,0.6504624418417482,0.8831420961490422,0.23267965430729398,35.77142035264549
65.08651_-147.73248,65.08651,-147.73248,0.9277515847240336,1.3504662279071553,0.4227146431831217,45.56334369494623
65.08878_-146.51936,65.08878,-146.51936,0.7016660665951735,1.0374685012810019,0.3358024346858284,47.85787009984761
65.08899_-147.12595,65.08899,-147.12595,0.7570049159527901,1.0222888011555802,0.2652838852027901,35.04387879289998
65.08959_-148.50923,65.08959,-148.50923,0.9102094604506318,1.3405251759865635,0.43031571553593173,47.27655932326704
64.75382_-145.35138,64.75382,-145.35138,0.7104857245049512,0.9382223912510298,0.22773666674607862,32.053658348274325
64.75433_-148.34311,64.75433,-148.34311,0.9016165383979673,1.3602046332514126,0.4585880948534453,50.862875216140694
64.75497_-147.66095,64.75497,-147.66095,0.9602227092187114,1.392269091027612,0.43204638180890065,44.99439324450436
64.75668_-146.46429,64.75668,-146.46429,0.7426772942487003,0.9913921978510434,0.24871490360234305,33.48896021574828
64.75715_-147.06265,64.75715,-147.06265,0.904445136094534,1.2781287516793491,0.3736836155848151,41.31633867792254
64.75845_-144.92004,64.75845,-144.92004,0.630823588799593,0.8602371856689861,0.2294135968693931,36.36731424485075
64.75849_-148.42715,64.75849,-148.42715,0.8888485351154536,1.320594132081776,0.4317455969663224,48.573584802076816
64.75926_-145.94958,64.75926,-145.94958,0.7279846875700182,1.0365846066669318,0.30859991909691353,42.39099041038993
64.75955_-147.74487,64.75955,-147.74487,0.9518066499415101,1.3793892798865302,0.42758262994502005,44.92326566233758
64.75984_-145.43481,64.75984,-145.43481,0.6849959704137829,0.9292770748690831,0.24428110445530016,35.66168488666265
65.11002_-145.72974,65.11002,-145.72974,0.6314023794601391,0.866480757587969,0.23507837812782995,37.23115176233995
65.11298_-148.24356,65.11298,-148.24356,0.7859802690408193,1.1339057484663861,0.34792547942556684,44.266439391686255
65.11308_-147.55127,65.11308,-147.55127,0.9044057835910481,1.3354226738918595,0.4310168903008115,47.657467269770095
65.11375_-146.33682,65.11375,-146.33682,0.6852848176615265,0.9083434300424036,0.2230586123808771,32.54976713799742
65.11391_-144.76974,65.11391,-144.76974,0.58548415387768,0.8101864160719787,0.22470226219429867,38.37888023204189
65.11476_-146.94405,65.11476,-146.94405,0.8080627763339531,1.127863499632414,0.3198007232984609,39.57622262336397
65.11581_-145.81448,65.11581,-145.81448,0.7022733659191105,1.0335003858872054,0.3312270199680949,47.16496966029698
65.11587_-145.29210,65.11587,-145.2921,0.6526340106980342,0.9221288388791737,0.26949482818113957,41.2934085204811
65.11720_-148.32886,65.1172,-148.32886,0.8155089081404799,1.1963857755983236,0.38087686745784366,46.70419460240079
65.11774_-147.63641,65.11774,-147.63641,0.9629915053428239,1.460123090642864,0.4971315853000401,51.62367295473306
64.89616_-145.29431,64.89616,-145.29431,0.6252077549132852,0.8248559676001103,0.1996482126868251,31.933099216678112
64.89774_-148.30365,64.89774,-148.30365,0.8931660016233233,1.3166728777849754,0.42350687616165217,47.41636777395593
64.89817_-147.61746,64.89817,-147.61746,1.0280635474639959,1.542356285353908,0.514292737889912,50.02538404931853
64.89946_-146.41376,64.89946,-146.41376,0.8845631883087066,1.2641135566177035,0.3795503683089969,42.908225588123436
64.90015_-147.01562,64.90015,-147.01562,0.8361563823293919,1.1857346701318028,0.34957828780241085,41.807764096537085
64.90061_-144.86044,64.90061,-144.86044,0.5591173798712745,0.7611816842665002,0.2020643043952257,36.13987181756842
64.90185_-145.89603,64.90185,-145.89603,0.7879531119263169,1.1099965653077608,0.3220434533814439,40.87089047648293
64.90193_-148.38818,64.90193,-148.38818,0.8541202199121347,1.2168525169081954,0.3627322969960607,42.46852943410891
64.90222_-145.37822,64.90222,-145.37822,0.6197099821984131,0.8441226475764542,0.22441266537804105,36.21253034878348
64.90279_-147.70187,64.90279,-147.70187,0.9748031664084224,1.4426962765347457,0.4678931101263234,47.998726948152516
64.39613_-148.43979,64.39613,-148.43979,0.9022374409040032,1.3204647394306779,0.41822729852667473,46.354460540634285
64.39709_-144.98389,64.39709,-144.98389,0.7962500248694745,1.0389716170899603,0.24272159222048584,30.483087552841713
64.39727_-147.76747,64.39727,-147.76747,0.891400148948623,1.253389321179947,0.361989172231324,40.609054492337506
64.39746_-145.99841,64.39746,-145.99841,0.9566705786520245,1.4403588100967628,0.48368823144473827,50.55953869996384
64.39825_-145.49115,64.39825,-145.49115,0.887957098565825,1.2256186229083905,0.33766152434256547,38.026783601137495
64.39995_-147.17780,64.39995,-147.1778,0.8741264540817887,1.196206241281873,0.32207978720008434,36.84590320955422
64.40001_-146.58807,64.40001,-146.58807,0.8046190910241714,1.0972131982195534,0.29259410719538204,36.364300879680755
64.40021_-148.52263,64.40021,-148.52263,0.9486265114855568,1.4265746036684706,0.4779480921829138,50.38316833823706
64.40055_-144.55873,64.40055,-144.55873,0.6527226954318455,0.8794591238366953,0.22673642840484987,34.737022320763586
64.40178_-147.85022,64.40178,-147.85022,0.8748823960579843,1.2039627492625475,0.3290803532045632,37.61423874652438
64.66182_-144.61758,64.66182,-144.61758,0.7467415814517675,1.0721168091196256,0.3253752276678581,43.57266767377334
64.66304_-148.70734,64.66304,-148.70734,0.9796689532947831,1.5123475523644054,0.5326785990696223,54.37332654853858
64.66355_-146.15585,64.66355,-146.15585,0.7408923410454029,1.010000807712037,0.2691084666666341,36.32220928170491
64.66434_-145.13031,64.66434,-145.13031,0.8399204593444012,1.189424341106601,0.3495038817621998,41.61154522119923
64.66460_-147.34804,64.6646,-147.34804,0.9517529872628302,1.3328170609851613,0.3810640737223311,40.03812741562731
64.66493_-145.64310,64.66493,-145.6431,0.9717141394025,1.4623261696502932,0.4906120302477932,50.48933738367407
64.66541_-146.75194,64.66541,-146.75194,0.8379525509362041,1.2031853879150927,0.36523283697888853,43.5863386979169
64.66554_-148.02771,64.66554,-148.02771,0.9622764663324269,1.3894514544007883,0.4271749880683614,44.392126692703506
64.66697_-148.79114,64.66697,-148.79114,0.9953358245566254,1.559363578993754,0.5640277544371287,56.667080649727055
64.66830_-144.70053,64.6683,-144.70053,0.8166670575327033,1.1919570219251763,0.375289964392473,45.95385119687463
64.58511_-147.88129,64.58511,-147.88129,0.9447662762479375,1.338692386939448,0.3939261106915105,41.69561515848724
64.58672_-146.09866,64.58672,-146.09866,0.8408401748383715,1.134122752479186,0.29328257764081445,34.87970561078269
64.58710_-145.07632,64.5871,-145.07632,0.8072862708324933,1.1309544709130077,0.32366820008051445,40.09336115015804
64.58739_-148.64224,64.58739,-148.64224,0.9646885029289229,1.4635289923214714,0.49884048939254844,51.7100066889988
64.58788_-145.58749,64.58788,-145.58749,0.6901817822571932,0.9927435700290954,0.30256178777190224,43.83798523084661
64.58829_-147.28714,64.58829,-147.28714,0.9373374492184708,1.2953961703223156,0.35805872110384473,38.19955357618384
64.58882_-146.69289,64.58882,-146.69289,0.8579691647591734,1.2166192565717993,0.35865009181262586,41.80221231065999
64.58955_-147.96469,64.58955,-147.96469,0.945201458264781,1.3539787882794387,0.40877733001465777,43.24764064214406
64.59085_-144.64789,64.59085,-144.64789,0.5570968368881242,0.7536399561807375,0.19654311929261337,35.27988426401406
64.59135_-148.72577,64.59135,-148.72577,0.9479037022667987,1.4060136322267238,0.45810992995992517,48.32874150237096
64.33892_-145.68274,64.33892,-145.68274,1.014912280415795,1.440488025815951,0.42557574540015586,41.93226878935818
64.33910_-148.03603,64.3391,-148.03603,0.8728863999924532,1.2101227850482517,0.33723638505579845,38.63462474139981
64.33913_-146.77701,64.33913,-146.77701,1.0525665007946465,1.5971264571738408,0.5445599563791943,51.736394419551914
64.34052_-148.78940,64.34052,-148.7894,0.9656990543745068,1.4208804112019175,0.4551813568274108,47.13490758487244
64.34261_-144.75255,64.34261,-144.75255,0.8051891501922175,1.1297916507288532,0.32460250053663575,40.3138194869051
64.34290_-146.27100,64.3429,-146.271,0.8295388888151383,1.175344463019208,0.34580557420406977,41.68648135327289
64.34301_-147.44775,64.34301,-147.44775,0.8753716832111527,1.2311503457509385,0.35577866253978585,40.64315414392571
64.34344_-148.11862,64.34344,-148.11862,0.8723633560395798,1.2099553492789332,0.3375919932393534,38.69855271913056
64.34426_-146.85938,64.34426,-146.85938,1.1048433806397224,1.682313579928645,0.5774701992889226,52.2671547305246
64.34466_-145.25868,64.34466,-145.25868,0.9355122418705144,1.3855426051150586,0.45003036324454415,48.105235089679724
65.18477_-147.52893,65.18477,-147.52893,0.7822539535282602,1.1382664179873776,0.3560124644591174,45.511110919077744
65.18507_-144.73917,65.18507,-144.73917,0.7103385395968794,1.0097778645169442,0.29943932492006475,42.15445287397725
65.18520_-146.31088,65.1852,-146.31088,0.6871903903900372,0.9070252706933395,0.21983488030330234,31.990389181450563
65.18634_-146.91992,65.18634,-146.91992,0.7364760929721672,1.0220173040116634,0.28554121103949615,38.77128039379375
65.18710_-145.26306,65.1871,-145.26306,0.848822333791049,1.2689995985191667,0.42017726472811767,49.5012027842744
65.18716_-145.78699,65.18716,-145.78699,0.716509895630302,0.9878440966909943,0.2713342010606923,37.868870020560436
65.18897_-148.30884,65.18897,-148.30884,0.7895572486328399,1.1425192469536234,0.35296199832078345,44.70378796875791
65.18944_-147.61433,65.18944,-147.61433,0.7633221282406524,1.1275987995138235,0.3642766712731711,47.722535191371485
65.19064_-146.39604,65.19064,-146.39604,0.663929936764603,0.8912171959976344,0.2272872592330314,34.23362114692778
65.19140_-147.00520,65.1914,-147.0052,0.7747764848770877,1.1024137939245489,0.32763730904746113,42.28797794494734
65.12665_-144.93886,65.12665,-144.93886,0.5643292456430398,0.7695328850193559,0.20520363937631614,36.36239676759823
65.12689_-147.80684,65.12689,-147.80684,0.8227809351742307,1.1644587279869436,0.34167779281271293,41.527188854996965
65.12724_-145.98413,65.12724,-145.98413,0.7643368894550501,1.0816877695195015,0.31735088006445145,41.51976496786821
65.12795_-145.46149,65.12795,-145.46149,0.7486906798286757,1.049185934417736,0.30049525458906046,40.13610195572668
65.12955_-148.58490,65.12955,-148.5849,0.8877234020331547,1.3006239682985847,0.41290056626543004,46.512299362590085
65.12971_-147.19931,65.12971,-147.19931,0.7714013648415877,1.110195876972496,0.3387945121309083,43.919356067056206
65.12985_-146.59167,65.12985,-146.59167,0.8662656820041291,1.33824567414204,0.471979992137911,54.48443842840137
65.13139_-147.89209,65.13139,-147.89209,0.7746583976774473,1.0705771703261808,0.29591877264873356,38.19990508538299
65.13288_-146.06900,65.13288,-146.069,0.6834186052176037,0.9460347516268655,0.2626161464092618,38.42683596909738
65.13294_-145.02347,65.13294,-145.02347,0.5864846192973636,0.8021472094618735,0.21566259016450984,36.77207944905424
65.24239_-146.63922,65.24239,-146.63922,0.8241625103685774,1.2507428724457337,0.4265803620771563,51.7592533887987
65.24318_-144.53848,65.24318,-144.53848,0.8058556093391617,1.1696859337175303,0.3638303243783686,45.14832684191726
65.24347_-147.94572,65.24347,-147.94572,0.6825877785839822,0.981602211830013,0.2990144332460307,43.80600453561175
65.24533_-148.72757,65.24533,-148.72757,0.9988609677900244,1.5303525525780408,0.5314915847880164,53.209766116293366
65.24560_-146.11407,65.2456,-146.11407,0.7172724779556955,0.9785867991090741,0.2613143211533786,36.43166706997497
65.24601_-145.06363,65.24601,-145.06363,0.8669462595579395,1.2608356057546837,0.3938893461967442,45.43411334372565
65.24682_-145.58887,65.24682,-145.58887,0.6843497612875782,1.0377157240681136,0.35336596278053545,51.635286920490884
65.24690_-147.33524,65.2469,-147.33524,0.7020372022109447,0.9734381509833357,0.27140094877239107,38.659055092473835
65.24761_-146.72464,65.24761,-146.72464,0.8513247418700259,1.2499951755737548,0.3986704337037289,46.829419385604446
65.24789_-148.03143,65.24789,-148.03143,0.7554429099868621,1.1327895864694613,0.3773466764825991,49.95038956539569
65.13356_-148.67030,65.13356,-148.6703,0.8991642659804957,1.3355714854842526,0.43640721950375694,48.53476011169946
65.13391_-145.54623,65.13391,-145.54623,0.7150677975433557,0.9859722602624741,0.2709044627191184,37.8851437094247
65.13459_-147.28445,65.13459,-147.28445,0.8114029637427054,1.1763537220643974,0.364950758321692,44.97774529172379
65.13510_-146.67670,65.1351,-146.6767,0.8287243613011077,1.215662504513321,0.3869381432122132,46.690813167929015
65.13583_-147.97739,65.13583,-147.97739,0.7956590392166127,1.1421484857249504,0.3464894465083377,43.54747818229817
65.13652_-144.58530,65.13652,-144.5853,0.6373573668310432,0.8885435599624397,0.25118619313139656,39.41057344018798
65.13752_-148.75574,65.13752,-148.75574,0.9698289971058291,1.4878780124540274,0.5180490153481982,53.41653187254288
65.13847_-146.15393,65.13847,-146.15393,0.7235740074010149,1.0269334815024527,0.3033594741014378,41.925148084169884
65.13918_-145.10814,65.13918,-145.10814,0.6645815031751477,0.9417932130521446,0.27721170987699684,41.712221684258765
65.13942_-147.36963,65.13942,-147.36963,0.9127286841753499,1.3608386637624894,0.4481099795871395,49.09563897315298
64.98351_-147.84962,64.98351,-147.84962,0.786348024283628,1.1203073215511934,0.33395929726756535,42.46965554110803
64.98434_-144.99854,64.98434,-144.99854,0.6276820740087318,0.8833087112189832,0.2556266372102515,40.7254958832384
64.98450_-146.03766,64.9845,-146.03766,0.8178512998766474,1.139665682225101,0.3218143823484536,39.34876454888454
64.98542_-145.51810,64.98542,-145.5181,0.8144367468566021,1.1576266919260079,0.3431899450694058,42.1383178489896
64.98592_-148.62308,64.98592,-148.62308,0.9929604202748604,1.556494978625984,0.5635345583511236,56.75297291256908
64.98655_-147.24567,64.98655,-147.24567,0.7601859575275602,1.0277181837754266,0.2675322262478663,35.19299766046613
64.98687_-146.64163,64.98687,-146.64163,0.7871823224437142,1.1039032255613384,0.31672090311762413,40.234758084302705
64.98787_-144.56305,64.98787,-144.56305,0.6263404851257134,0.816593383447916,0.1902528983222026,30.37531547781344
64.98798_-147.93439,64.98798,-147.93439,0.7893514654536733,1.1564702634660171,0.3671187980123438,46.508914479729924
64.98991_-148.70798,64.98991,-148.70798,0.9761422041193986,1.487540131562799,0.5113979274434004,52.38969540352421
65.22861_-145.85834,65.22861,-145.85834,0.6676070436689079,0.9042707869277837,0.23666374325887585,35.449557565819596
65.22885_-145.33350,65.22885,-145.3335,0.8143600633988219,1.14658682566556,0.3322267622667381,40.79605290074674
65.22910_-148.38449,65.2291,-148.38449,0.818284121138314,1.1539573599825705,0.3356732388442566,41.02159997646074
65.22991_-147.68881,65.22991,-147.68881,0.7806852330750798,1.1637977189250859,0.3831124858500061,49.07387377380578
65.23176_-146.46846,65.23176,-146.46846,0.6937170866841865,0.9599956356807597,0.2662785489965732,38.38431460140696
65.23220_-147.07866,65.2322,-147.07866,0.8997609799992841,1.3175201147251279,0.4177591347258438,46.430012415761375
65.23323_-148.47021,65.23323,-148.47021,0.8588275342344388,1.2173070781912472,0.35847954395680837,41.740574174343166
65.23343_-144.89362,65.23343,-144.89362,0.8087932176561106,1.229310267464427,0.4205170498083164,51.993147398908505
65.23432_-145.94354,65.23432,-145.94354,0.6768203764595138,0.9253709033429794,0.24855052688346568,36.72326299980029
65.23448_-147.77441,65.23448,-147.77441,0.7214879004023989,1.0055883071893224,0.2841004067869235,39.377016111908574
65.32836_-148.18240,65.32836,-148.1824,0.8237311980002744,1.1977400133262135,0.3740088153259391,45.40423092313356
65.32954_-146.87120,65.32954,-146.8712,0.7237588991364472,1.2011960390700802,0.477437139933633,65.96632393788691
65.32964_-145.20444,65.32964,-145.20444,0.7061303194381114,0.9666188942503363,0.26048857481222487,36.88958930690064
65.32991_-145.73149,65.32991,-145.73149,0.6358012949011331,0.825176802963498,0.18937550806236492,29.785329092765178
65.33262_-148.26845,65.33262,-148.26845,0.8435593718841108,1.2107928000635133,0.3672334281794025,43.53379743255979
65.33284_-147.56978,65.33284,-147.56978,0.7704750216401747,1.1243624794933353,0.35388745785316067,45.93107471541528
65.33363_-146.34418,65.33363,-146.34418,0.7529699709286878,1.0365506522898729,0.2835806813611851,37.66161896355923
65.33379_-144.76270,65.33379,-144.7627,0.8468180163907675,1.1979542177116111,0.35113620132084367,41.46536735453801
65.33462_-146.95700,65.33462,-146.957,0.7299817222350227,1.0309758495896548,0.30099412735463216,41.233104636245265
65.33572_-145.81703,65.33572,-145.81703,0.6419316034766728,0.846355689320485,0.20442408584381222,31.845150594963783
65.20624_-147.26131,65.20624,-147.26131,0.7984023460067164,1.0961986097420584,0.29779626373534196,37.29902163048464
65.20662_-146.65175,65.20662,-146.65175,0.7598768355674193,1.1285748798493571,0.36869804428193786,48.52076376385677
65.20760_-147.95631,65.2076,-147.95631,0.679176676461187,0.9482638048600887,0.2690871283989017,39.61960675695837
65.20763_-144.55414,65.20763,-144.55414,0.7435795555657871,1.0575639102949597,0.3139843547291725,42.226060732703026
65.20937_-148.73698,65.20937,-148.73698,1.0082549323195433,1.5611028717941529,0.5528479394746095,54.83215819264616
65.20988_-146.12741,65.20988,-146.12741,0.7625604845464427,1.058192336463068,0.29563185191662544,38.768315157644444
65.21041_-145.07852,65.21041,-145.07852,0.8057516425162828,1.210839391626041,0.4050877491097581,50.274517324557856
65.21108_-147.34674,65.21108,-147.34674,0.7353659777763838,1.0166729010968405,0.2813069233204567,38.25400301644073
65.21114_-145.60297,65.21114,-145.60297,0.7036225273842968,0.9477441970972318,0.24412166971293503,34.69497638463235
65.21185_-146.73706,65.21185,-146.73706,0.8510500249594801,1.2984513462526757,0.44740132129319554,52.57050798094942
64.27712_-146.37820,64.27712,-146.3782,1.1003385526687115,1.58814245963476,0.4878039069660485,44.3321653851854
64.27798_-146.96503,64.27798,-146.96503,0.9033398960892649,1.2971754197097474,0.39383552362048246,43.59771170580127
64.27806_-144.86374,64.27806,-144.86374,0.754403395222155,1.0415437248592219,0.2871403296370668,38.06190845051942
64.27937_-145.87341,64.27937,-145.87341,1.0157747249324123,1.4236652948413575,0.40789056990894523,40.155613237579374
64.27968_-145.36856,64.27968,-145.36856,0.8239110975246982,1.1626043925591691,0.338693295034471,41.107990419356874
64.28043_-148.30331,64.28043,-148.30331,0.8792567838832004,1.2161344554852123,0.3368776716020119,38.31391213317751
64.28090_-147.63416,64.2809,-147.63416,0.8462519708927637,1.196234570655915,0.34998259976315127,41.35678400771498
64.28250_-146.46028,64.2825,-146.46028,1.02393747530245,1.4599936011306862,0.4360561258282363,42.58620632079457
64.28299_-147.04723,64.28299,-147.04723,0.8920404532373026,1.2444705094028015,0.35243005616549883,39.508304235138155
64.28437_-144.94547,64.28437,-144.94547,0.7471340824807998,1.0336353342229068,0.28650125174210694,38.34669819783915
64.61398_-146.51422,64.61398,-146.51422,0.694024512148143,0.9185076819786953,0.22448316983055228,32.34513564019987
64.61421_-147.10910,64.61421,-147.1091,0.9161834751479547,1.2788310934614822,0.36264761831352743,39.582422969914774
64.61511_-148.46568,64.61511,-148.46568,0.9615305974738595,1.4718174994174116,0.5102869019435521,53.07027184409749
64.61636_-144.97894,64.61636,-144.97894,0.8688788773911766,1.317495644938867,0.4486167675476904,51.63168068887458
64.61639_-147.78738,64.61639,-147.78738,0.9539635694488362,1.3451657815006794,0.39120221205184325,41.00808716184676
64.61674_-146.00253,64.61674,-146.00253,0.8971790985292387,1.258320497860696,0.3611413993314574,40.25298849733379
64.61753_-145.49072,64.61753,-145.49072,0.840577565768563,1.1913644626245783,0.3507868968560153,41.731651086272
64.61914_-147.19246,64.61914,-147.19246,0.9605760136407994,1.361780482309368,0.4012044686685686,41.76707131671063
64.61919_-148.54929,64.61919,-148.54929,0.9713234831001248,1.496305592986566,0.5249821098864412,54.04812289834504
64.61928_-146.59746,64.61928,-146.59746,0.7277843839307954,1.0300599960549244,0.302275612124129,41.53367656661238
64.81751_-148.15492,64.81751,-148.15492,0.8695781585144697,1.285612152813475,0.4160339942990052,47.84319732796997
64.81855_-146.87117,64.81855,-146.87117,0.8991988527781997,1.3049345516267228,0.4057356988485231,45.121910197610504
64.81887_-145.23930,64.81887,-145.2393,0.7519372111153031,1.0394107737644327,0.2874735626491296,38.231059508644
64.81904_-145.75534,64.81904,-145.75534,0.7492112044850244,1.0733360947530048,0.3241248902679804,43.262152024377414
64.82179_-148.23917,64.82179,-148.23917,0.881751867977324,1.3165318415057836,0.43477997352845965,49.30865352469442
64.82189_-147.55511,64.82189,-147.55511,0.9626246187175311,1.4062827966855393,0.4436581779680082,46.08838890481291
64.82267_-146.35519,64.82267,-146.35519,0.8552192356010312,1.2559797489811917,0.4007605133801605,46.86055887161073
64.82317_-144.80681,64.82317,-144.80681,0.6211104862484884,0.8202885294596913,0.19917804321120292,32.06805353009569
64.82363_-146.95517,64.82363,-146.95517,0.8883878346252208,1.2611325193619078,0.3727446847366871,41.95742784950841
64.82481_-145.83908,64.82481,-145.83908,0.8285047350190788,1.2186792649435607,0.39017452992448187,47.09382015969974
64.64095_-145.82298,64.64095,-145.82298,0.8465461380543899,1.1760765985752615,0.32953046052087154,38.92646197385398
64.64106_-145.31070,64.64106,-145.3107,0.8968461273860153,1.2639892803021269,0.36714315291611155,40.9371397952291
64.64262_-148.28874,64.64262,-148.28874,0.9875214779590558,1.499171293365248,0.5116498154061921,51.81151264311094
64.64299_-147.60970,64.64299,-147.6097,0.9435689407596459,1.3152115810342822,0.3716426402746362,39.38690902388491
64.64429_-146.41849,64.64429,-146.41849,0.7351770338858873,0.9805700983491283,0.24539306446324105,33.378771799518766
64.64498_-147.01410,64.64498,-147.0141,0.8762751573971632,1.2022313490292431,0.3259561916320799,37.197926801928425
64.64556_-144.88135,64.64556,-144.88135,0.8644440017975634,1.3002768592046778,0.4358328574071144,50.4177085503311
64.64668_-145.90614,64.64668,-145.90614,0.932545931562139,1.3331843556156788,0.4006384240535398,42.96178992303542
64.64680_-148.37241,64.6468,-148.37241,1.0338921167036448,1.5902693659487763,0.5563772492451315,53.81385932402962
64.64710_-145.39374,64.6471,-145.39374,0.8210104246368857,1.1027754629344833,0.2817650382975976,34.3193009299749
64.24978_-147.72699,64.24978,-147.72699,0.8847960937243355,1.260546770036468,0.37575067631213255,42.46748815656507
64.25017_-145.46417,64.25017,-145.46417,1.0881509744745281,1.6611220018180402,0.572971027343512,52.65547160128232
64.25217_-146.55457,64.25217,-146.55457,1.0155435922471492,1.4675187495541984,0.4519751573070492,44.50573670667735
64.25227_-147.14081,64.25227,-147.14081,0.9441107658914087,1.3486179885992278,0.404507222707819,42.845314058662616
64.25230_-144.53729,64.2523,-144.53729,0.7855038928857163,1.0581787412409533,0.27267484835523703,34.713366900513726
64.25295_-148.47766,64.25295,-148.47766,1.0210230997050123,1.4988500996085867,0.47782699990357447,46.79884324278514
64.25430_-147.80923,64.2543,-147.80923,0.8841085192975002,1.2504641930723657,0.36635567377486544,41.437862635456376
64.25512_-146.05029,64.25512,-146.05029,0.9827314883106515,1.3414051752266754,0.35867368691602386,36.49762841451189
64.25517_-145.04156,64.25517,-145.04156,1.0191330704981518,1.5740295631965437,0.5548964926983919,54.447893877799366
64.25611_-145.54593,64.25611,-145.54593,1.1420388911229442,1.7581667032489072,0.616127812125963,53.94981002092991
65.16274_-147.79607,65.16274,-147.79607,0.8227541863095976,1.1872031887451464,0.3644490024355488,44.2962197579641
65.16294_-145.97064,65.16294,-145.97064,0.7166672053862544,0.9883361911200241,0.27166898573376974,37.90727183998202
65.16359_-145.44722,65.16359,-145.44722,0.8053693860253877,1.1421913129267063,0.3368219269013186,41.8220424994775
65.16546_-148.57529,65.16546,-148.57529,0.8710405465219013,1.2585951209280923,0.387554574406191,44.49328747711131
65.16554_-147.18762,65.16554,-147.18762,0.8321209790074665,1.2037303731179745,0.371609394110508,44.658097017786346
65.16560_-146.57910,65.1656,-146.5791,0.7404958176250396,1.0660765711219873,0.3255807534969477,43.96793955449591
65.16725_-147.88145,65.16725,-147.88145,0.7937482779196867,1.1086670250755808,0.3149187471558941,39.67488886794893
65.16853_-145.00858,65.16853,-145.00858,0.7128496935057979,1.0362584994502952,0.3234088059444974,45.36844286962817
65.16858_-146.05563,65.16858,-146.05563,0.7092067961677453,0.9848115687657932,0.27560477259804794,38.86098865483241
65.16947_-148.66083,65.16947,-148.66083,0.8782136318344198,1.2700904044752386,0.39187677264081877,44.62203254830643
64.66907_-146.23917,64.66907,-146.23917,0.7366512468131576,1.0413067289836686,0.30465548217051097,41.35681348378726
64.66939_-147.43161,64.66939,-147.43161,0.9487257807735924,1.3151438847359276,0.3664181039623352,38.622129954511976
64.66989_-148.11142,64.66989,-148.11142,0.9810972520457868,1.4460917935689135,0.4649945415231267,47.39535663294528
64.67051_-145.21338,64.67051,-145.21338,0.8786401113303077,1.2792211514681413,0.4005810401378336,45.59102583324277
64.67056_-146.83539,64.67056,-146.83539,0.8577677121686074,1.214357820164353,0.35659010799574564,41.57187347308923
64.67077_-145.72629,64.67077,-145.72629,0.9500390846021909,1.3965124071550798,0.44647332255288896,46.995258383484334
64.67412_-147.51521,64.67412,-147.51521,0.9475043081137452,1.3241426444738522,0.376638336360107,39.75056716205375
64.67419_-148.19513,64.67419,-148.19513,1.011193834426782,1.5394768800224798,0.5282830455956979,52.24349947655359
64.67454_-146.32253,64.67454,-146.32253,0.7997947706803079,1.1258481873611537,0.32605341668084575,40.76713534942267
64.67472_-144.78349,64.67472,-144.78349,0.8961988570932993,1.3216372883964378,0.4254384313031385,47.471432030497226
64.94768_-147.86023,64.94768,-147.86023,0.8391374991516984,1.2052015002156593,0.36606400106396086,43.62384012560785
64.94878_-145.01335,64.94878,-145.01335,0.6940434639079747,0.9943402590040966,0.30029679509612195,43.26772179442918
64.94883_-146.05096,64.94883,-146.05096,0.8068784724763247,1.0846445510169258,0.2777660785406011,34.42477250485218
64.94980_-145.53215,64.9498,-145.53215,0.8197876825753383,1.203252562665082,0.3834648800897438,46.77612121288532
64.95004_-148.63254,64.95004,-148.63254,1.0350786177388405,1.6408459533891446,0.6057673356503042,58.52379957124616
64.95074_-147.25719,64.95074,-147.25719,0.8728103123414294,1.2345322160560195,0.3617219037145901,41.44335815009142
64.95115_-146.65405,64.95115,-146.65405,0.8339276301824138,1.1476501666517653,0.31372253646935155,37.61987552813518
64.95214_-147.94489,64.95214,-147.94489,0.8322963113812498,1.2172983926471193,0.38500208126586943,46.25781419443437
64.95233_-144.57852,64.95233,-144.57852,0.6408309356382365,0.8245686878629157,0.18373775222467925,28.671798130607627
64.95403_-148.71733,64.95403,-148.71733,1.0652869028403997,1.6827049059283936,0.6174180030879939,57.95790800034785
64.92506_-148.12447,64.92506,-148.12447,0.793603771113536,1.1113496101695814,0.3177458390560455,40.038347928992835
64.92562_-145.19597,64.92562,-145.19597,0.6985321799996744,0.9626259222115177,0.26409374221184323,37.80695432126925
64.92576_-146.83502,64.92576,-146.83502,0.8515858084879244,1.1950998392335779,0.34351403074565345,40.33815821280499
64.92594_-145.71426,64.92594,-145.71426,0.8229524207269265,1.2433942806999991,0.4204418599730726,51.08944932705707
64.92930_-147.52200,64.9293,-147.522,1.0181829240033542,1.5355880339983594,0.5174051099950052,50.81651811254504
64.92935_-148.20908,64.92935,-148.20908,0.8090271808716791,1.1124280616612228,0.30340088078954364,37.50193911441233
64.92976_-144.76157,64.92976,-144.76157,0.5273649999305592,0.7041694928285798,0.17680449289802058,33.52601953510403
64.92976_-146.31677,64.92976,-146.31677,0.8844426365175954,1.2723550305685722,0.3879123940509769,43.85953119337883
64.93086_-146.91939,64.93086,-146.91939,0.8178899961025191,1.1473782522960478,0.32948825619352873,40.28515543210395
64.93175_-145.27994,64.93175,-145.27994,0.6237324426544324,0.8415898244395048,0.2178573817850724,34.928018311494554
65.01937_-147.83897,65.01937,-147.83897,0.8135361549036327,1.1614596652249927,0.34792351032135993,42.766815982821704
65.01994_-144.98367,65.01994,-144.98367,0.6746936505728782,0.9626548356269999,0.2879611850541217,42.68028679529082
65.02018_-146.02434,65.02018,-146.02434,0.8138990027967519,1.1905031108800181,0.3766041080832663,46.27160210163231
65.02104_-145.50400,65.02104,-145.504,0.7922688196034788,1.1049986561814893,0.31272983657801046,39.472692707322246
65.02182_-148.61357,65.02182,-148.61357,0.9745936670821527,1.5172281443855546,0.542634477303402,55.678022095916305
65.02234_-147.23413,65.02234,-147.23413,0.7625167223328858,1.0375673951672693,0.27505067283438345,36.071428308205256
65.02261_-146.62921,65.02261,-146.62921,0.7251211151177912,1.0615088593795905,0.3363877442617993,46.39055976285496
65.02339_-144.54756,65.02339,-144.54756,0.6367236127458141,0.8374810959474039,0.20075748320158981,31.52976883264011
65.02384_-147.92386,65.02384,-147.92386,0.8334530921679809,1.1649737425553695,0.33152065038738854,39.776761704133335
65.02579_-146.10886,65.02579,-146.10886,0.7989036422281379,1.1459784275696763,0.34707478534153835,43.44388571987839
64.77478_-144.65511,64.77478,-144.65511,0.839667167020021,1.1766688667423293,0.3370016997223083,40.13515270798636
64.77605_-146.20047,64.77605,-146.20047,0.8520360762954875,1.2019819890917631,0.3499459127962756,41.07172484031226
64.77666_-147.39815,64.77666,-147.39815,0.9283292751579827,1.3124539841667828,0.38412470900880014,41.37806695188299
64.77718_-145.17020,64.77718,-145.1702,0.7856837852264974,1.1466526522934402,0.36096886706694276,45.94327563510585
64.77737_-148.08093,64.77737,-148.08093,0.9579210079200502,1.4418812339920748,0.4839602260720246,50.52193469718923
64.77760_-145.68535,64.7776,-145.68535,0.7002372500799836,0.9923483925849697,0.29211114250498604,41.716024457656324
64.77768_-146.79930,64.77768,-146.7993,0.8844658522003812,1.2775243145511022,0.39305846235072095,44.440207767531895
64.78123_-144.73843,64.78123,-144.73843,0.7013270430957261,0.9437369481869691,0.24240990509124294,34.564459973085015
64.78142_-147.48212,64.78142,-147.48212,0.9966831573733089,1.460162444201592,0.463479286828283,46.502169059398106
64.78156_-146.28418,64.78156,-146.28418,0.8195541018442667,1.152809560592752,0.3332554587484853,40.66302126955996
65.07436_-145.74353,65.07436,-145.74353,0.611918450349975,0.8179751523675816,0.2060567020176065,33.67388283516477
65.07710_-148.25366,65.0771,-148.25366,0.7523842632604889,1.0503520948773883,0.29796783161689944,39.60314511705006
65.07726_-147.56238,65.07726,-147.56238,0.9223824926823923,1.381572660855253,0.45919016817286074,49.78305332286652
65.07801_-146.34975,65.07801,-146.34975,0.657850487513703,0.8824792367720016,0.22462874925829857,34.14586650338533
65.07836_-144.78497,65.07836,-144.78497,0.6091566342989557,0.8482739696749086,0.23911733537595292,39.25383422133121
65.07899_-146.95607,65.07899,-146.95607,0.8392950604090008,1.17879281609145,0.3394977556824492,40.45034597451425
65.08015_-145.82817,65.08015,-145.82817,0.6312355556294552,0.8832343847577973,0.25199882912834204,39.92152008564441
65.08026_-145.30655,65.08026,-145.30655,0.67883959188783,0.9267129927116285,0.2478734008237985,36.51428169274437
65.08131_-148.33882,65.08131,-148.33882,0.8068611124898033,1.1756321287223555,0.36877101623255215,45.704398256919646
65.08190_-147.64740,65.0819,-147.6474,0.9869972824829107,1.484763162382337,0.4977658798994262,50.43234553262762
64.99676_-148.10400,64.99676,-148.104,0.7392854644712279,1.0050369034980768,0.26575143902684895,35.94706670134885
64.99679_-145.16687,64.99679,-145.16687,0.7175824658345028,1.029148163289595,0.3115656974550921,43.41880024796328
64.99721_-145.68668,64.99721,-145.68668,0.8841811264718391,1.2994963172413914,0.41531519076955226,46.971732186457146
64.99727_-146.81076,64.99727,-146.81076,0.8286035545797334,1.2119588564511046,0.3833553018713711,46.265225360493226
65.00085_-144.73117,65.00085,-144.73117,0.508275163377275,0.7029895196062349,0.19471435622895994,38.308847305299125
65.00093_-147.49976,65.00093,-147.49976,0.8944267027545315,1.3569592529513463,0.46253255019681483,51.712739431008835
65.00107_-148.18886,65.00107,-148.18886,0.7344880509456697,0.9823532728282217,0.247865221882552,33.74666498160453
65.00114_-146.29095,65.00114,-146.29095,0.7981617891301438,1.0972254304378735,0.29906364130772967,37.46905018262732
65.00239_-146.89536,65.00239,-146.89536,0.8768489821672494,1.2772411147606155,0.40039213259336615,45.66261017989021
65.00293_-145.25108,65.00293,-145.25108,0.7361541239377365,1.0587829530199064,0.32262882908216994,43.826261185145206
65.34441_-146.51561,65.34441,-146.51561,0.7100860481684935,0.9849796654872389,0.2748936173187454,38.71271911731984
65.34464_-147.12869,65.34464,-147.12869,0.7191908651008949,1.0126383525772835,0.2934474874763886,40.802449212869384
65.34510_-148.52676,65.3451,-148.52676,0.8170252342061937,1.1621972210483338,0.3451719868421401,42.24740832852032
65.34655_-144.93335,65.34655,-144.93335,0.8190980523882596,1.1750119810479236,0.355913928659664,43.45193199054973
65.34663_-147.82773,65.34663,-147.82773,0.7120794308420975,1.0102142185958058,0.2981347877537084,41.86819262580544
65.34715_-145.98824,65.34715,-145.98824,0.638594355210546,0.8669794023458136,0.22838504713526764,35.76371217061081
65.34786_-145.46078,65.34786,-145.46078,0.6719402304621599,0.9030613585227207,0.23112112806056084,34.39608429184184
65.34914_-148.61295,65.34914,-148.61295,0.8348818499961392,1.183525236242262,0.3486433862461227,41.75960781130107
65.34956_-147.21460,65.34956,-147.2146,0.712702429644594,1.0202424735142026,0.30754004386960865,43.15125514907685
65.34972_-146.60138,65.34972,-146.60138,0.6882952403498817,0.9526876661950656,0.26439242584518396,38.41264770489843
65.21201_-148.04189,65.21201,-148.04189,0.6680435762744982,0.9709242288993032,0.302880652624805,45.33845745720512
65.21415_-144.63895,65.21415,-144.63895,0.7417251003526919,1.0497892518696639,0.308064151516972,41.533467233411244
65.21543_-146.21262,65.21543,-146.21262,0.7272599003300249,0.985686795520294,0.2584268951902692,35.53432480919092
65.21587_-147.43222,65.21587,-147.43222,0.7479354342477835,1.0591169509606186,0.3111815167128351,41.60539833572637
65.21635_-148.12749,65.21635,-148.12749,0.7892834360933213,1.2085642286728087,0.41928079257948736,53.121701711463956
65.21661_-145.16347,65.21661,-145.16347,0.8641272653794236,1.2878741939166227,0.4237469285371991,49.037560266211365
65.21701_-145.68805,65.21701,-145.68805,0.679622610807231,0.9191558745296835,0.23953326372245254,35.245040396455266
65.21701_-146.82240,65.21701,-146.8224,0.8299208505324562,1.1999269444846417,0.3700060939521854,44.58329896336487
65.22060_-147.51770,65.2206,-147.5177,0.7312819491604254,1.0680452340875086,0.3367632849270832,46.051086768067556
65.22063_-144.72379,65.22063,-144.72379,0.6967587811265022,0.989619766886026,0.2928609857595238,42.031904540339404
65.37276_-148.34448,65.37276,-148.34448,0.7841490462049288,1.1016133900586293,0.3174643438537006,40.48520436135744
65.37338_-147.64462,65.37338,-147.64462,0.7652246977949773,1.0970507205823623,0.33182602278738504,43.363213934881315
65.37481_-146.41695,65.37481,-146.41695,0.6177026418283256,0.8230963487240053,0.2053937068956797,33.251226882847554
65.37547_-147.03081,65.37547,-147.03081,0.7433367269679829,1.058864489344791,0.315527762376808,42.44748724630129
65.37583_-144.83269,65.37583,-144.83269,0.8240679225961434,1.1686515035338152,0.34458358093767183,41.81494892460998
65.37691_-148.43073,65.37691,-148.43073,0.7807802493583917,1.1067759900427694,0.32599574068437764,41.752559821059194
65.37716_-145.88889,65.37716,-145.88889,0.5982326131357589,0.7922464972468335,0.19401388411107456,32.43117808206928
65.37749_-145.36078,65.37749,-145.36078,0.5988670927692469,0.8028186572649532,0.20395156449570628,34.056231667798805
65.37798_-147.73074,65.37798,-147.73074,0.7573022946292017,1.0669158972304311,0.3096136026012294,40.88375339636672
65.38018_-146.50281,65.38018,-146.50281,0.5610935889150348,0.7673823000316786,0.20628871111664382,36.76547285374199
64.61981_-144.54999,64.61981,-144.54999,0.6445782991393387,0.8923315788225092,0.2477532796831705,38.43649096067592
64.62090_-147.87088,64.6209,-147.87088,0.950823407667696,1.3535807738962928,0.4027573662285968,42.35879796191942
64.62235_-146.08563,64.62235,-146.08563,0.8878392927098553,1.24501332936914,0.3571740366592848,40.22958204171403
64.62261_-145.06183,64.62261,-145.06183,0.8957400771944419,1.2883742882787494,0.3926342110843075,43.83349825253792
64.62322_-148.63290,64.62322,-148.6329,0.9948308284073992,1.544101015745044,0.5492701873376449,55.21242121305774
64.62346_-145.57373,64.62346,-145.57373,0.8959775842223996,1.3724297598925899,0.47645217567019027,53.17679639091566
64.62402_-147.27585,64.62402,-147.27585,0.9514094884528888,1.3257723037797988,0.37436281532691007,39.34823226702006
64.62452_-146.68073,64.62452,-146.68073,0.8274952789539556,1.2012819941778987,0.37378671522394313,45.17085773546048
64.62534_-147.95438,64.62534,-147.95438,0.9460756397105171,1.3483268353353057,0.4022511956247886,42.51786841778006
64.62632_-144.63275,64.62632,-144.63275,0.6405223754681054,0.8872313134766552,0.24670893800854976,38.51683367474093
64.96739_-145.78473,64.96739,-145.78473,0.8580193719112574,1.237103105337098,0.37908373342584056,44.18125578929797
64.96946_-148.28374,64.96946,-148.28374,0.6990392042205044,0.9719365122078011,0.2728973079872967,39.03891317391896
64.96978_-147.59552,64.96978,-147.59552,0.9716678664395012,1.4828007718570904,0.5111329054175892,52.60366459277305
64.97089_-146.38826,64.97089,-146.38826,0.8301367332609835,1.1708223815166665,0.34068564825568304,41.039702811051995
64.97169_-144.83040,64.97169,-144.8304,0.5204062136376801,0.7165954143637611,0.19618920072608093,37.699242550296056
64.97169_-146.99191,64.97169,-146.99191,0.7711469847518697,1.0479024714997194,0.27675548674784967,35.88881137062355
64.97314_-145.86900,64.97314,-145.869,0.888034769735842,1.2875440963775349,0.3995093266416929,44.98802752515337
64.97341_-145.34969,64.97341,-145.34969,0.6815137563109896,0.9590619889072959,0.27754823259630623,40.72525756466974
64.97366_-148.36853,64.97366,-148.36853,0.7157362660625468,1.0455565173004318,0.32982025123788494,46.08125462921039
64.97441_-147.68019,64.97441,-147.68019,0.8904177959850506,1.31004079724972,0.41962300126466934,47.12652904701317
65.19863_-147.78526,65.19863,-147.78526,0.7671267618165243,1.0773316199936387,0.3102048581771144,40.43723588035988
65.19923_-145.43292,65.19923,-145.43292,0.7739176896470203,1.0588044477823892,0.2848867581353689,36.81098932695338
65.20135_-146.56647,65.20135,-146.56647,0.6929651614705168,0.9859500788347932,0.29298491736427645,42.27989135017171
65.20135_-147.17590,65.20135,-147.1759,0.8778203186324344,1.2597968435594522,0.38197652492701784,43.51420408245997
65.20137_-148.56564,65.20137,-148.56564,0.8603247173051009,1.231923384931024,0.3715986676259232,43.1928387213989
65.20314_-147.87076,65.20314,-147.87076,0.7323648602497392,1.0063330662385872,0.27396820598884797,37.40870443939975
65.20415_-144.99361,65.20415,-144.99361,0.8194529085470291,1.2490723019418466,0.4296193933948175,52.4275878349831
65.20428_-146.04224,65.20428,-146.04224,0.7484915952711126,1.0602483815502848,0.31175678627917214,41.65134094341435
65.20521_-145.51791,65.20521,-145.51791,0.721031383473177,0.9749411740545252,0.2539097905813482,35.214804293022
65.20539_-148.65131,65.20539,-148.65131,0.8736948725549037,1.2721412477177978,0.39844637516289405,45.604751461770235
65.30621_-147.75266,65.30621,-147.75266,0.7296208422899154,1.0432790905955165,0.3136582483056011,42.98921167344733
65.30865_-146.52838,65.30865,-146.52838,0.8367185011488322,1.215674960102978,0.37895645895414576,45.29079474564391
65.30878_-147.14055,65.30878,-147.14055,0.6964758248440052,1.0072208128080795,0.31074498796407435,44.6167658487894
65.30917_-148.53653,65.30917,-148.53653,0.8083478475489067,1.1382251731033184,0.32987732555441174,40.80883329555146
65.31076_-147.83853,65.31076,-147.83853,0.7082604167496563,1.0102781796520062,0.30201776290234983,42.64219145386772
65.31094_-144.94847,65.31094,-144.94847,0.8583909250191153,1.2500195910505334,0.3916286660314181,45.623579492373715
65.31143_-146.00180,65.31143,-146.0018,0.6484599893205043,0.8653958211734696,0.21693583185296528,33.45400416767175
65.31219_-145.47513,65.31219,-145.47513,0.704706287608339,0.943391183311609,0.23868489570327,33.87012431992463
65.31321_-148.62257,65.31321,-148.62257,0.8370688338710628,1.2009288829659508,0.363860049094888,43.46835461693164
65.31370_-147.22632,65.3137,-147.22632,0.7153525003332235,1.0388284321728445,0.323475931839621,45.21909571699831
65.16956_-145.53210,65.16956,-145.5321,0.7308613661021823,0.9967213803452041,0.26586001424302175,36.37625773830432
65.17043_-147.27289,65.17043,-147.27289,0.8083648778222454,1.1182085055178286,0.30984362769558316,38.3296746551272
65.17087_-146.66425,65.17087,-146.66425,0.743604740228822,1.085889968846504,0.34228522861768207,46.0305334407032
65.17170_-147.96687,65.1717,-147.96687,0.767490670597841,1.085871453443175,0.318380782845334,41.48334240953438
65.17208_-144.56975,65.17208,-144.56975,0.7046728744625901,1.002488785394933,0.29781591093234283,42.26300198648464
65.17345_-148.74637,65.17345,-148.74637,0.9743146361116342,1.4897027209930076,0.5153880848813734,52.897500025066
65.17417_-146.14069,65.17417,-146.14069,0.7607919826355413,1.0889705670767338,0.3281785844411925,43.1364409630493
65.17477_-145.09335,65.17477,-145.09335,0.7903934561789546,1.1847175005120745,0.39432404433311985,49.88958869161489
65.17526_-147.35822,65.17526,-147.35822,0.8703785474262018,1.2772144613076712,0.40683591388146945,46.74241053901487
65.17548_-145.61702,65.17548,-145.61702,0.7316990497478706,1.0027287558218554,0.2710297060739848,37.04114501274485
65.17607_-146.74942,65.17607,-146.74942,0.8005849509071544,1.1786635795928688,0.3780786286857144,47.2252979845934
65.17611_-148.05231,65.17611,-148.05231,0.730283769562522,1.0400516065992553,0.3097678370367334,42.41746153311068
65.17860_-144.65442,65.1786,-144.65442,0.7632716733846078,1.1163635851834899,0.3530919117988821,46.260319111955475
65.17971_-146.22577,65.17971,-146.22577,0.7391780875165517,1.002428720122892,0.2632506326063404,35.613965978184616
65.18004_-147.44354,65.18004,-147.44354,0.8943767270338474,1.337190610701286,0.4428138836674387,49.51089068876012
65.18045_-148.13779,65.18045,-148.13779,0.7958997607117393,1.1916695094063434,0.39576974869460413,49.72607961845397
65.18096_-145.17818,65.18096,-145.17818,0.8181793199126732,1.2377706566678413,0.419591336755168,51.28354219463189
65.18124_-146.83466,65.18124,-146.83466,0.7977114059470454,1.1652516969829285,0.36754029103588315,46.074343214328024
65.18134_-145.70200,65.18134,-145.702,0.7413497938831817,1.0191632714310768,0.2778134775478951,37.474007525207675
65.18475_-148.22330,65.18475,-148.2233,0.8149393780895118,1.2231991185777633,0.40825974048825153,50.09694603853207
65.35112_-147.91377,65.35112,-147.91377,0.714807408200166,1.052066321570059,0.337258913369893,47.1817876397066
65.35279_-146.07390,65.35279,-146.0739,0.6658802544590555,0.9121285836201554,0.24624832916109984,36.980872688760805
65.35284_-145.01874,65.35284,-145.01874,0.7690798836954665,1.0764173678832074,0.3073374841877409,39.961711481903436
65.35314_-148.69913,65.35314,-148.69913,0.8488655952074028,1.1979892701059907,0.34912367489858787,41.128263045374894
65.35383_-145.54633,65.35383,-145.54633,0.6497086361499497,0.877911247638735,0.2282026114887853,35.12383840871667
65.35444_-147.30054,65.35444,-147.30054,0.7374852413655681,1.0511139189013905,0.31362867753582235,42.52677341109773
65.35497_-146.68719,65.35497,-146.68719,0.6785317665783029,0.9653931079693765,0.28686134139107355,42.276773987702406
65.35555_-147.99985,65.35555,-147.99985,0.785446341661763,1.1958964453080319,0.4104501036462689,52.25692474140025
65.35643_-144.57654,65.35643,-144.57654,0.8011148297249372,1.0946381012626496,0.2935232715377124,36.639350645711254
65.35709_-148.78537,65.35709,-148.78537,0.8214782793394555,1.1311128316135284,0.3096345522740729,37.69236023173342
64.94056_-146.48534,64.94056,-146.48534,0.9530847995190801,1.4021272259274697,0.44904242640838965,47.114635196676446
64.94091_-147.08821,64.94091,-147.08821,0.8318164924266577,1.1616171915152298,0.3298006990885721,39.64825199924142
64.94193_-148.46307,64.94193,-148.46307,0.7387224473346934,1.0692536024182875,0.3305311550835941,44.743618699573666
64.94250_-144.92938,64.9425,-144.92938,0.6148599275280622,0.857557265372959,0.24269733784489678,39.4719719043359
64.94316_-147.77563,64.94316,-147.77563,0.8792367042334523,1.2762540213416176,0.39701731710816524,45.15477063190828
64.94319_-145.96674,64.94319,-145.96674,0.8314356805035275,1.1424083608999518,0.31097268039642434,37.40189261640727
64.94383_-145.44803,64.94383,-145.44803,0.7529701198938066,1.1016452994381716,0.348675179544365,46.306642233497875
64.94585_-147.17268,64.94585,-147.17268,0.854715792534736,1.1979477290652643,0.3432319365305283,40.15743473191754
64.94588_-146.56967,64.94588,-146.56967,0.9082631550860089,1.3085917741695388,0.4003286190835299,44.076280848981526
64.94601_-148.54779,64.94601,-148.54779,0.8499487901848621,1.3293438457426094,0.4793950555577473,56.4028163924417
65.27054_-145.40419,65.27054,-145.40419,0.7628259461158404,1.0295292638319056,0.26670331771606515,34.962538843109094
65.27287_-146.54111,65.27287,-146.54111,0.8112600680456009,1.1723650193269943,0.3611049512813934,44.51161415491927
65.27296_-147.15237,65.27296,-147.15237,0.7553873788122425,1.0925751606368534,0.33718778182461095,44.63773042578484
65.27324_-148.54626,65.27324,-148.54626,0.8310354966238898,1.1828070390965726,0.35177154247268283,42.3293040913134
65.27488_-147.84930,65.27488,-147.8493,0.7205478499553457,1.0307053950206946,0.31015754506534887,43.04468399767901
65.27534_-144.96356,65.27534,-144.96356,0.8892670333085344,1.3080220315049873,0.4187549981964529,47.08990466434668
65.27572_-146.01532,65.27572,-146.01532,0.655530855704177,0.9288419849586663,0.2733111292544893,41.693099093084804
65.27654_-145.48944,65.27654,-145.48944,0.7119501914852473,0.9426131013250857,0.2306629098398384,32.398742580381494
65.27728_-148.63217,65.27728,-148.63217,0.8575540936522685,1.2628209124114265,0.40526681875915793,47.258455385963146
65.27788_-147.23802,65.27788,-147.23802,0.7347317035809007,1.0627615459800115,0.3280298423991108,44.64620769736415
65.04771_-146.44730,65.04771,-146.4473,0.6735522374321659,0.9282391432265813,0.25468690579441544,37.812494954419215
65.04824_-147.05286,65.04824,-147.05286,0.78267937943486,1.0506990466267208,0.26801966719186077,34.24386463143907
65.04919_-144.88446,65.04919,-144.88446,0.7158127433802135,1.0386716015819624,0.32285885820174887,45.103815374555026
65.04959_-148.43382,65.04959,-148.43382,0.8322183949494175,1.2265033341442417,0.3942849391948242,47.3775804028928
65.05018_-145.92638,65.05018,-145.92638,0.7534524919658148,1.106510436237523,0.35305794427170833,46.85868691608589
65.05067_-147.74332,65.05067,-147.74332,0.8441571775871042,1.2087971325438656,0.3646399549567614,43.195741816592694
65.05070_-145.40540,65.0507,-145.4054,0.736235899013749,1.0048033578160998,0.2685674588023508,36.4784519692832
65.05305_-146.53198,65.05305,-146.53198,0.6446794883251442,0.907946616426291,0.26326712810114683,40.836901571834716
65.05321_-147.13770,65.05321,-147.1377,0.778414278916105,1.0500385402950076,0.2716242613789026,34.89456305415196
65.05370_-148.51892,65.0537,-148.51892,0.9078185756958375,1.3584405426641153,0.45062196696827783,49.637887903194624
64.97627_-146.47269,64.97627,-146.47269,0.826956133061328,1.182054280173021,0.35509814711169296,42.940384975094986
64.97670_-147.07646,64.9767,-147.07646,0.7716622786867142,1.0322274460203666,0.2605651673336524,33.766736372951414
64.97781_-148.45335,64.97781,-148.45335,0.813246013397624,1.278100332426821,0.46485431902919694,57.160356321588715
64.97804_-144.91444,64.97804,-144.91444,0.584889297043465,0.8084181687761041,0.22352887173263902,38.2172956254366
64.97885_-145.95331,64.97885,-145.95331,0.8642521102415994,1.234241204350837,0.36998909410923764,42.81032001250285
64.97898_-147.76489,64.97898,-147.76489,0.8227428716689333,1.1912137857673457,0.36847091409841237,44.78567080757192
64.97945_-145.43387,64.97945,-145.43387,0.757212605592424,1.0891037736893239,0.3318911680968999,43.83064487380485
64.98160_-146.55714,64.9816,-146.55714,0.8096083493330868,1.142388353975173,0.3327800046420861,41.10382568512454
64.98164_-147.16104,64.98164,-147.16104,0.743248521661751,1.0018912077941091,0.2586426861323581,34.79895063283626
64.98189_-148.53819,64.98189,-148.53819,0.9521440714009052,1.531665114388891,0.5795210429879859,60.86484812485647
64.93175_-145.79837,64.93175,-145.79837,0.8249500237376376,1.211252117402107,0.3863020936644693,46.82733287457019
64.93360_-148.29370,64.9336,-148.2937,0.7649541344990204,1.0502505193535456,0.28529638485452524,37.29588114996855
64.93397_-147.60651,64.93397,-147.60651,1.0144440519798328,1.560598247780321,0.5461541958004883,53.837783831901845
64.93519_-146.40103,64.93519,-146.40103,0.9300406476467951,1.360524087588586,0.43048343994179095,46.2865188775359
64.93591_-147.00378,64.93591,-147.00378,0.8072732059980712,1.1362321157412767,0.3289589097432055,40.749390330191574
64.93615_-144.84544,64.93615,-144.84544,0.5288129191590784,0.7287584501533764,0.19994553099429802,37.81025836362936
64.93749_-145.88254,64.93749,-145.88254,0.8318687547221055,1.16623847191248,0.33436971719037456,40.19500856262768
64.93779_-148.37837,64.93779,-148.37837,0.7325687213915688,1.0393752420970226,0.3068065207054538,41.880920075682724
64.93781_-145.36398,64.93781,-145.36398,0.6553410178221948,0.9250324797936226,0.2696914619714278,41.1528432735153
64.93859_-147.69106,64.93859,-147.69106,0.9517546847180618,1.4027519046849426,0.4509972199668808,47.38586814526473
65.28519_-148.80408,65.28519,-148.80408,0.9497119163227894,1.431051085505434,0.4813391691826445,50.68265027634404
65.28527_-144.60783,65.28527,-144.60783,0.8401325603493082,1.2236727304147905,0.38354017006548236,45.65233966244744
65.28690_-146.18619,65.2869,-146.18619,0.6976717749116338,0.971629528176954,0.27395775326532024,39.26742676382736
65.28754_-147.40942,65.28754,-147.40942,0.7216008879352306,1.0641098652956598,0.3425089773604292,47.465154642544185
65.28784_-145.13391,65.28784,-145.13391,0.8428665016213626,1.2190976061101646,0.37623110448880204,44.63709303490801
65.28814_-148.10678,65.28814,-148.10678,0.9291577797901651,1.454384455915122,0.5252266761249569,56.52717843503077
65.28839_-145.66006,65.28839,-145.66006,0.6576756780655334,0.8565953381144427,0.19891966004890926,30.245859271245262
65.28857_-146.79779,65.28857,-146.79779,0.7751469305431001,1.1003648848357044,0.32521795429260425,41.95565272570235
65.29177_-144.69293,65.29177,-144.69293,0.8431670233569384,1.2509394978872985,0.40777247453036014,48.36200458918299
65.29229_-147.49518,65.29229,-147.49518,0.7544874176079259,1.1310810379424698,0.3765936203345439,49.91383706947955
65.27815_-146.62665,65.27815,-146.62665,0.8548860875822172,1.2318519861774009,0.3769658985951837,44.095453659950884
65.27872_-144.52280,65.27872,-144.5228,0.8166170402015157,1.1414572056531038,0.3248401654515881,39.77876403012943
65.27935_-147.93510,65.27935,-147.9351,0.7207928307765306,1.061615603043555,0.3408227722670245,47.28442871717335
65.28127_-148.71811,65.28127,-148.71811,0.9479204546684883,1.4304394095514072,0.48251895488291896,50.90289512231995
65.28135_-146.10074,65.28135,-146.10074,0.6404360540051109,0.8661261468107467,0.2256900928056358,35.24006673175753
65.28162_-145.04871,65.28162,-145.04871,0.8948566438370047,1.2961206652305952,0.4012640213935905,44.841151279051076
65.28249_-145.57474,65.28249,-145.57474,0.6778802882870547,0.892240885221909,0.21436059693485432,31.622190619604112
65.28273_-147.32370,65.28273,-147.3237,0.7234076269021852,1.0427340298040495,0.3193264029018643,44.14197349139114
65.28339_-146.71219,65.28339,-146.71219,0.8314650157678751,1.1948036176936023,0.3633386019257272,43.69860367368271
65.28377_-148.02094,65.28377,-148.02094,0.8663304114690165,1.3764340298982436,0.5101036184292271,58.880954850038826
65.31396_-146.61403,65.31396,-146.61403,0.8153753948660938,1.1641683922771937,0.3487929974110999,42.77698341245396
65.31524_-147.92445,65.31524,-147.92445,0.7205771851951428,1.059069161836619,0.33849197664147623,46.975117113901916
65.31707_-146.08734,65.31707,-146.08734,0.6469329867954292,0.8872219527067664,0.2402889659113372,37.142790801502365
65.31720_-148.70865,65.3172,-148.70865,0.8823676940936823,1.2886573109694544,0.40628961687577203,46.04538670163911
65.31723_-145.03375,65.31723,-145.03375,0.8572039171924835,1.247777453676461,0.3905735364839775,45.5636667834166
65.31815_-145.56055,65.31815,-145.56055,0.6694340714620164,0.8894606747461014,0.22002660328408497,32.86755375380819
65.31857_-147.31213,65.31857,-147.31213,0.7376067081474199,1.0784946677766587,0.3408879596292388,46.21540935892737
65.31919_-146.69971,65.31919,-146.69971,0.7530045244045154,1.0782827079392712,0.3252781835347558,43.197374383904204
65.31966_-148.01041,65.31966,-148.01041,0.8526018139239759,1.3334997556492634,0.48089794172528744,56.403579475397144
65.32084_-144.59221,65.32084,-144.59221,0.8296393399149318,1.1495554074431604,0.31991606752822865,38.560860380732635
65.25655_-148.20291,65.25655,-148.20291,0.8531120731383974,1.265875649828566,0.4127635766901685,48.38327690894222
65.25666_-146.28479,65.25666,-146.28479,0.7311003626941561,1.0210592676104995,0.28995890491634335,39.66061565717523
65.25792_-146.89563,65.25792,-146.89563,0.796383699055591,1.1319671911601255,0.3355834921045344,42.13841801414235
65.25838_-145.23383,65.25838,-145.23383,0.8741314126150787,1.2768482268830867,0.4027168142680081,46.07051164804019
65.25854_-145.75932,65.25854,-145.75932,0.6700807809068987,0.9932797267504154,0.3231989458435167,48.232833272145754
65.26081_-148.28871,65.26081,-148.28871,0.8320602962786876,1.193796986850304,0.3617366905716164,43.47481693207213
65.26113_-147.59213,65.26113,-147.59213,0.8018767811731835,1.2321542986734153,0.4302775175002318,53.65880738817697
65.26212_-146.37019,65.26212,-146.37019,0.7368532392378687,1.0123774204916929,0.27552418125382416,37.39200244797733
65.26263_-144.79340,65.26263,-144.7934,0.820372886259634,1.2323703890991136,0.41199750283947956,50.22076055169495
65.26299_-146.98117,65.26299,-146.98117,0.7880792269735603,1.1389556912636605,0.3508764642901002,44.52299366366524
65.19148_-144.82391,65.19148,-144.82391,0.6506590547996527,0.9048294949751385,0.25417044017548585,39.063536932372145
65.19292_-145.87204,65.19292,-145.87204,0.6923674815355827,0.9449685220638668,0.25260104052828414,36.48366615486436
65.19317_-148.39441,65.19317,-148.39441,0.8354257788102848,1.2117592996936553,0.37633352088337046,45.04691265564015
65.19319_-145.34796,65.19319,-145.34796,0.831311347349077,1.2076604351540512,0.3763490878049742,45.27173711811984
65.19406_-147.69978,65.19406,-147.69978,0.8307029634712433,1.2471853322341442,0.4164823687629009,50.13613614938288
65.19601_-146.48123,65.19601,-146.48123,0.6681444615389531,0.9253611437739054,0.2572166822349523,38.49716596355509
65.19640_-147.09055,65.1964,-147.09055,0.886660370660755,1.3054552073661052,0.4187948367053502,47.232835769264945
65.19730_-148.48001,65.1973,-148.48001,0.851516680651246,1.2208063812943466,0.3692897006431006,43.368463476330874
65.19784_-144.90875,65.19784,-144.90875,0.726967049752365,1.0667550281226115,0.33978797837024644,46.740492362892134
65.19863_-145.95712,65.19863,-145.95712,0.688196806487984,0.9413594576485897,0.25316265116060577,36.786374010154034
65.32114_-148.79474,65.32114,-148.79474,0.8464812316242686,1.200063253258484,0.3535820216342155,41.770804646872726
65.32263_-146.17291,65.32263,-146.17291,0.7003747076930213,0.9829832403730172,0.28260853267999586,40.351047742841246
65.32338_-147.39798,65.32338,-147.39798,0.7539692223896602,1.1107421837818796,0.35677296139221937,47.31930041672641
65.32346_-145.11908,65.32346,-145.11908,0.7959152437389297,1.116411759995153,0.32049651625622333,40.26766904860918
65.32404_-148.09639,65.32404,-148.09639,0.8760858113376057,1.3398670847295095,0.4637812733919039,52.9378820419205
65.32406_-145.64600,65.32406,-145.646,0.6493639083010033,0.8479959115843405,0.1986320032833372,30.58870392150963
65.32439_-146.78543,65.32439,-146.78543,0.7212031647527177,1.03817852863866,0.3169753638859423,43.95091139049911
65.32734_-144.67743,65.32734,-144.67743,0.8187735592211633,1.1567511542151152,0.33797759499395186,41.27851848506736
65.32813_-147.48386,65.32813,-147.48386,0.7671782853362614,1.132559017414915,0.3653807320786535,47.62657377854532
65.32816_-146.25853,65.32816,-146.25853,0.7434059068149352,1.0445698244898165,0.30116391767488127,40.511370021956736
65.15560_-147.01718,65.1556,-147.01718,0.7366758548558107,1.0323689387566757,0.295693083900865,40.138832018424296
65.15588_-144.83913,65.15588,-144.83913,0.6075484935759279,0.8283163383505545,0.22076784477462663,36.33748533803851
65.15724_-145.88568,65.15724,-145.88568,0.7582154371540449,1.082208596041352,0.32399315888730695,42.73101588427327
65.15726_-148.40431,65.15726,-148.40431,0.8353697988034445,1.2158293747360034,0.38045957593255886,45.543850936138256
65.15756_-145.36240,65.15756,-145.3624,0.8360993569149089,1.2312446134904722,0.3951452565755633,47.26056219366018
65.15819_-147.71072,65.15819,-147.71072,0.8772878379160085,1.3245677966872105,0.44727995877120197,50.98440209016377
65.16028_-146.49399,65.16028,-146.49399,0.7305685047136656,1.040565875468753,0.3099973707550874,42.43234806249768
65.16060_-147.10239,65.1606,-147.10239,0.8263073417657807,1.2158122509955311,0.38950490922975045,47.13801869379454
65.16138_-148.48978,65.16138,-148.48978,0.8736544586013821,1.2580392828418394,0.3843848242404573,43.99735163668851
65.16223_-144.92383,65.16223,-144.92383,0.6083617719300823,0.842847720237136,0.23448594830705372,38.543833476440504
65.14886_-148.23346,65.14886,-148.23346,0.8218073244321276,1.2143736559780876,0.39256633154596,47.768658160503136
65.14891_-147.54010,65.14891,-147.5401,0.8704462988304896,1.2852105197342119,0.4147642209037222,47.649604744254674
65.14948_-144.75449,65.14948,-144.75449,0.6613175167618397,0.9164654821757521,0.2551479654139124,38.581764273121294
65.14948_-146.32388,65.14948,-146.32388,0.7006922874337146,0.917882331169485,0.21719004373577044,30.996494128860608
65.15057_-146.93201,65.15057,-146.93201,0.7424214120620474,1.0266590078452946,0.28423759578324725,38.28520987747216
65.15148_-145.27759,65.15148,-145.27759,0.7450795351858797,1.088044835280832,0.3429653000949524,46.03069657649243
65.15148_-145.80075,65.15148,-145.80075,0.7906187093141333,1.1576450015416087,0.3670262922274754,46.42266719767776
65.15309_-148.31886,65.15309,-148.31886,0.7974172798562721,1.152954256245898,0.355536976389626,44.586063704778084
65.15357_-147.62540,65.15357,-147.6254,0.8174926686631874,1.1904171030078614,0.37292443434467404,45.618076912481946
65.15491_-146.40891,65.15491,-146.40891,0.6852160727322867,0.941233205489687,0.25601713275740035,37.3629783283595
65.24925_-148.81340,65.24925,-148.8134,1.0972032254049322,1.7310494611404983,0.6338462357355661,57.76926471407698
65.24971_-144.62341,65.24971,-144.62341,0.7899867376347586,1.1379629546605123,0.34797621702575376,44.04836188359362
65.25115_-146.19942,65.25115,-146.19942,0.710559176574392,0.9824288331924498,0.27186965661805773,38.261367326046255
65.25170_-147.42084,65.2517,-147.42084,0.6920806471029244,0.984134512509355,0.29205386540643063,42.1993978055851
65.25222_-145.14871,65.25222,-145.14871,0.8723636735825311,1.2672155860014702,0.39485191241893913,45.262305661743454
65.25225_-148.11716,65.25225,-148.11716,0.8872961938405024,1.4281860008409528,0.5408898070004504,60.95932911188381
65.25272_-145.67407,65.25272,-145.67407,0.669872997063726,0.9987429899033176,0.3288699928395915,49.094379722893294
65.25279_-146.81012,65.25279,-146.81012,0.8334939449594804,1.196906349103349,0.36341240414386855,43.60108508785095
65.25620_-144.70837,65.2562,-144.70837,0.7958812404573063,1.1653240520096126,0.3694428115523063,46.419339063706
65.25644_-147.50647,65.25644,-147.50647,0.7332915772141289,1.097437530787671,0.36414595357354207,49.659093993276244
65.40926_-147.63350,65.40926,-147.6335,0.7601418154956737,1.094148180435878,0.3340063649402042,43.940006737085646
65.41058_-146.40396,65.41058,-146.40396,0.5656383333142524,0.7649351559719328,0.19929682265768045,35.23396681585172
65.41129_-147.01875,65.41129,-147.01875,0.7143371927846294,0.9884809091543075,0.27414371636967816,38.3773544397165
65.41142_-144.81734,65.41142,-144.81734,0.747942672661784,1.0169081679314624,0.2689654952696784,35.96070997159207
65.41287_-145.87512,65.41287,-145.87512,0.5879016819159923,0.7832807105091898,0.19537902859319745,33.23328280954229
65.41287_-148.42078,65.41287,-148.42078,0.7302683088921477,1.0042366242840837,0.273968315391936,37.51611730318123
65.41318_-145.34622,65.41318,-145.34622,0.5537503749236469,0.752893221584787,0.19914284666114013,35.96256647024369
65.41386_-147.71974,65.41386,-147.71974,0.7912191489825983,1.1664615316660076,0.37524238268340937,47.42584695604508
65.41595_-146.48996,65.41595,-146.48996,0.49810946917064597,0.6965688086303008,0.19845933945965483,39.842514897396015
65.41628_-147.10487,65.41628,-147.10487,0.7306277049317355,1.012863226009559,0.28223552107782346,38.62918408003615
65.33577_-145.28984,65.33577,-145.28984,0.6810560382488133,0.9131850419894716,0.23212900374065826,34.083686320075394
65.33684_-148.35452,65.33684,-148.35452,0.8529350663153901,1.2176123328148376,0.36467726649944754,42.755572012629706
65.33749_-147.65573,65.33749,-147.65573,0.7500055667565321,1.075824785374836,0.3258192186183039,43.442240039275845
65.33905_-146.42987,65.33905,-146.42987,0.7358736936507104,1.0170607557437332,0.2811870620930228,38.21132138832659
65.33965_-147.04282,65.33965,-147.04282,0.7284244455992203,1.0391865010646972,0.31076205546547697,42.66222218967903
65.34019_-144.84799,65.34019,-144.84799,0.8620578790788,1.236206956878285,0.3741490777994849,43.40185118420386
65.34099_-148.44064,65.34099,-148.44064,0.8348401177527366,1.199558199951098,0.36471808219836144,43.687177274150095
65.34146_-145.90262,65.34146,-145.90262,0.6318588141451924,0.8447612096502819,0.2129023955050895,33.69461511637115
65.34184_-145.37527,65.34184,-145.37527,0.6801325678725114,0.9118910792386321,0.2317585113661207,34.07549091364245
65.34209_-147.74171,65.34209,-147.74171,0.7346451053656047,1.0277163907437863,0.2930712853781816,39.892906552794805
64.59828_-148.13158,64.59828,-148.13158,0.9506796667511067,1.3867283958183618,0.4360487290672551,45.867051154825546
64.59914_-146.85927,64.59914,-146.85927,0.9194266230004855,1.3355735664901514,0.41614694348966585,45.261572057985326
64.59942_-145.24197,64.59942,-145.24197,0.8459198607937708,1.2363293716282975,0.3904095108345267,46.15206817205888
64.59958_-145.75339,64.59958,-145.75339,0.878910320987452,1.3801746290872443,0.5012643080997923,57.03247488738372
64.60258_-147.53711,64.60258,-147.53711,0.9599670764076477,1.350900165769515,0.3909330893618673,40.72359344080865
64.60258_-148.21506,64.60258,-148.21506,0.9561816731261419,1.4106366457297863,0.4544549726036444,47.528099039782745
64.60323_-146.34790,64.60323,-146.3479,0.7790767145863758,1.0491622106368956,0.2700854960505198,34.667381400804985
64.60371_-144.81332,64.60371,-144.81332,0.5420980315522934,0.7634985902820753,0.22140055872978193,40.84142458436958
64.60422_-146.94250,64.60422,-146.9425,0.8651997862206222,1.1855044329162252,0.320304646695603,37.02088833086312
64.60535_-145.83640,64.60535,-145.8364,0.8270267389771675,1.1785303581189672,0.35150361914179973,42.502086398866
65.40113_-146.84662,65.40113,-146.84662,0.6859505549771393,0.9543359356521164,0.2683853806749771,39.12605343455427
65.40130_-145.70351,65.4013,-145.70351,0.650893848040341,0.8525436548196341,0.20164980677929312,30.98044441292604
65.40448_-148.24808,65.40448,-148.24808,0.7375960936215081,1.0237473362850746,0.2861512426635665,38.79511363171655
65.40459_-147.54730,65.40459,-147.5473,0.7600228796357633,1.0959329444363108,0.3359100648005475,44.19736218487666
65.40501_-144.73178,65.40501,-144.73178,0.762386147425185,1.036497229629737,0.27411108220455205,35.95436290786636
65.40514_-146.31802,65.40514,-146.31802,0.6112184312611271,0.8182361298511658,0.2070176985900387,33.8696753896801
65.40623_-146.93266,65.40623,-146.93266,0.6863203618866023,0.9410405709693979,0.2547202090827956,37.11389363162766
65.40709_-145.26051,65.40709,-145.26051,0.6003462943563422,0.805519062275893,0.20517276791955075,34.17573654544258
65.40711_-145.78929,65.40711,-145.78929,0.6346017554828169,0.8315595148235488,0.1969577593407319,31.036434683494175
65.40871_-148.33441,65.40871,-148.33441,0.7198312127960691,0.9879417967320478,0.26811058393597875,37.246312631338405
65.26433_-145.84460,65.26433,-145.8446,0.6648719097905649,0.9576002521225904,0.2927283423320255,44.02778009139161
65.26449_-145.31900,65.26449,-145.319,0.811919070296585,1.1573069722794047,0.34538790198281966,42.539695718275624
65.26500_-148.37453,65.265,-148.37453,0.8248856012580212,1.1477541976258023,0.3228685963677811,39.14101493290449
65.26577_-147.67783,65.26577,-147.67783,0.7874559684521439,1.1701671999204737,0.38271123146832975,48.600969044733105
65.26752_-146.45563,65.26752,-146.45563,0.7572437087839683,1.0472965067888147,0.2900527980048464,38.30375804252402
65.26801_-147.06676,65.26801,-147.06676,0.7931699812681219,1.1591786372431887,0.3660086559750668,46.145046411097326
65.26902_-144.87845,65.26902,-144.87845,0.8530406341052921,1.286188638290695,0.433148004185403,50.776948584601534
65.26915_-148.46039,65.26915,-148.46039,0.8565329815402772,1.2012059264029258,0.34467294486264854,40.24047553228291
65.27004_-145.92995,65.27004,-145.92995,0.6649913431962313,0.9398010868222999,0.2748097436260686,41.32531144017846
65.27035_-147.76355,65.27035,-147.76355,0.7397599527481229,1.067924672064739,0.32816471931661617,44.36097386693103
65.38046_-147.11679,65.38046,-147.11679,0.7323517481403687,1.029550028700819,0.2971982805604503,40.58135743037603
65.38103_-148.51700,65.38103,-148.517,0.8131532068269373,1.172739247554251,0.3595860407273138,44.221191985515254
65.38218_-144.91815,65.38218,-144.91815,0.7672684298585433,1.06450316517304,0.2972347353144966,38.73934124583961
65.38255_-147.81689,65.38255,-147.81689,0.7269557695947286,1.0222595032233315,0.29530373362860285,40.62196710994289
65.38287_-145.97464,65.38287,-145.97464,0.6036646334242469,0.80822166311987,0.20455702969562306,33.885872779275985
65.38353_-145.44638,65.38353,-145.44638,0.6134030250497812,0.8073561480593183,0.19395312300953715,31.619198975061586
65.38509_-148.60327,65.38509,-148.60327,0.8569919021152332,1.2460253355149917,0.3890334333997585,45.39522864096423
65.38539_-147.20284,65.38539,-147.20284,0.7249463756956259,1.0076752681689318,0.2827288924733059,38.99997323278042
65.38550_-146.58868,65.3855,-146.58868,0.5752307579855126,0.7990157302793105,0.2237849722937979,38.90351292714323
65.38703_-147.90305,65.38703,-147.90305,0.7184431373589999,1.0325750036887684,0.3141318663297685,43.723970624107935
65.38848_-145.00369,65.38848,-145.00369,0.6974215633723777,0.9544622910034832,0.2570407276311055,36.855861810206534
65.38852_-146.06042,65.38852,-146.06042,0.6156331447874468,0.8268988663444152,0.21126572155696843,34.31682055226412
65.38909_-148.68961,65.38909,-148.68961,0.8610276832491287,1.2190524738096413,0.3580247905605126,41.58110099427804
65.38950_-145.53204,65.3895,-145.53204,0.6443007367942195,0.87950425544654,0.23520351865232048,36.505238193983494
65.39027_-147.28889,65.39027,-147.28889,0.7405343506020481,1.0271787219090873,0.28664437130703924,38.70777514560936
65.39076_-146.67462,65.39076,-146.67462,0.6499544515931608,0.9303387331720687,0.28038428157890793,43.139066267125834
65.39148_-147.98926,65.39148,-147.98926,0.7834604257392024,1.212805942090762,0.4293455163515596,54.80117466641254
65.39200_-144.56082,65.392,-144.56082,0.759664142788302,1.0360992346524807,0.2764350918641787,36.38911938762045
65.39304_-148.77596,65.39304,-148.77596,0.8513534554899038,1.1994459529170163,0.34809249742711246,40.886954200098444
65.39411_-146.14624,65.39411,-146.14624,0.6203127107623878,0.8446422781273017,0.22432956736491394,36.163948194645954
65.30001_-145.83084,65.30001,-145.83084,0.6593006572378131,0.8605923211609994,0.20129166392318631,30.531088011729285
65.30013_-145.30444,65.30013,-145.30444,0.7572070196780928,1.0455519110523117,0.2883448913742189,38.08006052252413
65.30091_-148.36455,65.30091,-148.36455,0.8350352049722882,1.1639038361215324,0.32886863114924414,39.38380432237681
65.30163_-147.66679,65.30163,-147.66679,0.7551934733208102,1.1045391793087156,0.3493457059879054,46.25910026098722
65.30329_-146.44278,65.30329,-146.44278,0.7973916330111419,1.1176364288202685,0.32024479580912657,40.16154453487372
65.30381_-147.05481,65.30381,-147.05481,0.713111811672361,1.0276262999426482,0.31451448827028716,44.104512521353485
65.30461_-144.86325,65.30461,-144.86325,0.861490887089188,1.2553499038403495,0.39385901675116153,45.71830331043145
65.30507_-148.45053,65.30507,-148.45053,0.8276589538855966,1.1590459404193896,0.33138698653379295,40.039074666930865
65.30575_-145.91629,65.30575,-145.91629,0.6671889093996568,0.8849201206208925,0.21773121122123573,32.63411728728411
65.30619_-145.38976,65.30619,-145.38976,0.7552261790153969,1.0325527351192179,0.27732655610382095,36.72099349963967
65.35838_-146.15959,65.35838,-146.15959,0.678896926273725,0.939656781476849,0.26075985520312395,38.40934390944465
65.35909_-145.10419,65.35909,-145.10419,0.7505627933999548,1.035010197348404,0.28444740394844925,37.897882289093815
65.35925_-147.38651,65.35925,-147.38651,0.7670698614529998,1.1034109370364402,0.3363410755834404,43.84751539401328
65.35974_-145.63190,65.35974,-145.6319,0.6368654090614421,0.8466261645571471,0.20976075549570505,32.93643405830952
65.35992_-148.08597,65.35992,-148.08597,0.8464416132074701,1.3112001279990404,0.46475851479157027,54.90733295004648
65.36018_-146.77304,65.36018,-146.77304,0.7038676352598977,1.011611176424832,0.3077435411649342,43.72179167625775
65.36295_-144.66187,65.36295,-144.66187,0.7985664986472261,1.0986498688238475,0.30008337017662146,37.577755977111934
65.36390_-146.24533,65.3639,-146.24533,0.6885838850285569,0.9395711953858832,0.25098731035732624,36.44977987640784
65.36402_-147.47250,65.36402,-147.4725,0.7755707143573803,1.1109772010388745,0.3354064866814942,43.24640944693278
65.36427_-148.17210,65.36427,-148.1721,0.8379728736952448,1.2371090774711067,0.3991362037758619,47.63116042357958
65.36527_-145.18967,65.36527,-145.18967,0.7039129549386004,0.9588275968191873,0.2549146418805869,36.21394379690342
65.36533_-146.85892,65.36533,-146.85892,0.6996925232209381,0.9885682343047173,0.2888757110837792,41.286093747862225
65.36561_-145.71753,65.36561,-145.71753,0.6306863206288552,0.8312173618250716,0.20053104119621634,31.79568584843691
65.36853_-148.25827,65.36853,-148.25827,0.8065942522776121,1.1568858796360941,0.35029162735848207,43.42848047445786
65.36873_-147.55856,65.36873,-147.55856,0.7717241110298477,1.1027081711770559,0.33098406014720816,42.88891009320905
65.36938_-146.33112,65.36938,-146.33112,0.6705393341396105,0.9058012309331169,0.2352618967935064,35.08547296414432
65.36941_-144.74725,65.36941,-144.74725,0.8185654364867819,1.144320174483782,0.32575473799700017,39.79580904308808
65.37042_-146.94485,65.37042,-146.94485,0.7045431776604283,1.0007867761478446,0.2962435984874163,42.047614380590616
65.37141_-145.27519,65.37141,-145.27519,0.6415146301914293,0.8549712423545546,0.21345661216312528,33.27384943651705
65.37141_-145.80319,65.37141,-145.80319,0.6258549781652563,0.8280805569920056,0.2022255788267493,32.31189107412546
65.41699_-148.50717,65.41699,-148.50717,0.7680691705245024,1.0749578840304512,0.3068887135059488,39.95586924760687
65.41779_-144.90294,65.41779,-144.90294,0.7294506063714548,0.9821920926570099,0.25274148628555515,34.64819743488605
65.41842_-147.80600,65.41842,-147.806,0.7544456908417378,1.0964996041252475,0.34205391328350965,45.33844084945052
65.41859_-145.96100,65.41859,-145.961,0.5682749735670694,0.776651630895728,0.20837665732865862,36.66827979783724
65.41922_-145.43195,65.41922,-145.43195,0.6116415460799339,0.8304406169047601,0.2187990708248262,35.772434398403654
65.42106_-148.59360,65.42106,-148.5936,0.8541448267973406,1.2388613035965759,0.38471647679923526,45.04112941147805
65.42122_-147.19104,65.42122,-147.19104,0.7272780323819447,0.9968846194215952,0.26960658703965057,37.070635305269505
65.42128_-146.57599,65.42128,-146.57599,0.5295315729749299,0.7502552572867172,0.22072368431178724,41.68281847138077
65.42293_-147.89230,65.42293,-147.8923,0.7408398563188106,1.0796370057510953,0.3387971494322848,45.73149602341156
65.42410_-144.98859,65.4241,-144.98859,0.6988871297122566,0.9495074246765172,0.2506202949642605,35.85990989238063
65.42425_-146.04691,65.42425,-146.04691,0.5772857913890015,0.7859528753024264,0.20866708391342492,36.14623588974071
65.42507_-148.68004,65.42507,-148.68004,0.8644886855872382,1.2428293452806516,0.37834065969341335,43.764674541276435
65.42520_-145.51773,65.4252,-145.51773,0.660560769176834,0.8997134721135582,0.2391527029367242,36.20449686025818
65.42612_-147.27722,65.42612,-147.27722,0.7184786366308191,0.98817282111343,0.26969418448261084,37.53684114357177
65.42655_-146.66205,65.42655,-146.66205,0.6606435330308884,0.945427937011226,0.28478440398033755,43.1071205183541
65.42738_-147.97864,65.42738,-147.97864,0.8561742832657281,1.3702921546261877,0.5141178713604596,60.04827304546526
65.42757_-144.54504,65.42757,-144.54504,0.8596476706340881,1.2788842922522516,0.41923662161816355,48.76842408110392
65.42902_-148.76651,65.42902,-148.76651,0.8690053769819874,1.2568751749075309,0.38786979792554344,44.6337627130221
65.42986_-146.13286,65.42986,-146.13286,0.5798892581570274,0.795833520607169,0.21594426245014164,37.23887956408159
65.43037_-145.07428,65.43037,-145.07428,0.6625875023172274,0.8978105742276501,0.2352230719104227,35.500680451682406
65.59263_-148.37057,65.59263,-148.37057,0.7704734622818767,1.1175623046309484,0.34708884234907167,45.048773168788216
65.59335_-147.66422,65.59335,-147.66422,0.9368433594289297,1.4622157259369561,0.5253723665080264,56.07899775564156
65.59490_-146.42511,65.5949,-146.42511,0.6178424926900212,0.8703754823343948,0.25253298964437354,40.87336054612746
65.59550_-147.04469,65.5955,-147.04469,0.5747150637610368,0.8103239215300131,0.23560885776897633,40.99576862090762
65.59592_-144.82614,65.59592,-144.82614,0.8620094527428261,1.1619603465682555,0.2999508938254294,34.796705868017604
65.43095_-147.36345,65.43095,-147.36345,0.7231083621831447,1.0212913218306605,0.29818295964751584,41.236275950020584
65.43114_-145.60358,65.43114,-145.60358,0.6398263945377765,0.8429545009581267,0.20312810642035029,31.747378375519215
65.43178_-146.74814,65.43178,-146.74814,0.7172349984499544,1.0115963614459031,0.2943613629959487,41.041132074160494
65.43178_-148.06500,65.43178,-148.065,0.9012194704715497,1.3863483461972232,0.48512887572567354,53.83027016402975
65.43411_-144.63065,65.43411,-144.63065,0.8014001699986935,1.1479740605839068,0.3465738905852134,43.24604655197145
65.43540_-146.21884,65.4354,-146.21884,0.5789820922823807,0.7919553116501621,0.21297321936778135,36.78407712546491
65.43573_-147.44971,65.43573,-147.44971,0.7679157162317863,1.12161368877101,0.35369797253922364,46.05947828165872
65.43611_-148.15140,65.43611,-148.1514,0.7803436368134195,1.0958760853857081,0.3155324485722887,40.435063949618986
65.43658_-145.16000,65.43658,-145.16,0.6442574750298564,0.873278034074371,0.22902055904451457,35.54798631306547
65.43694_-146.83427,65.43694,-146.83427,0.6756124165937696,0.9274978738050053,0.2518854572112357,37.28253818678538
65.43703_-145.68944,65.43703,-145.68944,0.6176636920910076,0.813441948405538,0.19577825631453039,31.696578384225976
65.44040_-148.23785,65.4404,-148.23785,0.7233935622991818,0.9807249393798436,0.2573313770806618,35.57280441683478
65.44046_-147.53601,65.44046,-147.53601,0.782027432189486,1.170210016224194,0.38818258403470796,49.63797535182256
65.44059_-144.71628,65.44059,-144.71628,0.7743050018966703,1.0929481108960608,0.3186431089993905,41.15214395088111
65.44090_-146.30487,65.4409,-146.30487,0.5859670398971837,0.7847517627049129,0.1987847228077292,33.92421574473008
65.44205_-146.92044,65.44205,-146.92044,0.6796068078514805,0.9282550186568739,0.24864821080539334,36.58706886581576
65.44273_-145.24579,65.44273,-145.24579,0.6315775287515442,0.8604353530316058,0.22885782428006163,36.23590356871165
65.44286_-145.77536,65.44286,-145.77536,0.5976848887331966,0.7936178667417845,0.1959329780085879,32.78198624426848
65.44463_-148.32431,65.44463,-148.32431,0.7240900544953283,0.9803621025905449,0.25627204809521664,35.39228946789381
65.44513_-147.62234,65.44513,-147.62234,0.7668330981732938,1.1417755347696779,0.37494243659638404,48.89492087516183
65.49698_-148.66083,65.49698,-148.66083,0.8195845310749226,1.1582150277851444,0.33863049671022183,41.31733626866926
65.49782_-147.25377,65.49782,-147.25377,0.5737593097431654,0.7776974422648244,0.20393813252165904,35.54419580798591
65.49817_-146.63673,65.49817,-146.63673,0.6252827973387117,0.8879737983224734,0.26269100098376164,42.01155094971589
65.49876_-144.51338,65.49876,-144.51338,0.8829244643391094,1.2070081671718635,0.3240837028327541,36.70571106842517
65.49919_-147.95731,65.49919,-147.95731,0.9025436462753239,1.4075997234969955,0.5050560772216716,55.95918594141901
65.50095_-148.74756,65.50095,-148.74756,0.7852752774092127,1.0955596646610637,0.31028438725185103,39.51281750210501
65.50137_-146.10596,65.50137,-146.10596,0.6981098259174371,0.9603571045465569,0.2622472786291198,37.56533268737215
65.50165_-145.04419,65.50165,-145.04419,0.771873670308934,1.0977192414063204,0.32584557109738643,42.214883553026276
65.50253_-145.57507,65.50253,-145.57507,0.5410080133560771,0.7269591734158471,0.18595116005977008,34.37123951385577
65.50266_-147.34024,65.50266,-147.34024,0.5230940224165347,0.7387237034781787,0.21562968106164404,41.22197383665383
65.48264_-144.78650,65.48264,-144.7865,0.8885976204560033,1.3074496256645844,0.4188520052085811,47.136296065438266
65.48294_-146.99454,65.48294,-146.99454,0.6156178901236768,0.8535888971976384,0.23797100707396157,38.65563540171867
65.48434_-145.84746,65.48434,-145.84746,0.6148102409326953,0.8420470346401987,0.22723679370750338,36.960476351658485
65.48450_-145.31696,65.4845,-145.31696,0.6808954139669766,0.9477931065630268,0.26689769259605023,39.19804526822599
65.48476_-148.40079,65.48476,-148.40079,0.780244476337625,1.084593404467166,0.30434892812954095,39.00686738060854
65.48563_-147.69763,65.48563,-147.69763,0.7762188804226242,1.1516996273381603,0.3754807469155361,48.37304997156213
65.48754_-146.46414,65.48754,-146.46414,0.5307140810907232,0.7443053637963978,0.21359128270567462,40.24601764224948
65.48795_-147.08090,65.48795,-147.0809,0.6445625280250794,0.8975406782497273,0.25297815022464787,39.24803866581656
65.48888_-148.48744,65.48888,-148.48744,0.7907462991129887,1.1045350630226016,0.31378876390961297,39.68260923403653
65.48902_-144.87236,65.48902,-144.87236,0.860510625381246,1.2568635517375732,0.39635292635632724,46.06020131136958
65.53369_-147.24199,65.53369,-147.24199,0.5137587850530099,0.7216524230989183,0.20789363804590844,40.465222998465684
65.53397_-146.62402,65.53397,-146.62402,0.6190822957912789,0.8658978549859975,0.24681555919471854,39.8679724606325
65.53510_-147.94659,65.5351,-147.94659,0.922076431233172,1.4470497972950174,0.5249733660618454,56.933823301367056
65.53693_-148.73804,65.53693,-148.73804,0.7564671171708189,1.037253614222259,0.2807864970514401,37.11813648973658
65.53712_-146.09244,65.53712,-146.09244,0.7022914157592406,0.9434881504369728,0.24119673467773217,34.344252153071906
65.53732_-145.02908,65.53732,-145.02908,0.8601246380866452,1.2753818028331412,0.415257164746496,48.278719892298305
65.53822_-145.56076,65.53822,-145.56076,0.5826253046660086,0.8096803042903952,0.22705499962438658,38.971015815138074
65.53856_-147.32861,65.53856,-147.32861,0.5430332728979674,0.7702709821652052,0.22723770926723774,41.84600108471333
65.53922_-146.71049,65.53922,-146.71049,0.6216592997664474,0.8515570259439502,0.22989772617750281,36.98130571904476
65.53953_-148.03336,65.53953,-148.03336,0.874048869632911,1.3291665739118572,0.45511770427894627,52.070052383923304
65.44634_-146.39096,65.44634,-146.39096,0.5504536422245405,0.7482505570656826,0.19779691484114204,35.93343738117313
65.44703_-144.80194,65.44703,-144.80194,0.7643850901748801,1.0682551780677976,0.3038700878929175,39.753534154282946
65.44711_-147.00665,65.44711,-147.00665,0.6852019627054298,0.9570555285759664,0.27185356587053666,39.67495434443279
65.44862_-145.86130,65.44862,-145.8613,0.5685324780822244,0.7798241741154615,0.21129169603323705,37.16440206652167
65.44881_-148.41080,65.44881,-148.4108,0.7408546712442211,1.0117843886918307,0.27092971744760963,36.569887180788015
65.44884_-145.33160,65.44884,-145.3316,0.5977160071307,0.8120307752109518,0.21431476808025174,35.855617972999745
65.44975_-147.70871,65.44975,-147.70871,0.7797096009937814,1.1569162269852575,0.37720662599147614,48.37783522361482
65.45173_-146.47707,65.45173,-146.47707,0.49220401023600646,0.6984927728883467,0.2062887626523402,41.91123159549777
65.45212_-147.09290,65.45212,-147.0929,0.6871240248291353,0.9610930773720794,0.2739690525429441,39.871848842873895
65.45294_-148.49731,65.45294,-148.49731,0.7610739726390837,1.0385980736830032,0.27752410104391945,36.464799877675866
65.46088_-145.50339,65.46088,-145.50339,0.6267659254144324,0.8247490980234993,0.19798317260906684,31.58805617554204
65.46103_-148.67044,65.46103,-148.67044,0.8429957600820335,1.213916348253806,0.37092058817177254,44.00029107331187
65.46197_-147.26550,65.46197,-147.2655,0.6476620649468711,0.8973631962953249,0.24970113134845384,38.55423142143384
65.46235_-146.64940,65.46235,-146.6494,0.6387274827543713,0.9033458950421868,0.26461841228781546,41.42900054131176
65.46314_-144.52924,65.46314,-144.52924,0.966355182141896,1.442056408388263,0.475701226246367,49.226333654256415
65.46329_-147.96799,65.46329,-147.96799,0.8969676652900306,1.4104986739705725,0.5135310086805419,57.25189753796687
65.46499_-148.75706,65.46499,-148.75706,0.8138891863698496,1.159093905499598,0.34520471912974826,42.41421619931432
65.46562_-146.11942,65.46562,-146.11942,0.6304458486965839,0.852382234139068,0.22193638544248406,35.203084595025366
65.46600_-145.05925,65.466,-145.05925,0.7220590239307538,0.9781763899440447,0.2561173660132908,35.470419664452905
65.46680_-147.35187,65.4668,-147.35187,0.6109023791735009,0.8466064996900087,0.2357041205165078,38.58294361783228
65.49007_-145.93358,65.49007,-145.93358,0.6723434642428887,0.9308946640817213,0.25855119983883257,38.45522617372082
65.49020_-147.78415,65.4902,-147.78415,0.7883066025218469,1.1713204800208437,0.38301387749899674,48.58691735851369
65.49057_-145.40295,65.49057,-145.40295,0.6084897887756096,0.8263937542070808,0.21790396543147128,35.81061990702146
65.49288_-146.55042,65.49288,-146.55042,0.569840466182548,0.806474071987326,0.236633605804778,41.52629022470521
65.49291_-147.16733,65.49291,-147.16733,0.6505961423531712,0.8962888019604985,0.24569265960732734,37.76423553921949
65.49297_-148.57411,65.49297,-148.57411,0.816916438307662,1.1525225054897952,0.33560606718213315,41.082055819243934
65.49473_-147.87073,65.49473,-147.87073,0.8244782733814604,1.2570322719483245,0.43255399856686405,52.46396570194819
65.49536_-144.95825,65.49536,-144.95825,0.8305826438112112,1.198592000636133,0.36800935682492186,44.30737381367305
65.49574_-146.01974,65.49574,-146.01974,0.7062864813200171,0.9783180962050104,0.2720316148849933,38.515761249822965
65.49657_-145.48898,65.49657,-145.48898,0.5802139174699247,0.7739171984895343,0.19370328101960965,33.38480432600968
65.45341_-144.88766,65.45341,-144.88766,0.7563490567929869,1.0400357588223277,0.28368670202934076,37.50737830390208
65.45432_-147.79510,65.45432,-147.7951,0.7559445898414296,1.1074692069784229,0.35152461713699323,46.501373494945
65.45434_-145.94730,65.45434,-145.9473,0.5932725661390108,0.8137774631089063,0.2205048969698955,37.16755325548436
65.45490_-145.41748,65.4549,-145.41748,0.6116436798430802,0.8270220755040657,0.2153783956609855,35.213050139951044
65.45701_-148.58386,65.45701,-148.58386,0.8191855092493382,1.1474247198793082,0.32823921062996997,40.068971792573876
65.45706_-146.56320,65.45706,-146.5632,0.5501763976895679,0.7857168638255982,0.2355404661360303,42.811808562702446
65.45706_-147.17920,65.45706,-147.1792,0.69005836627879,0.9569330404826577,0.2668746742038677,38.67421760901422
65.45883_-147.88153,65.45883,-147.88153,0.7836313548512138,1.1697582810772813,0.3861269262260675,49.27405263146731
65.45974_-144.97343,65.45974,-144.97343,0.7645132837608538,1.0530856066467682,0.2885723228859144,37.74588735284582
65.46001_-146.03334,65.46001,-146.03334,0.6363670090671016,0.865190222624679,0.2288232135575774,35.9577429843553
65.50341_-146.72308,65.50341,-146.72308,0.6376633812564352,0.8860222394671473,0.24835885821071213,38.94827043719405
65.50361_-148.04395,65.50361,-148.04395,0.8702458586082631,1.3216163039823063,0.45137044537404325,51.86700297498634
65.50531_-144.59921,65.50531,-144.59921,0.877735818486401,1.2096863315418842,0.3319505130554832,37.81895486820972
65.50694_-146.19220,65.50694,-146.1922,0.6810881359439276,0.918429571468166,0.23734143552423836,34.84738949318273
65.50746_-147.42676,65.50746,-147.42676,0.6698537255351963,0.9770910575252085,0.30723733199001224,45.866331749448335
65.50787_-145.13017,65.50787,-145.13017,0.7622036899565721,1.0833059986143365,0.32110230865776446,42.12814932397662
65.50795_-148.13058,65.50795,-148.13058,0.7973734707413772,1.1339129019701994,0.33653943122882224,42.205998014445676
65.50842_-145.66119,65.50842,-145.66119,0.5511588946000474,0.7610122483064579,0.20985335370641045,38.07492825797398
65.50858_-146.80948,65.50858,-146.80948,0.6192635801397703,0.8362904470673977,0.2170268669276274,35.04596005446397
65.51182_-144.68509,65.51182,-144.68509,0.8944635058990182,1.2530847349954906,0.3586212290964723,40.093444476085686
65.51880_-146.98238,65.5188,-146.98238,0.5364587882173014,0.7423172358031878,0.20585844758588634,38.37358099211528
65.52007_-145.83356,65.52007,-145.83356,0.693527680150062,0.9825592342219136,0.28903155407185155,41.67556138628992
65.52017_-145.30228,65.52017,-145.30228,0.780975618809537,1.092468879927938,0.31149326111840103,39.88514540226223
65.52071_-148.39075,65.52071,-148.39075,0.7922790498859476,1.1294440063782183,0.33716495649227074,42.55633877240693
65.52152_-147.68652,65.52152,-147.68652,0.8394754914594718,1.266666866219714,0.42719137476024227,50.88789120186795
65.52332_-146.45117,65.52332,-146.45117,0.5499951589617147,0.7567277306657076,0.20673257170399295,37.58807115580151
65.52382_-147.06888,65.52382,-147.06888,0.5774669728775199,0.7886382501521838,0.2111712772746639,36.56854628800617
65.52467_-144.85699,65.52467,-144.85699,0.8972467077699682,1.2701930655657474,0.3729463577957792,41.56564237752471
65.52484_-148.47754,65.52484,-148.47754,0.8351893833891006,1.2448194003350246,0.40963001694592394,49.04636302771155
65.52580_-145.91982,65.5258,-145.91982,0.7068068492553756,0.9846394967842628,0.27783264752888714,39.30814306929611
65.54822_-146.26523,65.54822,-146.26523,0.6562624784667666,0.8581521613706315,0.201889682903865,30.763557193692094
65.54955_-146.88358,65.54955,-146.88358,0.5040332437449516,0.7406953066388478,0.23666206289389613,46.95366145603894
65.54974_-145.20132,65.54974,-145.20132,0.8197248263554875,1.187779876484811,0.3680550501293236,44.89982958863202
65.54999_-145.73331,65.54999,-145.73331,0.7340186388919605,1.0716290135956779,0.33761037470371735,45.99479588329771
65.55245_-148.29379,65.55245,-148.29379,0.7520008825425228,1.075435150539819,0.32343426799729613,43.009825587406425
65.55280_-147.58864,65.5528,-147.58864,0.8053078574108827,1.2200992941091529,0.4147914366982701,51.507188571567106
65.55369_-146.35168,65.55369,-146.35168,0.5951538745182758,0.791714946514991,0.19656107199671513,33.02693310294146
65.55389_-144.75549,65.55389,-144.75549,0.8301089667000618,1.092502736368402,0.26239376966834005,31.609557322508618
65.55463_-146.97017,65.55463,-146.97017,0.48031886918143896,0.6714090396223436,0.1910901704409046,39.784023219108825
65.55579_-145.81963,65.55579,-145.81963,0.6774850063060331,0.9567108542959378,0.2792258479899047,41.21505943170246
65.56447_-146.52469,65.56447,-146.52469,0.5687734642757967,0.7876757534644232,0.21890228918862653,38.48672677923691
65.56464_-147.14346,65.56464,-147.14346,0.5316816414083829,0.7492159688076622,0.21753432739927925,40.914395092342836
65.56488_-148.55453,65.56488,-148.55453,0.8070513366288528,1.1622748462492478,0.35522350962039506,44.01498312414734
65.56657_-147.84900,65.56657,-147.849,0.8220210676869029,1.2698448932939213,0.4478238256070184,54.4783878674979
65.56666_-144.92773,65.56666,-144.92773,0.8682105409005976,1.202393060970025,0.3341825200694275,38.49095401707274
65.56724_-145.99242,65.56724,-145.99242,0.7113688708375304,0.9569277399211704,0.24555886908364,34.51920362983148
65.56798_-145.46007,65.56798,-145.46007,0.7583686954423907,1.084847434846632,0.3264787394042412,43.05013397392299
65.56892_-148.64151,65.56892,-148.64151,0.7839847077154104,1.0985814276740775,0.3145967199586671,40.12791536143929
65.56955_-147.23016,65.56955,-147.23016,0.5740642625626499,0.8308076962712883,0.2567434337086384,44.723814118392184
65.56978_-146.61127,65.56978,-146.61127,0.5643129002667813,0.7597444298467033,0.19543152957992205,34.63176714328717
65.46684_-145.58934,65.46684,-145.58934,0.5935032830579933,0.7743985779500184,0.18089529489202516,30.4792408156484
65.46758_-146.73563,65.46758,-146.73563,0.6604354869827013,0.9271603976679679,0.2667249106852666,40.38621726761525
65.46769_-148.05449,65.46769,-148.05449,0.8528998865949662,1.2829622606264715,0.43006237403150527,50.42354686532368
65.46970_-144.61494,65.4697,-144.61494,0.9247077724909203,1.3875000174876528,0.46279224499673255,50.04740511157287
65.47118_-146.20554,65.47118,-146.20554,0.6259327226692443,0.8315112599128622,0.20557853724361796,32.84355167867616
65.47160_-147.43826,65.4716,-147.43826,0.7184653665660484,1.0535009714021055,0.3350356048360571,46.63211623371373
65.47204_-148.14102,65.47204,-148.14102,0.7800523713217076,1.1010339357323686,0.32098156441066106,41.14871977977521
65.47223_-145.14511,65.47223,-145.14511,0.6758539153138897,0.9353739589102366,0.25952004359634684,38.398837043921965
65.47272_-145.67534,65.47272,-145.67534,0.5524062749960691,0.742293634093392,0.1898873590973229,34.37458401403462
65.47276_-146.82190,65.47276,-146.8219,0.6489650252157946,0.8912171145413498,0.2422520893255552,37.32898999372135
65.51221_-147.51334,65.51221,-147.51334,0.7848794038310325,1.1821596911718162,0.3972802873407837,50.616729831569074
65.51226_-148.21729,65.51226,-148.21729,0.8074465036506365,1.1277942471818139,0.32034774353117734,39.67417557482971
65.51245_-146.27847,65.51245,-146.27847,0.6809886296181498,0.9012130017576303,0.22022437213948054,32.33892058711271
65.51373_-146.89590,65.51373,-146.8959,0.5703037121564614,0.7711336213221741,0.20082990916571275,35.21455408493213
65.51405_-145.21619,65.51405,-145.21619,0.8024245837132169,1.1645072311559197,0.3620826474427028,45.123573578362546
65.51427_-145.74736,65.51427,-145.74736,0.6533478249563377,0.9225017987633541,0.26915397380701644,41.1961230337001
65.51651_-148.30400,65.51651,-148.304,0.7829737927554756,1.0951080256726833,0.31213423291720765,39.86522100806608
65.51689_-147.59991,65.51689,-147.59991,0.7493064001876695,1.104075110930195,0.3547687107425255,47.34628059411623
65.51791_-146.36481,65.51791,-146.36481,0.6384416459280844,0.8482432547851653,0.20980160885708088,32.86151681914457
65.51827_-144.77103,65.51827,-144.77103,0.9045467913158585,1.2650686928058998,0.3605219014900414,39.856633725446585
65.54090_-144.58344,65.5409,-144.58344,0.8266493351752607,1.063136319857879,0.2364869846826182,28.607896313432562
65.54269_-146.17880,65.54269,-146.1788,0.660341225074978,0.8740206483386748,0.2136794232636967,32.358940370478095
65.54336_-147.41525,65.54336,-147.41525,0.664277162935828,0.9816307492036327,0.31735358626780474,47.77427314605161
65.54356_-145.11517,65.54356,-145.11517,0.8572966384087286,1.2807048426769485,0.4234082042682199,49.38876292039698
65.54388_-148.12013,65.54388,-148.12013,0.7827040773805636,1.0940687108284524,0.3113646334478888,39.7806326102091
65.54414_-145.64700,65.54414,-145.647,0.6557652594582803,0.9429197497172965,0.2871544902590162,43.7892197119791
65.54440_-146.79701,65.5444,-146.79701,0.5906927180130819,0.7852769868920118,0.19458426887892988,32.94170775178246
65.54742_-144.66943,65.54742,-144.66943,0.8253366669664864,1.0779594471968585,0.2526227802303721,30.608452325144313
65.54811_-147.50192,65.54811,-147.50192,0.7500098435418889,1.1373960963212557,0.3873862527793668,51.650822467869496
65.54819_-148.20695,65.54819,-148.20695,0.7411008683150311,1.0391873316362839,0.29808646332125277,40.22211767191462
65.47619_-144.70071,65.47619,-144.70071,0.8956040012644756,1.321812943028379,0.42620894176390334,47.58899481937912
65.47633_-147.52469,65.47633,-147.52469,0.8135845538455568,1.247493526390035,0.43390897254447824,53.33299046712819
65.47633_-148.22757,65.47633,-148.22757,0.7740592224042457,1.0560948201834233,0.2820355977791775,36.43591983868734
65.47669_-146.29169,65.47669,-146.29169,0.6259726077831362,0.8231899257542906,0.19721731797115438,31.50574250678377
65.47787_-146.90820,65.47787,-146.9082,0.6453615524519924,0.889777383619275,0.2444158311672826,37.87269790687823
65.47839_-145.23102,65.47839,-145.23102,0.7218718323592608,1.0153902559614223,0.2935184236021615,40.66073926764376
65.47856_-145.76138,65.47856,-145.76138,0.5813153015693895,0.7865272103157326,0.2052119087463431,35.30130863445846
65.48057_-148.31416,65.48057,-148.31416,0.7702894430999706,1.053590544740416,0.2833011016404453,36.778525809768574
65.48100_-147.61115,65.481,-147.61115,0.7714367521494454,1.1343669838790713,0.3629302317296259,47.046012614565946
65.48214_-146.37790,65.48214,-146.3779,0.5911885387446205,0.7972895801765061,0.20610104143188557,34.86215106090146
65.55588_-145.28754,65.55588,-145.28754,0.7835915504728331,1.1031390211773942,0.319547470704561,40.77985150704348
65.55665_-148.38068,65.55665,-148.38068,0.7938296470467758,1.1434963750194989,0.349666727972723,44.04808125692478
65.55745_-147.67538,65.55745,-147.67538,0.9256935868019409,1.452829869058263,0.5271362822563221,56.94500748108855
65.55911_-146.43817,65.55911,-146.43817,0.5474907515923906,0.75821417882038,0.21072342722798942,38.48894736853455
65.55965_-147.05679,65.55965,-147.05679,0.5179549828437686,0.7282812343040594,0.21032625146029083,40.60705243253385
65.56030_-144.84158,65.5603,-144.84158,0.8442829869904791,1.130916233320388,0.28663324632990883,33.949901957830306
65.56080_-148.46759,65.5608,-148.46759,0.7974315048027797,1.1604709719760549,0.3630394671732752,45.526100359310725
65.56154_-145.90601,65.56154,-145.90601,0.6755287386828264,0.9329636389534046,0.25743490027057825,38.10865260485222
65.56195_-145.37378,65.56195,-145.37378,0.7801641278698853,1.1047539450058552,0.3245898171359699,41.605324513216345
65.56203_-147.76218,65.56203,-147.76218,0.8760383468540675,1.3646780174123523,0.48863967055828483,55.77834261628316
65.52611_-147.77319,65.52611,-147.77319,0.8510612664980762,1.2940095799486295,0.4429483134505533,52.04658358771103
65.52625_-145.38840,65.52625,-145.3884,0.6999574105423745,0.9591617703339552,0.25920435979158074,37.031447326306846
65.52867_-146.53757,65.52867,-146.53757,0.5742179114759605,0.7952654674851884,0.22104755600922799,38.49541290710541
65.52879_-147.15543,65.52879,-147.15543,0.5671546364085847,0.7713723464975916,0.2042177100890069,36.00741261363614
65.52892_-148.56433,65.52892,-148.56433,0.8287306815042377,1.191299648760667,0.3625689672564294,43.749914821341804
65.53063_-147.85988,65.53063,-147.85988,0.8357520909413156,1.2783879298397491,0.4426358388984335,52.96257630655623
65.53102_-144.94301,65.53102,-144.94301,0.8817009143651768,1.2788759724940313,0.39717505812885445,45.04646095493956
65.53149_-146.00610,65.53149,-146.0061,0.731558269840179,0.9923423623472216,0.2607840925070426,35.64775401473012
65.53226_-145.47455,65.53226,-145.47455,0.6359635806036159,0.8598995434466348,0.22393596284301887,35.2120734068566
65.53295_-148.65118,65.53295,-148.65118,0.7778823235598944,1.079358370984763,0.30147604742486855,38.75599667121834
65.58538_-146.87122,65.58538,-146.87122,0.4957449872683958,0.6914245806502227,0.19567959338182694,39.471824911441054
65.58540_-145.18643,65.5854,-145.18643,0.8107129642610069,1.1524985528502443,0.34178558858923735,42.15864352197535
65.58573_-145.71919,65.58573,-145.71919,0.794047431816353,1.1587035501856098,0.3646561183692568,45.92371988851094
65.58842_-148.28357,65.58842,-148.28357,0.7365097836307805,1.0528682375203453,0.31635845388956485,42.95373407397374
65.58871_-147.57735,65.58871,-147.57735,0.893458623428689,1.424297684735655,0.530839061306966,59.41395016926989
65.58947_-146.33850,65.58947,-146.3385,0.5687118624953988,0.7901320333948108,0.2214201708994119,38.93362975195603
65.58950_-144.73990,65.5895,-144.7399,0.8429222051097061,1.116592682230366,0.27367047712065995,32.4668724422845
65.59048_-146.95793,65.59048,-146.95793,0.4842541774860619,0.6837364271952016,0.19948224970913964,41.19370755761446
65.59155_-145.27277,65.59155,-145.27277,0.7791572410850303,1.1068921443872481,0.3277349033022179,42.06274241202256
65.59155_-145.80566,65.59155,-145.80566,0.6922874212522667,0.971039242781524,0.27875182152925726,40.2653309842071
65.57104_-147.93585,65.57104,-147.93585,0.9032220646498517,1.4220884851832003,0.5188664205333486,57.44616311322016
65.57288_-146.07889,65.57288,-146.07889,0.6929974878512287,0.9254239836194355,0.23242649576820673,33.53929845963649
65.57290_-148.72850,65.5729,-148.7285,0.7725652012344013,1.058122190710589,0.2855569894761878,36.962186365620155
65.57295_-145.01392,65.57295,-145.01392,0.8904746287372542,1.2634028968624131,0.3729282681251589,41.87971853324932
65.57396_-145.54640,65.57396,-145.5464,0.7420835566452963,1.0851753208200352,0.34309176417473886,46.23357586923746
65.57443_-147.31693,65.57443,-147.31693,0.6516394710938599,0.9761283668818157,0.3244888957879558,49.79577054214654
65.57503_-146.69788,65.57503,-146.69788,0.5482559774029354,0.7437584047127159,0.1955024273097805,35.6589686875585
65.57548_-148.02274,65.57548,-148.02274,0.8397015841666035,1.2343957636305862,0.3946941794639828,47.00410085038882
65.57650_-144.56760,65.5765,-144.5676,0.8431141296463984,1.09554067162368,0.25242654197728154,29.939783132699848
65.57684_-148.81552,65.57684,-148.81552,0.7530577175577726,1.012783528831586,0.25972581127381345,34.48949598659255
65.57846_-146.16537,65.57846,-146.16537,0.626721837836969,0.8300192331636986,0.20329739532672964,32.438217890791606
65.57921_-145.10016,65.57921,-145.10016,0.8684824427072364,1.2480376572634038,0.37955521455616736,43.70326858572023
65.57923_-147.40369,65.57923,-147.40369,0.7146473186374565,1.0784177316885921,0.36377041305113567,50.90208884358495
65.57985_-148.10965,65.57985,-148.10965,0.7402809049758252,1.0328376172312217,0.2925567122553965,39.51968911922027
65.57987_-145.63277,65.57987,-145.63277,0.7887477465480464,1.1998014458873034,0.41105369933925706,52.114722500093734
65.58024_-146.78452,65.58024,-146.78452,0.540009598042736,0.7349299969725658,0.19492039892982982,36.095728601180156
65.58303_-144.65373,65.58303,-144.65373,0.8329233833958174,1.085810636071241,0.25288725267542356,30.36140630899395
65.58399_-146.25192,65.58399,-146.25192,0.5902052376696729,0.7909888879750104,0.2007836503053375,34.01929320351312
65.58399_-147.49051,65.58399,-147.49051,0.7965404862409988,1.2503385093480006,0.4537980231070018,56.97111834811396
65.58415_-148.19659,65.58415,-148.19659,0.7065959786354977,0.9674441388262501,0.2608481601907524,36.91616823159316
